Period-start,east scotland,north scotland,west scotland,northern ireland,east midlands,east of england,london,north east england,north west england,south east england,south west england,wales,west midlands,yorkshire and humber
1960-01-01,20.70969,18.58191,17.54812,14.73022,14.1549,14.10561,11.91332,18.00801,16.42819,14.48116,11.82624,13.27602,14.76011,15.22867
1960-02-01,21.4122,19.5334,19.82176,19.16804,15.92703,12.32855,7.35992,18.56539,17.51628,11.56896,11.931,15.81872,15.34238,16.1073
1960-03-01,9.48777,10.94917,6.27795,2.96731,4.07713,3.3588,0.95603,6.10209,4.61137,3.49791,1.4296,4.57214,3.38475,4.0815
1960-04-01,3.43042,3.28482,2.13386,1.37215,3.31894,2.38754,0.7858,2.99396,2.72674,3.72033,1.8122,2.35669,3.17592,2.35192
1960-05-01,1.62592,1.65754,0.6218,0.05834,0.09728,0.26602,0,0.95691,0.24422,0.01486,0.00013,0.42112,0.02253,0.32845
1960-06-01,0.00938,0.01203,0.00029,0,0,0,0,0.00023,0.00318,0,0,0,0,0
1960-07-01,0.02368,0.03949,0.00015,0,0,0.00334,0,0.0029,0.00735,0,0,0,0,0
1960-08-01,0.09799,0.06346,0.00083,7E-05,0,0.00146,0,0,0,0,0,0,0,0
1960-09-01,0.85044,1.27425,0.3144,0,0.00026,0.00469,0,0.00418,0.03575,0,0,0.00906,0,0
1960-10-01,0.51133,0.20064,1.18196,0.11782,0.69238,0.41434,0.13756,0.62822,1.05581,1.32869,0.89243,0.7128,0.80324,0.29298
1960-11-01,10.60399,8.9657,6.13743,3.25656,2.49002,1.53544,1.1853,6.81127,4.89841,3.79186,3.15515,4.04453,4.75127,3.16377
1960-12-01,20.88113,17.91756,16.39919,15.57871,12.56971,9.94086,4.19786,16.81394,15.67432,9.19904,10.58856,12.91928,12.59549,13.72206
1961-01-01,20.01582,19.41048,15.17829,11.46232,15.04547,10.30389,6.98304,17.38084,15.06916,10.92753,9.01312,12.9575,13.5416,15.96142
1961-02-01,8.69721,9.80031,4.37184,3.09534,1.28946,0.8231,0.0201,6.07596,3.77852,0.24414,0.06732,1.56954,1.15324,3.05913
1961-03-01,4.20748,4.45012,2.20334,0.73482,4.64953,4.96615,2.21043,3.78374,2.20219,7.3502,5.59929,4.46102,5.4082,2.73528
1961-04-01,5.09551,7.18566,3.4989,3.43495,0.52731,0.22905,0,3.27364,2.04528,0.00188,0.00017,0.67945,0.62064,1.96201
1961-05-01,2.295,3.20724,0.6581,0.11675,0.7603,0.25752,0.04523,0.9439,0.40523,1.09261,0.58587,1.03879,0.94387,0.24773
1961-06-01,0.38819,0.70193,0.07314,0.00244,0.0071,0.01403,0,0.00441,0.00516,0,0,0.00891,0,0
1961-07-01,0.06824,0.0303,0.00108,0,0,0.00339,0,0,0,0,0,0,0,0
1961-08-01,0.05894,0.02176,0.00044,0,0,0,0,0.00337,0.00756,0,0,0,0,0
1961-09-01,0.01692,0.00418,0,0,0.00339,0,0,0,0,0,0,0.02713,0,0
1961-10-01,0.97416,0.92923,0.07965,0.00769,0.93848,1.14107,0.23869,0.1547,0.03765,0.96149,0.66699,0.44102,1.43388,0.10685
1961-11-01,12.83087,12.46146,6.86619,5.0421,7.81798,7.09278,3.32789,7.71417,5.70074,6.7511,4.20252,3.80966,6.79279,6.81574
1961-12-01,21.95981,20.89347,20.27844,19.01731,21.29458,18.48172,16.67651,22.15029,20.40184,18.31033,15.24133,18.39138,19.49354,21.59537
1962-01-01,16.62861,13.94368,10.14957,11.74316,9.5951,9.74253,7.56156,12.42578,9.19498,8.91649,6.72614,7.05108,7.6547,9.2148
1962-02-01,15.59457,15.14065,10.75141,7.01839,10.11429,11.77184,8.48555,12.82358,9.77139,11.65059,9.37191,9.19222,10.29371,9.96415
1962-03-01,21.3974,20.78118,19.45105,18.45686,22.9897,20.33283,16.92651,22.36376,21.72201,19.93711,19.39476,22.15324,22.54198,21.85108
1962-04-01,11.32578,12.41493,7.77636,6.41411,2.72621,1.51306,0.08417,7.78037,4.71219,1.33952,1.20792,3.09956,2.49108,3.3857
1962-05-01,1.43869,1.90326,1.07965,0.26072,1.58589,1.23484,0.32915,0.64297,0.19894,1.62306,0.64536,0.5652,0.99039,0.30362
1962-06-01,0.54932,0.34264,0.45173,0.44155,0.84983,1.26821,0.0804,0.89803,0.44868,0.79767,0.13712,0.24561,0.46609,0.41701
1962-07-01,0.08915,0.06982,0.00269,0,0,5E-05,0,0.00836,0.00339,0,0,0,0,0
1962-08-01,0.13024,0.22957,0.00563,0.00108,0,5E-05,0,0.00581,0.01229,0,0,0,0,0
1962-09-01,0.29814,0.19118,0.02275,0,0,0.00647,0,0.04262,0.01604,0.01355,0.02079,0.11695,0.00108,0
1962-10-01,3.12156,2.35201,1.98385,0.4177,1.80794,0.9066,0.65641,2.17851,1.81554,0.96364,0.88049,0.91895,1.07666,1.92914
1962-11-01,13.01545,10.69166,10.10627,4.75458,9.85674,9.54232,6.9799,10.67108,9.03052,8.83586,7.41622,7.58891,8.8453,9.6239
1962-12-01,20.87575,13.73975,14.83121,9.76234,21.81894,21.70743,18.98869,23.31347,18.23963,21.09931,16.36068,16.39056,19.57504,22.47484
1963-01-01,27.02515,24.05376,26.46724,26.95998,28.34446,28.9103,27.8103,26.3338,27.47517,29.54442,29.01291,28.81231,29.26788,26.11398
1963-02-01,26.99564,24.29488,26.08141,22.61958,27.93624,27.11312,25.62312,27.73751,27.30208,26.36846,23.94622,26.29375,27.37921,27.97556
1963-03-01,11.312,9.70148,9.48212,8.59027,9.01682,7.50597,5.73932,10.07259,8.89721,7.50743,6.32895,7.22894,8.22789,8.92577
1963-04-01,6.46376,8.37654,3.92407,2.63977,1.73177,2.1988,1.24623,3.3101,1.85277,2.04662,0.77271,1.37592,0.74066,2.01362
1963-05-01,2.35227,2.69856,0.73164,0.17135,0.1989,0.13533,0,0.58688,0.1952,0.09716,0.01828,0.23357,0.13586,0.12591
1963-06-01,0.04309,0.01997,0,0,0,0,0,0,0,0,0,0,0,0
1963-07-01,0.0062,0.02612,5E-05,0,0,0,0,0,0,0,0,0,0,0
1963-08-01,0.05992,0.01483,0.00044,0,0,0,0,0.00046,0.00071,0,0,0,0,0
1963-09-01,0.43445,0.4246,0.0044,0.06502,0.00966,0,0,0.03159,0.01491,0,0,0,0,0
1963-10-01,1.00807,1.33055,0.12877,0.02637,0.00352,0.00188,0,0.21661,0.026,0,0.00172,5E-05,8E-05,6E-05
1963-11-01,10.35382,10.70106,8.3006,5.68424,3.28486,2.29716,0.64133,4.92056,4.54115,1.73723,0.81262,1.72581,2.37452,3.62351
1963-12-01,15.85411,15.33156,12.61035,11.3095,14.48107,16.794,14.92525,12.51034,13.82692,17.67722,16.0656,16.10062,16.46863,12.68834
1964-01-01,12.71331,10.23252,8.85792,4.11416,16.13322,17.46159,9.77136,11.3964,12.06683,11.00644,9.7201,11.53518,12.25188,14.14853
1964-02-01,13.01659,12.03603,10.64631,9.74596,11.415,8.85064,8.1941,12.98188,11.08972,9.38201,9.14873,10.64269,10.37967,11.42713
1964-03-01,13.33858,12.52266,11.37022,7.69473,11.07956,9.9139,7.47173,12.46992,12.1622,9.04877,8.49931,11.87698,11.87406,11.25071
1964-04-01,3.90148,4.97863,2.90719,2.38537,1.39556,1.54065,1.48807,2.25563,2.82282,2.60554,2.3995,3.94208,3.41389,1.45124
1964-05-01,0.06273,0.06588,0.00132,0.00014,0,0.00454,0,0.00662,0,0.00419,0.00625,0.00699,0.00415,0
1964-06-01,0.88309,1.6416,0.1367,0.00022,0.00102,0,0,0.00116,0.00572,0,0,0.00154,0,0.01271
1964-07-01,0.03669,0.03385,0.00117,0,0,0,0,0,0,0,0,0.00014,0,0
1964-08-01,0.31677,0.22187,0.13205,0.03334,0.00307,0.00714,0,0.0288,0.0053,0.00016,0.00138,0.00429,0,0
1964-09-01,0.87787,0.58937,0.6105,0.00079,0.05679,0.00887,0,0.67305,0.4633,0.00654,0,0.00024,0.03222,0.08843
1964-10-01,4.91158,3.99922,2.50316,1.2442,3.12324,1.80355,0.8103,3.48618,1.7699,2.57812,1.60184,1.71964,2.89074,2.77632
1964-11-01,11.05601,6.79318,6.2164,5.41684,5.13347,4.61346,2.12186,7.8453,5.6248,3.6431,2.78457,4.76031,3.94825,5.28631
1964-12-01,21.08964,17.84673,15.45946,11.43473,18.00665,16.62785,13.03455,18.42695,16.19873,16.01915,14.12949,14.71882,18.13655,17.6355
1965-01-01,21.14508,20.01997,17.2052,15.88828,16.55641,15.49278,12.54146,17.78931,16.48584,14.77355,13.5624,13.89403,15.96986,15.97154
1965-02-01,15.95561,11.71694,16.74661,11.58065,13.19423,12.54529,10.94724,12.62834,12.78629,15.4864,14.20092,14.16914,13.79256,10.85542
1965-03-01,19.64654,17.91063,14.56989,8.70501,13.72237,11.22383,9.81344,17.73914,13.4397,11.39384,10.43173,11.34922,12.34007,14.92006
1965-04-01,10.05483,7.97155,4.98943,1.47044,2.73222,1.89945,0.02073,6.40616,4.47312,1.93606,2.1746,4.1024,3.56213,3.07294
1965-05-01,2.42646,2.50012,1.54396,1.71981,1.35354,0.12115,0,1.80964,1.34928,0.39012,0.4529,1.28219,0.91934,1.1143
1965-06-01,0.19322,0.0897,0.01345,7E-05,0,0.00657,0,0.00151,0,0,0,0.00328,0,0
1965-07-01,0.11267,0.09307,0.02461,0,0.00179,0.00261,0,0.05052,0.00954,0,0,0.01128,0,0
1965-08-01,0.13199,0.08382,0.00651,0,0,0,0,0.00592,0,0,0,0.0001,0,0
1965-09-01,0.21503,0.0554,0.05397,0.02601,0.00051,0.00016,0,0.01394,0.00565,0,0.00013,0.01417,0,0
1965-10-01,2.65278,1.55474,1.00416,0.3488,0.28268,0.6775,0.11621,0.39419,0.12935,0.52224,0.03811,0.01662,0.12833,0.00953
1965-11-01,17.17646,15.79139,15.10818,11.88024,14.6139,12.63301,10.2098,16.28049,15.68732,12.71071,9.77019,11.85206,13.35299,16.01135
1965-12-01,21.03828,19.35643,12.03488,9.24722,10.91436,9.269,6.8191,14.7518,10.23561,8.48938,6.33092,7.391,8.68515,11.65716
1966-01-01,18.72232,18.6045,16.24424,12.82269,17.48842,16.02894,14.44033,16.3065,15.33296,15.66607,12.39925,13.85168,16.36452,16.81762
1966-02-01,16.61092,15.78136,12.99476,5.87363,9.25102,6.30926,1.99937,13.62915,10.13133,3.57064,3.13427,7.00785,7.69176,11.00616
1966-03-01,10.23076,10.94887,5.87079,3.82527,5.91078,6.95072,3.53832,8.1712,5.27679,6.47583,3.1935,4.47215,5.58957,5.92946
1966-04-01,13.69305,14.39592,10.41166,6.36059,3.82675,1.93351,0.81344,9.27677,6.80834,2.29092,2.1066,5.57508,4.27879,6.14244
1966-05-01,2.03159,2.25816,0.41915,0.00546,0.02648,0.02665,0,1.0144,0.41604,0.02355,0.00767,0.05281,0.00015,0.06237
1966-06-01,0.00359,0.0051,0.00024,0,0,0.00396,0,0.00163,0,0,0,0,0,0
1966-07-01,0.06754,0.07277,0.00127,0,0,0,0,0.00174,0,0,0,0,0,0
1966-08-01,0.17667,0.1996,0.0091,0.00079,0,0,0,0,0.00028,0,0,0.00082,0,0
1966-09-01,0.00583,0.00325,0,0,0,0,0,0.01754,0,0.00026,0,0.00106,0,0
1966-10-01,4.44668,3.25231,2.62175,1.56082,1.3293,0.12688,0,1.33415,1.92978,0.21625,0.57485,1.52303,2.03275,1.2572
1966-11-01,14.74739,12.771,11.19013,8.40635,6.49725,5.95781,2.34862,9.26109,5.64959,5.67628,4.92211,4.62221,5.17261,6.7229
1966-12-01,17.2961,15.77831,10.61094,5.48531,8.46514,8.36965,4.58417,12.65041,7.59004,6.25738,3.01291,3.26489,5.51353,9.47348
1967-01-01,14.86047,12.39735,10.10563,7.8326,10.98855,11.41992,9.07726,13.53763,9.96185,11.41571,9.00004,8.52906,9.32831,11.99981
1967-02-01,11.20826,8.03325,7.76564,5.92399,8.07483,8.01799,6.52324,8.85587,7.53698,9.31739,7.73586,7.32835,8.29679,6.35017
1967-03-01,10.21857,12.13104,5.56945,4.31051,2.17479,1.88803,0.93216,5.39768,3.07093,1.95924,2.45475,3.14852,2.66731,2.8632
1967-04-01,8.59893,9.54397,6.04477,3.6328,2.88507,3.60511,1.8706,4.46411,2.88209,3.11877,1.22004,2.37943,1.82001,3.05932
1967-05-01,4.14035,4.62062,2.98522,2.41885,1.8373,1.05033,0.92525,2.63984,2.18764,1.58586,1.56835,1.78571,1.88582,2.21836
1967-06-01,0.08972,0.02507,0.00132,0.00036,0,0.01095,0,0.03577,0.00346,0,0,0.01084,0,0
1967-07-01,0.00269,0.00224,0,0,0,0,0,0,0,0,0,0,0,0
1967-08-01,0.09918,0.07549,5E-05,0,0,0,0,0,0,0,0,0.00014,0,0
1967-09-01,0.08907,0.03922,0.0045,0,0,0.00141,0,0.00337,0.00049,5E-05,0,0.00347,0,0
1967-10-01,3.43054,4.16205,1.32096,0.18766,0.01931,0.00532,0,0.66945,0.29693,0.03872,0.00667,0.02727,0.00531,0.19969
1967-11-01,11.39899,7.37989,6.65429,5.66952,8.18381,8.04355,5.70729,11.01115,11.06182,6.63777,4.56403,8.00116,8.04283,9.5308
1967-12-01,14.93205,13.52615,12.75909,9.23493,13.3295,13.21857,12.04209,14.37944,13.15627,13.40833,10.30325,10.37649,12.21567,14.07702
1968-01-01,17.07191,15.3378,12.18103,8.8798,14.64115,14.38587,12.08731,15.53101,12.37436,13.75555,8.72639,9.97595,12.18392,14.61787
1968-02-01,25.62579,24.18709,22.8725,21.71313,20.65675,17.86926,14.6652,24.4928,23.07375,18.34146,18.99153,21.19911,21.96709,22.07988
1968-03-01,14.41395,13.6959,11.02803,8.00704,6.91782,5.42404,3.09171,9.98839,8.06259,5.60266,5.61287,7.31048,7.15408,7.45896
1968-04-01,11.91729,10.67175,9.68687,9.33005,9.53831,8.24787,5.84296,10.66539,10.24564,9.43151,8.62649,9.44825,9.25965,10.13596
1968-05-01,6.58112,7.28992,3.42668,2.89008,0.29483,0.1297,0.02073,4.00325,1.73465,0.15974,0.09809,1.55638,0.7402,0.86566
1968-06-01,0.1483,0.09205,0.00264,0,0,0,0,0,0,0,0,0.00588,0,0
1968-07-01,0.00106,0.00967,0.00064,0,0,0,0,0,7E-05,0,0,0,0,0
1968-08-01,0.01113,0.05994,0.00572,0,0,0,0,0.00081,0,0,0,0,0,0
1968-09-01,0.13065,0.1228,0.00905,0,0,0,0,0.00035,0.00064,0,0,0,0,0
1968-10-01,1.18657,0.64862,0.24355,0.00251,0,0,0,0.13635,0.00664,0,0,0,0,0
1968-11-01,9.76117,11.31335,7.56671,4.64947,4.06127,3.36699,2.67274,4.44053,5.91007,3.50194,4.29696,5.54588,4.95848,2.92609
1968-12-01,17.73806,18.08546,16.05671,13.53531,14.84983,13.26201,11.41646,16.79071,15.66669,13.76428,11.48833,13.52356,13.79248,15.12779
1969-01-01,14.29802,11.8672,9.67401,10.0107,8.1762,8.16772,5.45101,12.03345,9.14468,6.68282,4.5992,7.31105,8.20275,9.40768
1969-02-01,23.47599,23.14166,20.39312,17.96631,20.44903,19.7758,16.44033,22.16945,19.8178,18.43936,16.91784,18.24186,19.38082,20.98626
1969-03-01,23.82574,21.09089,20.48833,14.59458,15.61582,11.06117,8.12249,21.78931,17.03751,11.78689,12.14253,15.49205,16.4062,17.82274
1969-04-01,13.25848,10.86607,9.22222,7.98671,7.90541,6.0412,4.1941,11.26876,8.94956,6.78882,4.49051,7.04125,7.89074,7.8796
1969-05-01,2.05299,2.16972,1.64426,0.48689,0.02149,0.02508,0,0.92706,0.83864,0.00607,0.00306,1.03166,0.08888,0.32391
1969-06-01,0.29451,0.53779,0.13699,0.0092,0.00237,0.0134,0,0.03984,0.04634,0.00068,0,0.2406,0.006,0.06192
1969-07-01,0.00791,0.00131,0,0,0,0,0,0.00012,0,0,0,0,0,0
1969-08-01,0.06388,0.06322,0.01414,0,0,0,0,0.00488,0,0,0,0,0,0
1969-09-01,0.57443,0.687,0.02163,0.12982,0.41711,0.6484,0.03518,0.06249,0.01632,0.39253,0.19199,0.71906,0.76526,0.00395
1969-10-01,0.4936,0.39905,0.13939,0.20274,0,0.00344,0,0.28548,0.04896,0.27109,0.1261,0.0227,0.00284,0.00486
1969-11-01,21.24319,19.67554,16.18318,14.69193,9.97896,8.02117,6.11181,16.87944,12.74857,9.02998,7.09881,9.32257,9.15677,12.81127
1969-12-01,20.11707,15.25479,15.45315,12.44759,14.25006,11.8314,11.22111,18.09396,17.83893,13.14713,12.33318,16.04814,15.83954,15.12481
1970-01-01,16.21339,16.08856,11.72332,11.22473,11.72467,10.84136,9.08543,14.06539,12.17761,9.69187,8.8524,10.61671,11.29686,12.18076
1970-02-01,22.43384,22.06394,19.18783,17.38379,15.63603,14.97956,11.59862,19.23357,16.86613,14.09664,12.93154,14.45899,15.31286,17.22543
1970-03-01,20.92622,20.8644,16.99061,12.97809,18.14115,16.37278,13.10427,19.20662,16.81823,15.40723,13.52287,14.87327,15.59819,18.04065
1970-04-01,16.65755,14.59558,11.86218,8.45255,9.19455,7.25914,4.66771,14.08049,9.79272,8.26591,7.06552,8.37317,8.13863,9.83928
1970-05-01,0.41745,0.36649,0.07403,0,0,0,0,0.17317,0.03992,0,0,0.00173,0,6E-05
1970-06-01,0.13737,0.05955,0.00137,0,0,0,0,0.00314,0.00304,0,0,0.00077,0,0
1970-07-01,0.00974,0.03254,0.00024,0,0,0,0,0,0,0,0,0,0,0
1970-08-01,0.00073,0.00099,0,0,0,0,0,0,0,0,0,0,0,0
1970-09-01,0.3537,0.1188,0.01443,0.00014,0,0,0,0.02253,0.00127,0,0,0.00901,0,0
1970-10-01,2.48634,2.64814,0.50159,0.03571,1.52891,0.32626,0,1.09106,0.3083,0.71777,0.19162,0.51503,1.7079,0.6331
1970-11-01,9.70989,8.50484,5.00568,5.92133,3.67805,2.23369,1.05339,7.00546,3.88824,1.91126,1.24121,1.95596,2.35714,4.5448
1970-12-01,14.01447,12.64862,11.24032,8.09462,12.24635,12.53695,11.39322,10.94413,10.87672,14.08649,13.05391,12.74398,13.59334,10.65677
1971-01-01,13.65991,11.52412,9.11728,8.82492,9.05327,8.2279,6.58982,12.60395,8.72285,7.29003,5.68455,7.26499,7.49831,9.64263
1971-02-01,11.2182,10.05065,6.97754,7.60055,9.79445,8.52329,5.78894,10.8065,7.58728,9.8581,8.72329,8.54747,8.35522,9.35309
1971-03-01,15.23096,12.17124,10.98596,8.111,10.79925,10.77888,6.99812,12.82114,11.013,10.54945,7.85596,8.08221,8.89274,10.41221
1971-04-01,8.16248,6.99173,5.05808,3.90078,4.16315,3.08913,0.39761,5.93902,4.33649,2.92821,2.10476,3.59561,3.60018,5.07793
1971-05-01,2.06453,1.63522,0.91854,0.37747,2.08161,1.4243,0.17965,1.92753,0.87489,1.4257,0.5787,1.39562,1.40704,1.24961
1971-06-01,0.29631,0.2547,0.05098,0,0,0,0,0.34413,0.09601,0,0,0.15073,0.002,0.01413
1971-07-01,0.00228,0.00421,0.00245,0.00374,0,0,0,0.00058,0.00085,0,0,0.00535,0,0
1971-08-01,0.02519,0.01078,0,0,0,0,0,0,0,0,0,0.00699,0,0
1971-09-01,0.88403,0.63423,0.59607,0.32948,0,0.00349,0,0.0518,0.02261,0,0,0.00545,0,0
1971-10-01,5.65437,3.15465,3.46553,1.35822,1.18892,0.69502,0.01947,3.39233,1.11847,1.1835,0.2379,0.64587,0.61295,0.98827
1971-11-01,14.27523,11.69509,11.30911,7.0957,11.72525,9.6036,7.47864,13.91707,12.32363,10.74011,9.38273,9.04954,11.9907,11.11443
1971-12-01,6.36022,5.8381,5.2801,5.22063,5.43074,3.83463,1.69912,5.22799,5.04868,4.71756,4.00767,5.29906,4.81339,5.04707
1972-01-01,13.53302,14.81037,10.24898,11.55758,11.62331,11.47963,6.64133,11.42439,10.23221,10.77004,8.2887,9.56828,10.8463,10.9117
1972-02-01,14.62849,15.30001,9.10475,7.13686,7.35501,6.31703,2.36495,10.46214,7.47192,3.32817,2.25185,5.45663,6.58619,8.30491
1972-03-01,12.66004,12.47812,9.15759,9.49493,7.46252,5.83656,2.39824,9.5892,6.71812,5.4978,4.48531,6.75564,7.27779,7.77328
1972-04-01,4.32655,4.45135,2.72978,2.05345,0.37036,0.44365,0.00942,2.31649,1.41166,0.80766,0.28573,0.77665,0.42496,0.7347
1972-05-01,0.91118,0.72148,0.42233,0.07565,0.15579,0.01064,0,0.32892,0.17351,0.06823,0.01912,0.20167,0.02137,0.08889
1972-06-01,0.26015,0.20223,0.03846,0.03635,0.00115,0.00256,0,0.00105,0.00085,5E-05,0,0.05267,0,0
1972-07-01,0.03412,0.01922,0.0001,0,0,0,0,0.00023,0.00049,0,0,0,0,0
1972-08-01,0.00481,0.00982,0.00078,0,0,0.00094,0,0,0,0,0,0.0001,0,0
1972-09-01,2.95679,1.60578,1.5488,0.60701,0.02283,0.01481,0,0.99977,0.48025,0.02747,0.00667,0.14895,0.0093,0.11923
1972-10-01,1.84873,1.48284,1.78884,0.11301,0.85188,0.32522,0,1.59419,1.60332,0.78181,1.08807,1.03942,1.64017,0.43718
1972-11-01,14.23145,11.37911,10.06086,7.49544,8.33014,7.04579,5.08731,10.48339,9.55973,8.92826,7.07277,7.73795,9.08581,8.04046
1972-12-01,13.9378,12.60352,7.48505,9.56965,7.18425,5.08235,3.31344,9.47735,5.56418,4.67926,3.03731,4.46892,6.04875,7.37001
1973-01-01,13.84979,11.11166,9.2572,6.32617,11.21137,9.66211,6.5647,11.0482,9.75705,11.24184,10.17145,10.23019,11.56128,8.77191
1973-02-01,15.96727,15.04639,12.14883,10.48258,12.49942,13.75098,12.1407,13.55482,11.2515,13.71536,9.32249,9.43687,10.90097,12.30602
1973-03-01,14.65209,11.16459,9.91404,9.26762,10.36806,9.18013,3.88442,11.79001,9.09325,13.13076,9.60654,11.07744,12.04198,8.33428
1973-04-01,11.11646,11.76712,7.89089,5.28522,4.26228,3.811,1.28141,8.89071,6.0823,3.3738,2.862,5.11488,4.03406,5.49468
1973-05-01,3.42047,2.94851,2.07133,2.50133,0.66213,0.16881,0.01005,2.49919,1.1326,0.49513,0.0654,1.0119,0.62479,1.57702
1973-06-01,0.25424,0.20954,0.04628,0.00072,6E-05,0.00302,0,0.10244,0.04882,0.00283,0,0.18384,0.00538,0.02794
1973-07-01,0.10199,0.08567,0.00078,0,0,0,0,0.00708,0,0,0,0.00843,0,0
1973-08-01,0.2405,0.38807,0.00103,0,0,0,0,0,0,0,0,0,0,0
1973-09-01,0.29957,0.17477,0.02652,0,0.00492,0.00683,0,0.02927,0.00353,0,0,0.00381,0,0
1973-10-01,6.9402,7.68551,5.51857,2.35038,3.12132,1.64276,0.13442,4.94832,4.35754,2.20992,1.09973,1.86719,3.39136,2.56081
1973-11-01,14.37225,11.72234,10.19164,8.09979,11.09798,10.90232,9.62877,12.9439,9.77252,11.27166,6.89713,7.19531,10.01399,11.58202
1973-12-01,16.54835,15.87795,11.86653,8.07335,12.35949,10.2219,8.54334,14.22125,11.52109,10.05651,9.26808,9.39196,10.34207,14.49961
1974-01-01,10.31494,9.26282,6.31376,6.05316,5.61812,4.52756,2.1853,8.28281,5.45602,3.33298,2.75162,5.03609,5.54037,6.55582
1974-02-01,10.90543,9.86819,6.93468,7.07687,7.29266,4.86086,2.34108,9.59024,6.34271,5.97148,4.92739,6.24807,7.35768,7.83571
1974-03-01,13.06245,13.32264,9.83443,8.70838,7.12714,5.02837,2.51319,10.62857,7.85539,7.73922,6.93058,9.94786,8.40466,7.81386
1974-04-01,12.35717,8.2953,6.73707,3.75523,3.3254,1.55166,0.13693,9.47956,4.99943,2.33602,2.26418,3.6621,3.43472,2.5898
1974-05-01,2.17968,2.02997,1.52126,0.25023,1.15471,1.19854,0.05716,1.777,1.09876,1.18235,0.35502,1.36527,1.19453,0.88673
1974-06-01,0.139,0.13563,0.08895,0.0028,0,0.00266,0,0.48177,0.10004,0,0.00268,0.00193,0,0.04046
1974-07-01,0.06432,0.01403,0.0002,0,0,0,0,0,0,0,0,0,0,0
1974-08-01,0.0417,0.03842,0,0,0,0,0,0,0,0,0,5E-05,0,0
1974-09-01,2.74071,1.73387,2.2915,0.82211,0.02398,0.02044,0,1.22869,0.68887,0.01716,0.01165,0.32806,0.04752,0.53242
1974-10-01,4.25412,2.43956,3.0546,0.05697,1.21975,0.53648,0.15327,2.51417,2.40233,1.51549,0.97854,1.56669,1.54052,1.55096
1974-11-01,8.98211,6.7307,5.94281,6.01027,4.04541,2.83478,0.11055,6.04971,4.44762,0.87552,0.10903,1.94873,3.53429,5.58804
1974-12-01,8.70854,8.90171,3.48109,1.35793,2.58615,0.88907,0.17211,4.42288,2.64154,1.44145,0.84913,1.03392,1.56658,3.32812
1975-01-01,15.31094,15.8392,8.63883,6.85013,4.36218,2.49074,1.07726,10.13484,5.19173,2.12908,1.6402,3.41268,3.47147,5.7607
1975-02-01,15.25974,13.15727,9.65037,5.95811,9.86563,9.83348,5.17399,12.66911,11.20735,8.70851,4.24096,7.34705,8.92834,9.95027
1975-03-01,19.35509,17.63068,15.79471,10.40484,9.44602,7.84344,5.53204,15.55947,13.13048,7.39839,7.28996,9.7859,9.33869,11.04921
1975-04-01,8.82182,9.18775,6.87543,5.25088,5.40522,4.77658,3.97425,7.45273,6.3367,6.39127,6.88757,7.10621,6.23858,5.63855
1975-05-01,5.11075,3.82404,4.12858,1.30009,0.81901,0.2436,0.01319,4.34785,2.10802,0.46081,0.08019,1.17189,1.17976,1.39977
1975-06-01,1.45165,1.28401,0.65077,0.41059,0.02603,0.0012,0,0.79895,0.21632,0.03621,0.00889,0.14529,0.01253,0.10762
1975-07-01,0.00726,0.01618,5E-05,0,0,0,0,0,0,0,0,0,0,0
1975-08-01,0.05487,0.04015,0,0.00086,0,0,0,0,0,0,0,0,0,0
1975-09-01,1.95218,1.71214,1.1433,0.43415,0.3529,0.01106,0,0.30813,0.04203,0.02956,0.01102,0.37958,0.80663,0.059
1975-10-01,2.26851,2.3315,1.18602,0.91278,0.57496,0.05048,0,1.89013,1.18997,0.45966,0.76055,1.52535,1.07573,0.58338
1975-11-01,10.77752,7.45015,7.01854,3.70271,9.86537,9.17523,5.31093,10.67456,8.12985,7.98111,3.24058,4.93528,8.28087,9.03216
1975-12-01,11.17813,7.21348,8.34018,5.14707,8.74623,11.53497,10.91143,9.5453,8.05539,12.65765,8.72324,6.00024,7.60595,8.31023
1976-01-01,15.70834,15.7539,10.58423,7.23637,9.27936,9.32094,7.97425,12.08525,9.08682,9.19506,7.57074,7.07411,8.46294,10.74313
1976-02-01,12.69574,13.61898,8.37609,7.57849,10.06766,9.41231,6.79837,9.63264,8.51197,9.40802,9.72685,11.28171,11.70352,9.54947
1976-03-01,16.52845,13.42887,11.44312,8.12724,13.47128,12.21841,8.77513,15.21707,13.39689,11.56383,9.62482,12.66692,14.27756,13.21369
1976-04-01,7.17479,6.07465,4.29737,3.50593,3.95031,2.98159,1.76759,5.75714,4.06832,4.91021,4.61903,4.21834,4.14493,4.58779
1976-05-01,0.83479,1.39708,0.39552,0.12436,0.21751,0.09095,0,0.10964,0.04733,0.09669,0.4542,0.41437,0.19453,0.02457
1976-06-01,0.0214,0.02266,0,0,0,0,0,0,0,0,0,0.00043,0,0
1976-07-01,0.00644,0.00287,0.00122,0,0,0,0,0,0,0,0,0,0,0
1976-08-01,0.00249,0.00287,0,0,0,0,0,0,0,0,0,0.02588,0,0
1976-09-01,0.44803,0.42985,0.13587,0.00575,0,0,0,0.30337,0.22812,0,0.00084,0.00887,0,0.05453
1976-10-01,2.25045,1.52164,0.74436,0.49422,0.03236,0,0,0.223,0.04218,0.01339,0.01279,0.28045,0.03283,0.0035
1976-11-01,11.84905,8.05307,6.20387,6.23292,7.48273,4.77043,3.45477,11.42869,7.10922,5.82289,3.52962,4.90541,7.72282,8.21175
1976-12-01,24.58972,22.02301,19.4307,17.09756,20.98651,18.03698,13.54837,21.76202,19.01109,18.24267,14.81844,17.94232,21.1447,19.42246
1977-01-01,20.2052,17.70163,17.1185,16.88117,17.28198,13.89596,11.59673,18.8554,17.09389,14.62432,13.4545,15.98448,16.92058,17.10626
1977-02-01,18.04207,17.83792,11.18328,10.39126,6.13405,5.85643,3.68405,10.91138,7.80226,5.0609,3.84708,6.04544,5.54137,7.486
1977-03-01,8.28844,7.90666,5.1664,2.14089,4.68707,5.31645,3.91709,6.23426,4.67976,4.3445,3.03412,3.30209,4.2535,5.4801
1977-04-01,10.30821,11.07722,6.66432,5.24736,6.53294,6.13846,3.57098,7.05865,5.18368,7.53166,4.96843,5.59368,6.24658,5.9292
1977-05-01,5.13839,4.76757,3.30393,2.38386,0.85968,0.43484,0.02261,3.82509,1.93868,0.66011,0.81211,1.2911,0.27426,0.97893
1977-06-01,0.64968,0.78715,0.04301,0.00862,0.01784,0.00438,0,0.15052,0.10491,0,0.00143,0.11763,0.00054,0.07812
1977-07-01,0.01243,0.01176,0,0,0,0,0,0,0,0,0,0,0,0
1977-08-01,0.46678,0.26936,0.06928,0.00057,0,0,0,0.09988,0.03822,0,0,0.00198,0,0.00246
1977-09-01,0.94187,0.5762,0.31851,0.11969,0,0,0,0.09768,0.03045,0,0,0.03662,0,0
1977-10-01,0.43979,0.46003,0.02515,0,0.00959,0.02801,0,0.02056,0.00904,0.0056,0,0.00694,0.003,0.00428
1977-11-01,12.8427,12.24676,10.5218,8.71133,7.29835,5.18409,2.2142,9.46771,8.67813,6.78851,6.78197,7.67834,8.09596,6.52243
1977-12-01,9.53742,10.58617,5.55526,2.83598,3.55379,1.25481,1.32161,6.52253,4.44119,2.85852,2.18105,3.31289,4.03037,4.55064
1978-01-01,22.48158,20.80055,17.6581,13.48725,14.86199,13.69867,11.39636,20.91696,14.33048,13.34774,9.24817,9.95403,11.87521,17.09634
1978-02-01,21.41346,18.87457,17.15348,13.19247,17.06498,15.52443,12.11621,19.18746,17.45708,15.18104,13.78181,15.12404,17.6813,17.47426
1978-03-01,11.83169,12.06886,6.65145,6.43746,5.51349,5.15332,2.76508,8.11254,5.48548,5.32336,4.80163,4.61565,5.12194,6.47063
1978-04-01,10.9709,10.68769,8.3074,6.08952,6.4881,6.28772,3.27261,8.62834,6.77775,6.09952,5.8721,7.3922,7.85099,6.7793
1978-05-01,2.23361,2.25987,0.47732,0.39198,0.00102,0.01711,0,0.26272,0.11664,0.00089,0,0.04385,0,0.02204
1978-06-01,0.59457,0.69972,0.14301,7E-05,0,0.00057,0,0.29501,0.08414,0,0.00109,0.04231,0,0.02405
1978-07-01,0.01455,0.02671,0,0,0,0,0,0,0,0,0,0,0,0
1978-08-01,0.01525,0.01209,0.00098,0,0,0,0,0,0,0,0,0,0,0
1978-09-01,0.10782,0.02851,0,0,0,0.00183,0,0,0,0,0,0,0,0
1978-10-01,0.39997,0.3472,0.07721,0,0.14908,0.01836,0,0.52741,0.16722,0.11485,0.0934,0.1823,0.19245,0.09544
1978-11-01,8.06078,8.0351,5.4944,4.46059,5.89204,5.31447,4.95477,6.37015,5.21929,5.33141,4.43769,4.83197,5.87767,5.79487
1978-12-01,14.7266,11.46141,13.09242,9.03391,14.61992,10.63885,10.51947,16.04599,15.50576,11.73802,10.28359,12.78874,15.18745,15.68218
1979-01-01,26.68258,25.6142,25.32042,24.63417,27.09376,25.8278,23.87437,26.08153,26.62529,25.54139,24.28086,25.30387,27.79602,27.40502
1979-02-01,23.24462,21.08116,20.84031,17.68144,24.77232,21.79426,14.98681,22.27654,20.76206,19.42915,16.8537,20.76691,22.6404,22.96279
1979-03-01,21.23268,21.97382,17.80537,13.52195,9.76247,7.71061,4.22362,17.38118,12.03702,7.81886,7.37862,11.37929,9.57673,12.35263
1979-04-01,9.14728,7.78974,6.4626,4.69869,4.49328,3.37632,1.92776,6.64611,5.06478,4.71704,4.29985,5.7353,4.72613,4.23399
1979-05-01,8.4521,8.92236,6.52752,5.6836,4.81479,3.39327,1.19724,5.68966,4.31084,4.0472,3.90694,4.37905,4.84476,4.95189
1979-06-01,0.04415,0.03791,0.00636,0,0,0,0,0.00116,0,0,0,0.0014,0,0
1979-07-01,0.00933,0.00633,0.0001,0,0,0,0,0,0,0,0,0,0,0
1979-08-01,0.00966,0.00325,0.00078,0,0,0,0,0,0.00049,0,0,0,0,0
1979-09-01,1.7167,0.91577,0.92372,0.06768,0.06491,0.01173,0,1.11835,0.60615,0.01214,0.00025,0.33341,0.05221,0.12221
1979-10-01,1.31624,0.79694,0.2118,0.26848,0.9567,0.81241,0.01884,0.65947,0.10929,0.47379,0.01903,0.11348,0.14017,0.35373
1979-11-01,12.87995,11.95442,8.12667,6.44745,7.26388,7.50389,4.44284,8.46132,7.19689,7.62835,5.31863,5.55306,7.59842,7.25045
1979-12-01,15.54268,14.20539,12.38666,11.43588,7.73894,5.42232,4.46859,11.53798,10.31805,7.13389,7.3196,8.19921,9.35699,8.17583
1980-01-01,20.40343,17.52498,17.07129,17.48222,18.52699,16.04193,13.71859,19.98084,18.48336,18.3019,19.02892,18.9254,19.26657,18.93491
1980-02-01,11.38957,11.72828,8.16248,8.35635,5.46022,5.97909,3.26193,7.87166,6.07425,5.51172,3.06833,4.29761,3.84815,6.16144
1980-03-01,17.39051,16.57731,13.4716,11.43588,9.0463,7.27484,4.90515,15.66504,12.18771,7.73587,6.28397,9.08823,8.90996,11.87442
1980-04-01,5.35602,3.81858,3.67469,1.88965,3.66206,2.54936,0.46796,5.07909,3.84027,2.68931,1.69813,3.12182,2.14478,3.35341
1980-05-01,4.01867,3.0988,1.44332,0.23357,1.53057,1.24897,0.3505,2.06237,1.07686,1.00502,0.2244,0.88796,1.08381,1.08681
1980-06-01,0.25595,0.26157,0.00259,0,0,0,0,0.00012,0.00014,0,0,0.0001,0,0
1980-07-01,0.01092,0.01092,0.00049,0,0,0,0,0,0,0,0,0,0,0
1980-08-01,0.01578,0.006,0.00113,0,0,0.00125,0,0.00012,0,0,0,0,0,0
1980-09-01,0.01741,0.02997,0.00181,0,0,0,0,0.00499,0,0,0,0,0,0
1980-10-01,6.64805,5.31613,3.95929,0.60148,2.96668,2.28026,0.33731,4.73182,2.35634,2.13395,0.5925,0.63473,1.69076,2.81224
1980-11-01,10.49185,10.47728,8.40041,5.77189,6.33321,6.06055,3.85678,7.4993,8.24719,8.26125,6.75808,7.71776,7.71382,6.24332
1980-12-01,14.24637,12.43284,10.99212,9.10087,10.1556,9.30999,7.4196,10.87305,10.52278,8.92586,7.96055,7.87148,9.03322,10.35957
1981-01-01,18.82435,17.576,13.90738,7.75401,13.08698,12.91698,10.51131,16.29605,13.71212,12.2906,7.98189,10.30913,11.43711,14.29895
1981-02-01,19.31938,15.47123,16.63208,10.74323,18.76644,18.44037,16.05276,18.00441,18.19138,18.84821,16.62549,16.92719,19.47916,17.64471
1981-03-01,12.37184,12.93299,8.23646,3.74474,3.72007,3.29455,0.8995,8.33298,5.15768,2.50157,1.64842,2.40001,2.02268,5.26199
1981-04-01,11.65327,12.03928,8.10084,3.73224,3.79982,3.35651,1.30779,6.84599,4.87792,3.63614,3.34664,5.34199,4.59419,4.41591
1981-05-01,3.28925,3.07223,2.08283,1.38221,2.00345,2.05413,0.77073,2.49814,1.11325,1.4708,0.50367,1.29785,0.96794,1.71745
1981-06-01,0.38623,0.41774,0.02759,7E-05,0,0.00047,0,0.02869,0.00509,0,0,0.00684,0,0
1981-07-01,0.00554,0.00152,0,0,0,0,0,0,0,0,0,0,0,0
1981-08-01,0.02197,0.02907,0,0,0,0,0,0,0,0,0,0,0,0
1981-09-01,0.18698,0.2393,0.00396,0,0,0,0,0,0,0,0,0,0,0
1981-10-01,10.39116,7.85404,6.63751,3.7484,3.12362,1.46795,0.12814,7.34286,5.17421,1.75188,1.28422,1.88782,3.5263,4.43841
1981-11-01,8.87559,7.30097,3.4397,2.63165,3.82681,1.87802,0.49812,5.77561,2.83165,3.33393,2.24888,1.30869,2.49454,4.05978
1981-12-01,25.71221,23.81547,21.77993,16.18694,24.53115,21.41486,17.92148,24.14321,23.16411,18.78014,16.20612,20.82835,22.79794,23.42136
1982-01-01,16.61646,14.29897,12.68276,13.03657,15.16449,15.37611,13.11872,15.18815,14.53628,13.07603,10.2804,12.34122,14.22413,15.30122
1982-02-01,11.24539,10.62862,7.56329,8.42065,10.34126,8.15353,4.88191,10.64483,9.23801,7.27763,5.67105,9.64572,9.16692,10.26076
1982-03-01,13.7844,11.49299,9.92284,6.10712,6.45466,6.69815,3.60364,10.72822,5.61236,7.43538,3.7987,5.21636,5.36629,6.63284
1982-04-01,6.09429,5.41833,4.98508,2.76234,3.50787,3.11103,0.90013,5.59884,3.39626,3.20757,2.11121,3.29612,3.17723,3.75
1982-05-01,6.2114,6.90045,3.65957,2.8765,1.2131,1.02618,0.84987,3.06655,2.21003,1.85632,1.29772,3.68538,2.70091,2.10548
1982-06-01,0.09885,0.04056,0.00205,0.00273,0,0,0,0,0,0,0,0.00034,0,0
1982-07-01,0.00024,0.00379,0,0,0,0,0,0,0,0,0,0,0,0
1982-08-01,0.06812,0.09095,0.00352,0.00295,0,0,0,0.00116,0,0,0,0,0,0
1982-09-01,0.68706,0.28586,0.02779,0.03664,0,5E-05,0,0.03182,0.00085,0,0.00038,0.01195,0.00038,0
1982-10-01,2.43091,1.59889,0.72557,0.28034,0.80877,0.25476,0,1.70209,0.63024,0.39582,0.21614,0.79004,1.15985,0.8678
1982-11-01,10.73072,9.46338,6.96233,4.99986,4.56357,3.53027,2.97927,6.65738,4.73741,3.62369,3.52207,4.1329,4.90996,5.54545
1982-12-01,19.16118,17.34398,14.05225,14.77419,14.79995,13.64511,9.80779,16.80209,13.75048,11.41335,8.35812,11.72109,13.664,15.51057
1983-01-01,11.17035,11.55749,6.08675,5.42733,4.81063,3.74243,2.10427,7.3194,5.3403,3.20061,2.35879,4.00689,3.59972,5.94256
1983-02-01,23.02519,21.45063,19.04364,13.4121,20.71617,18.76313,17.42839,20.97236,20.55147,19.12301,16.52639,18.93658,20.45072,21.41098
1983-03-01,10.46604,10.86025,6.15118,4.31159,3.76087,3.53518,2.36809,6.96667,4.45426,5.59219,3.05789,3.36556,4.07981,4.11391
1983-04-01,14.24812,14.90824,12.92911,11.3034,5.41641,4.38639,1.77638,11.60697,7.38255,4.06765,2.51905,5.83298,4.54429,7.53164
1983-05-01,1.01015,1.6965,0.65248,0.15806,0.07221,0.01904,0,0.1115,0.11565,0.00031,0.00352,0.10953,0.00646,0.04688
1983-06-01,0.33833,0.25948,0.01732,0,0,0.00026,0,0.00604,0.01279,0,0,0,0,0
1983-07-01,0,0.00284,0,0,0,0,0,0,0,0,0,0,0,0
1983-08-01,0.00322,0.00546,0,0,0,0,0,0.01893,0.00311,0,0,0.00043,0,0
1983-09-01,0.78351,0.49979,0.18602,0.01437,0,0,0,0.23113,0.01971,0,0,0,0,0.00123
1983-10-01,4.39149,2.78034,3.29101,1.92018,4.6753,2.7611,1.49937,4.72532,4.20749,2.8231,1.90476,2.83447,4.02307,4.1438
1983-11-01,9.09624,6.08235,6.95792,5.34758,6.27296,4.99677,4.63065,7.21533,6.23956,5.76455,5.64485,6.14668,6.22097,6.22822
1983-12-01,11.36332,11.54519,6.45648,3.85768,8.55238,9.04214,9.21671,8.34855,6.90795,9.2285,5.69721,6.39124,8.05867,7.34407
1984-01-01,24.71299,24.41272,20.26856,18.92564,14.99744,12.38545,7.4554,21.16516,15.36206,10.8524,8.81102,12.11849,12.88029,17.06561
1984-02-01,15.42805,11.33291,10.83576,8.44069,12.73196,10.15588,9.55465,15.88966,12.72667,9.96364,9.68015,12.69025,13.34753,13.66079
1984-03-01,14.47689,14.64978,9.88184,10.6055,7.77059,5.31458,1.25377,10.56818,7.57527,6.82283,7.04812,8.50294,6.09234,8.01472
1984-04-01,10.10802,7.3672,7.04897,4.84474,8.18937,7.10947,3.90766,10.2698,6.88103,7.41827,5.90778,6.88252,7.19376,8.20144
1984-05-01,5.37665,3.46499,3.8405,2.36906,1.62996,0.6437,0.18405,3.82857,2.65171,0.78359,0.58533,2.3231,2.6873,2.1558
1984-06-01,0.10529,0.13163,0.00621,0.00848,0,0,0,0.00279,0,0,0,0.01176,0,0
1984-07-01,0,3E-05,0,0,0,0,0,0,0,0,0,0.00911,0,0
1984-08-01,0.01072,0.00573,0.00049,0,0,0,0,0,0,0,0,0,0,0
1984-09-01,0.57142,1.03119,0.01644,0.07285,0,0,0,0.00209,0.00127,0,0.00105,0.00969,8E-05,0
1984-10-01,1.58528,1.22775,0.22144,1.8908,0.72979,0.8375,0.26633,0.37944,0.13493,0.79997,0.46682,0.5041,0.94656,0.05504
1984-11-01,3.55666,4.39329,3.5378,6.2026,0.06619,0.02978,0.05402,1.62381,1.35931,1.16869,1.46493,2.44015,1.91604,0.46817
1984-12-01,9.83862,9.77649,6.16527,7.01358,10.49226,9.9431,8.36746,9.57573,6.97994,9.65556,7.37397,6.94116,10.13794,9.75272
1985-01-01,23.76578,22.83708,25.73115,24.37675,24.43752,24.21898,19.58731,24.20151,25.64076,23.48692,22.29872,23.93885,25.22982,24.34446
1985-02-01,18.23781,15.27428,13.53031,12.96961,15.7837,15.25956,13.08229,18.46748,14.74815,15.53558,12.44276,12.42025,14.36291,17.31574
1985-03-01,17.3482,16.14414,13.39141,11.22688,13.65816,12.8727,11.3103,16.52915,12.90625,13.33461,10.54508,12.13208,13.43249,13.03806
1985-04-01,7.29957,7.2324,3.72479,1.95294,2.84702,2.72949,2.15766,4.34715,3.1733,3.38222,2.32672,2.77723,2.86983,3.15385
1985-05-01,2.15563,2.43654,1.29884,0.25648,0.00288,0.00673,0,0.60081,0.32625,0.01533,0.00683,0.3031,0.00984,0.06723
1985-06-01,0.56767,0.90747,0.23778,0.00711,0.00192,0.00183,0,0.03972,0.02776,0,4E-05,0.1849,0.00408,0.00292
1985-07-01,0.00135,0.0003,0,0,0,0,0,0,0,0,0,0,0,0
1985-08-01,0.01264,0.00334,0,0,0,0,0,0,0,0,0,0,0,0
1985-09-01,0.10525,0.13301,0.00308,0,0,0.0049,0,0,0,0.0044,0.00088,0,0,0
1985-10-01,2.37547,2.84867,0.2641,0.08686,0.01023,0.19458,0.00188,0.27271,0.0876,0.437,0.30132,0.62192,0.03914,0.03417
1985-11-01,20.51732,19.50907,18.08239,14.94037,13.59907,13.34514,12.03204,17.71382,15.85638,13.73718,9.34123,10.62288,12.7079,13.73593
1985-12-01,11.04325,12.2339,7.97334,6.86508,6.25876,4.6401,4.01696,9.68235,7.28103,4.90812,5.23781,7.23521,6.72036,9.01141
1986-01-01,20.5609,19.69259,16.37301,14.83124,15.60898,12.7443,10.2858,17.79814,15.69721,12.5495,9.34379,12.8363,15.77895,16.27457
1986-02-01,24.87278,23.98618,23.71809,20.88246,24.88143,24.19671,23.90955,24.14321,24.49304,24.36542,23.95481,25.45668,24.91404,24.7286
1986-03-01,13.797,11.53522,9.26445,9.51167,10.041,9.15963,7.75879,12.6935,8.3639,9.57393,6.30082,8.05465,8.88182,10.2148
1986-04-01,14.13908,15.42944,11.42287,8.8339,7.23094,3.75093,3.30214,10.15285,7.5403,5.53176,6.36475,8.07267,6.76319,7.6084
1986-05-01,0.39324,0.56895,0.11033,0.03563,0,0.00115,0,0.19814,0.02699,0.05871,0.04075,0.00737,0,0
1986-06-01,0.29031,0.45367,0.05641,0.0018,0.00045,0.00965,0,0.00023,0.00042,0,0,0.00145,0,0
1986-07-01,0.01097,0.03227,0.0022,0,0,0,0,0,0,0,0,0.00053,0,0
1986-08-01,0.1871,0.1202,0.0321,0,0,0,0,0,0,0,0,0,0,0
1986-09-01,3.15254,1.68602,2.82974,0.62289,0.50524,0.10581,0,1.67259,1.08386,0.08073,0.00742,0.75723,0.78095,0.21706
1986-10-01,2.23263,2.25712,0.33984,0.08025,1.06856,0.1939,0.00063,0.13868,0.16136,0.37558,0.2296,0.8072,1.64055,0.19606
1986-11-01,8.31359,7.65524,4.98268,3.74797,0.73823,0.8799,0.00879,2.97549,2.53034,0.59711,1.16755,1.76407,1.90789,0.81133
1986-12-01,16.03228,13.78064,8.56343,8.99009,8.12087,5.37137,2.75503,10.4446,6.37139,7.90498,4.9611,6.37461,7.92688,8.51258
1987-01-01,23.09942,19.14271,20.81071,15.71952,20.43988,20.71703,19.15955,21.5108,22.15797,20.45296,18.0918,18.84662,20.38936,20.34946
1987-02-01,17.97546,16.61919,16.13719,13.75429,14.16929,14.25867,12.82538,16.36702,15.38283,14.07927,11.80738,14.0387,13.69391,16.19547
1987-03-01,20.3054,19.74205,16.12975,11.3973,16.60067,16.33877,12.94095,17.64042,15.62953,15.61145,11.45274,13.53195,16.03137,16.30991
1987-04-01,4.15653,5.0237,2.21904,1.90847,0.03211,0.26514,0,1.85331,1.09014,0.24655,0.63848,1.22634,0.42603,0.42207
1987-05-01,2.08177,2.72524,1.30447,0.20454,0.38878,0.04141,0,2.20906,1.09806,0.20134,0.17388,0.9614,0.7249,0.71428
1987-06-01,0.23329,0.35855,0.05607,0.03348,0.00307,0,0,0.0842,0.01321,0,0.0031,0.03956,0,0
1987-07-01,0.00118,0.00069,0,0,0,0,0,0,0,0,0,0,0,0
1987-08-01,0.03175,0.03931,0.0024,0,0,0,0,0,0,0,0,0.00448,0,0
1987-09-01,0.59453,0.18605,0.28269,0.02507,0.01912,0.00323,0,0.39036,0.29509,0.02825,0.01455,0.11695,0.02422,0.0411
1987-10-01,6.43062,6.59567,2.79084,2.70817,2.4606,1.55192,0.46482,3.53844,1.25037,1.48681,1.3725,2.15141,3.54129,1.64056
1987-11-01,5.9797,6.08092,4.46162,2.70055,3.16334,2.51473,2.89133,3.58827,3.35917,3.4267,2.5951,2.87341,2.92427,3.47815
1987-12-01,12.07566,12.7847,11.17095,6.11423,7.68784,5.39421,5.49435,8.60592,9.30505,7.28275,6.36734,8.92965,8.60011,7.34634
1988-01-01,15.96262,16.25258,10.30579,9.80602,5.61064,7.77914,4.97173,10.32079,5.27171,5.47991,3.47671,2.77327,3.76972,7.35548
1988-02-01,13.59954,12.85861,9.91394,9.5573,8.84817,7.64162,4.10113,10.88026,7.14807,8.20872,6.9834,6.8643,8.26026,9.62908
1988-03-01,14.6615,14.89228,9.92779,3.37158,5.83122,4.67186,3.28894,12.37085,7.59414,4.56038,3.82264,4.52212,5.24273,9.56957
1988-04-01,7.71657,7.65375,5.54719,3.08981,5.04074,4.60323,1.69347,6.69779,3.47658,4.91534,4.03031,4.01426,4.90773,3.94139
1988-05-01,1.25815,1.14548,1.1411,0.53222,0.0016,0.03379,0,0.45947,0.24218,0.03799,0.00914,0.21034,0.00392,0.06133
1988-06-01,0.12384,0.18479,0.00861,0,0,0,0,0,7E-05,0,0,0.00308,0,0
1988-07-01,0.00159,0.00349,0,0,0,0,0,0,0,0,0,0,0,0
1988-08-01,0.00253,0.00758,0.0001,0,0,0,0,0,0,0,0,0,0,0
1988-09-01,0.6816,0.10838,0.55262,0.01638,0.03108,0.0133,0,0.46121,0.32893,0.0202,0.00658,0.02462,0.01361,0.03909
1988-10-01,3.92463,3.36246,2.76868,2.52073,2.50838,1.52668,0.32601,2.75145,2.89996,1.41482,0.94106,2.29559,2.9075,2.4421
1988-11-01,9.72888,7.0463,7.20006,7.09124,14.1879,13.84798,10.32663,8.81591,10.15154,14.48912,10.35066,11.38305,15.14978,11.30569
1988-12-01,3.86662,3.61796,1.41382,0.0985,1.36358,1.20125,0.28894,2.30128,1.5391,2.39357,1.58709,1.46367,2.17231,0.81645
1989-01-01,5.04382,4.74996,2.26068,2.89561,6.78888,7.14571,5.98178,2.77921,2.13197,7.06666,4.84846,3.90044,5.71367,4.44405
1989-02-01,12.58234,12.44078,8.0206,7.63359,7.6691,6.31416,4.28329,9.77793,5.155,6.11841,5.63274,6.23848,6.96748,6.90631
1989-03-01,12.49694,11.66074,8.33754,6.66815,5.07828,2.16782,1.69661,8.93949,5.61547,2.28746,2.27525,4.63975,4.49223,6.7911
1989-04-01,10.93384,11.30365,8.32707,7.61204,6.66801,2.61486,1.04271,8.34332,6.03306,4.09926,5.12324,8.00699,8.43872,6.70455
1989-05-01,1.36944,1.79601,1.00484,0.15985,0.05411,0.03171,0,0.88211,0.31833,0.05614,0.00428,0.29269,0.03637,0.16649
1989-06-01,0.75669,0.69864,0.46485,0.02594,0.22371,0.03087,0,0.26794,0.09078,0.01198,0.00163,0.18948,0.09311,0.06678
1989-07-01,4E-05,0.0003,0.00034,0,0,0,0,0,0,0,0,0,0,0
1989-08-01,0.03049,0.00146,0.01937,0,0,0,0,0,0,0,0,0,0,0
1989-09-01,0.64292,1.15133,0.0685,0.00259,0,0,0,0.02846,0.00085,0,0,0,0,0
1989-10-01,1.11165,0.81121,0.19032,0.00014,0.00026,0.00412,0,0.03252,0.01095,0.00502,0,0.00549,0.00015,0
1989-11-01,8.3698,7.55576,6.62156,4.23658,8.10079,7.71348,6.87249,7.10232,7.84684,8.03207,6.23337,5.1887,7.9268,6.41513
1989-12-01,20.3047,17.68832,16.07251,10.62533,5.46649,6.62769,2.96859,13.83101,13.24373,5.29196,5.18516,9.90343,6.68115,8.03475
1990-01-01,9.65294,10.77479,4.46035,3.94109,3.7949,1.35265,0.56093,5.06411,2.64924,2.70605,1.65223,3.32344,3.54237,3.80855
1990-02-01,9.67186,11.01466,5.6718,5.67261,2.22889,1.56183,1.00063,5.88293,2.85242,0.60909,0.14659,1.82527,1.32154,3.22283
1990-03-01,5.21148,5.92502,3.84153,2.02313,4.29899,3.2496,2.07789,5.28014,3.90166,3.61935,2.92454,3.5132,4.09188,5.0341
1990-04-01,8.42084,7.95561,5.34209,2.62605,8.25748,5.78717,3.55653,7.91289,4.95973,5.62071,5.57581,6.65189,7.38521,5.92855
1990-05-01,0.84437,1.2073,0.29723,0.01581,0.07189,0.25987,0,0.16365,0.04203,0.03438,0.00319,0.12461,0.00715,0.01854
1990-06-01,0.049,0.01615,0.00191,0,0,0,0,0,0,0,0,0,0,0
1990-07-01,0,0.00093,0,0,0,0,0,0,0,0.00099,0,0,0,0
1990-08-01,0,0,0,0,0,0,0,0,0,0,0,0,0,0
1990-09-01,0.37082,0.52755,0.07608,0.01135,0,0.00798,0,0.0554,0.01646,0.00753,0.00516,0.03788,0.00015,0.00091
1990-10-01,1.31404,1.50749,0.19781,0.00151,0.44059,0.05789,0.0402,0.55923,0.41703,0.47457,0.17217,0.0199,0.28372,0.1274
1990-11-01,9.02641,7.02301,9.0025,6.97478,3.00531,2.3672,0.16583,5.72602,5.43942,2.54081,2.95821,5.57879,4.48247,3.56004
1990-12-01,16.05112,14.217,12.01071,12.34263,8.09593,6.73069,8.30653,10.55122,10.92554,10.52423,10.51775,11.42372,11.83731,7.43166
1991-01-01,21.24939,18.60522,15.18592,15.91803,17.20587,10.09789,5.81721,20.58444,17.2041,9.95354,11.80826,15.14707,16.54867,19.02541
1991-02-01,20.64658,19.02439,18.92842,17.14692,19.46431,18.8061,17.71043,19.96818,19.85828,19.46369,18.76986,19.04014,20.12748,19.24916
1991-03-01,9.9978,7.99546,6.77621,3.67304,4.05788,3.75369,1.56281,5.64994,4.33289,3.58016,2.87445,4.15979,4.2006,3.9067
1991-04-01,7.37571,5.12507,4.38642,1.0051,4.73817,3.7394,1.15955,6.17003,3.67093,3.598,3.46611,3.4068,3.83723,4.76102
1991-05-01,1.75077,1.31282,1.69764,0.56858,0.48203,0.90164,0.13568,1.44472,0.77782,0.58523,0.01874,0.5878,0.10341,0.19275
1991-06-01,0.96503,1.34929,0.84715,0.17595,0.24053,0.04449,0,0.48281,0.56665,0.11349,0.06594,0.59079,0.23704,0.33707
1991-07-01,0,0,0,0,0,0,0,0,0,0,0,0,0,0
1991-08-01,0,0,0,0,0,0,0,0,0,0,0,0,0,0
1991-09-01,1.24853,1.6451,0.3282,0.28989,0,0.00245,0,0.30511,0.13529,0.00262,0,0.00111,0.00131,0.00765
1991-10-01,1.25395,0.8949,0.49381,0.02249,0.73196,0.54988,0.42211,0.84681,0.71282,1.25256,0.19103,0.45403,0.06651,0.74695
1991-11-01,11.28917,9.19142,8.21224,5.03312,6.28524,5.82269,3.67462,8.6626,4.71854,5.51596,3.6983,4.08365,4.44364,6.49423
1991-12-01,15.85109,10.8047,7.35765,3.49558,11.47921,12.87906,12.29962,13.87851,9.63116,12.22415,7.58747,8.3975,10.36114,10.80329
1992-01-01,18.75823,11.29521,13.20906,7.35017,16.12644,11.93173,10.79334,15.67782,15.40381,14.67235,14.38235,15.54684,13.89282,16.71823
1992-02-01,12.83185,8.76088,7.41729,6.65357,8.08014,9.65575,8.44033,9.1065,6.04415,10.7793,7.71411,5.28132,7.95717,7.45215
1992-03-01,8.47994,9.57898,4.77289,0.9459,1.02776,0.90581,0.09862,5.69779,2.41957,0.88264,1.32903,2.24586,1.6753,2.76595
1992-04-01,6.19648,6.24133,2.8361,0.74718,2.11518,2.12579,0.72236,3.15261,1.62564,1.86877,1.80063,2.31086,1.85991,1.81717
1992-05-01,1.91187,2.69435,0.6605,0.14081,0.01004,0.00292,0.00063,1.13136,0.26026,0.0371,0.0288,0.25164,0.19906,0.37798
1992-06-01,0.02821,0.01839,0.00068,0,0,0,0,0,0.00028,0,0,0,0,0
1992-07-01,0.05283,0.01409,0.00685,0,0,0,0,0,0,0,0,0,0,0
1992-08-01,0.01639,0.02051,0.00626,0,0,0,0,0,0,0,0,0,0,0
1992-09-01,0.09539,0.17593,0.01536,0.00625,0,0,0,0,0.00021,0,0,0,0,0
1992-10-01,11.66538,8.30288,8.48393,3.23881,3.16903,2.56349,2.46671,8.16841,6.59449,4.1712,2.83676,4.23887,4.43042,5.57086
1992-11-01,12.30173,10.21273,6.54142,3.10245,2.85463,1.48177,1.05779,8.62729,4.71063,1.99529,0.9676,1.53894,2.13671,5.98677
1992-12-01,18.08842,16.203,12.49616,11.0189,14.96591,12.48928,11.20226,15.36527,13.82939,11.8614,9.835,13.28123,14.53029,14.64024
1993-01-01,14.46547,14.79739,8.14047,5.37373,6.70869,5.86566,4.03643,9.45192,6.26153,5.29924,3.77149,4.59941,5.50223,8.67784
1993-02-01,7.62791,6.09223,5.11449,3.72843,5.83135,4.33596,3.03015,8.44704,6.07481,6.07592,4.82025,4.95803,7.05997,6.67991
1993-03-01,11.61715,11.07256,7.86839,6.37323,8.62478,8.8739,5.88693,9.71521,6.85136,9.09842,7.41773,7.05995,8.07189,8.76173
1993-04-01,4.363,3.57597,2.22579,0.82089,1.15145,0.4411,0.06658,3.05157,1.6142,0.65378,0.71515,1.30985,2.12225,1.52029
1993-05-01,2.72937,3.18193,1.87499,1.61563,0.28773,0.05168,0,1.36028,1.13811,0.05886,0.02779,1.48983,0.83215,0.30336
1993-06-01,0.01635,0.02021,0.00015,0,0,0,0,0.00894,0.00014,0,0,0.00207,0,0
1993-07-01,0.01129,0.00755,0.00098,0,0,0,0,0,0,0,0,0,0,0
1993-08-01,0.02116,0.02283,0.01155,0,0,0,0,0.00012,0.00636,0,0,5E-05,0,0
1993-09-01,2.26292,1.72402,1.08161,0.00783,0,5E-05,0,0.57213,0.20438,0.00068,0.00017,0.04568,0.001,0.03754
1993-10-01,9.26072,6.47376,7.90875,5.83684,5.6595,3.87197,2.32035,5.91324,7.18954,3.88866,3.83387,6.57609,6.3626,5.5507
1993-11-01,17.00791,11.95179,13.17021,9.26669,11.00422,10.1236,10.33794,15.18235,14.68866,12.13112,7.65789,10.25501,12.31155,12.21512
1993-12-01,20.99067,19.42048,15.30985,8.97794,8.91891,4.41528,3.6853,15.68664,11.04345,5.09915,4.96743,6.7911,8.4052,12.2382
1994-01-01,18.13122,17.63354,11.46803,9.57202,9.31427,7.93215,6.17148,13.52195,9.26203,7.58926,5.807,6.82734,7.91911,11.25084
1994-02-01,19.05625,17.19121,15.42478,10.76629,15.80072,13.69142,8.80905,18.95575,15.15245,11.85648,9.52366,11.9216,14.03222,16.53216
1994-03-01,12.38093,13.65321,6.86511,2.38552,1.54068,1.62832,0.67839,6.20604,3.04952,1.84366,0.99962,1.8044,1.33054,2.94735
1994-04-01,9.423,8.0877,7.1891,3.46893,1.51394,1.20042,0.55716,6.58955,4.06323,1.35287,1.7258,4.19458,3.04782,3.44288
1994-05-01,5.15677,6.22515,2.278,0.30792,0.07035,0.1091,0,1.61417,1.04896,0.00241,0.01828,0.4735,0.03298,0.30666
1994-06-01,0.03196,0.02889,0.00073,0,0,0,0,0.00093,0,0,0,0.00072,0,0
1994-07-01,0,0,0,0,0,0,0,0,0,0,0,0,0,0
1994-08-01,0.04264,0.01304,0.00152,0,0,0,0,0.00813,0,0,0,0,0,0
1994-09-01,0.08279,0.14068,0.0321,0,0,0,0,0.01069,0.00049,0.00225,0.00168,0.00077,0,6E-05
1994-10-01,3.06082,3.68127,0.93654,0.39737,0.78927,0.19572,0.03706,1.21638,0.91487,0.8897,0.63404,1.1769,0.97978,0.79454
1994-11-01,3.29154,2.55967,0.558,0.30239,1.82425,0.62618,0,1.9856,0.70251,0.05981,0.0031,0.36363,0.48893,1.9058
1994-12-01,13.18584,12.68987,8.05392,6.40182,9.02379,9.04647,7.17902,8.07027,6.22932,8.26847,4.84385,4.22061,6.98901,7.57637
1995-01-01,20.35472,17.5557,16.303,12.68072,12.02181,9.35844,7.07977,19.13914,13.35154,8.39792,5.72827,9.12254,10.67915,14.94865
1995-02-01,13.80128,14.53659,8.74984,4.10504,3.47819,2.67176,1.23744,8.51661,4.99513,2.31624,1.43362,3.18552,3.08904,6.39542
1995-03-01,19.69232,19.13725,16.09027,11.50205,15.45248,12.1211,7.3103,17.33229,12.59576,12.54782,9.37703,11.3977,14.61502,14.31438
1995-04-01,8.10374,7.36007,5.06033,3.56326,4.40394,3.75943,2.83354,8.33961,4.19654,3.46311,2.71293,3.22644,3.48847,5.84381
1995-05-01,6.89088,7.14802,4.61226,1.80559,1.07649,0.84464,0.07412,3.91045,2.45341,0.79311,0.66984,2.18904,1.82247,2.2524
1995-06-01,0.08034,0.20378,0.00479,0.00036,0,0,0,0,0,0,0,0.00111,0,0
1995-07-01,0.00913,0.01597,0.00073,0,0,0,0,0,0,0,0,0,0,0
1995-08-01,0.00204,0.00194,5E-05,0,0,0,0,0,0,0,0,0,0,0
1995-09-01,0.78497,0.55546,0.58731,0.00086,0,0,0,0.61858,0.30865,0.00398,4E-05,0.00082,0,0.09219
1995-10-01,1.1388,0.58232,0.40178,0.02629,0.9764,0.47411,0,0.55947,0.06577,0.05719,0.00792,0.04751,0.04152,0.49131
1995-11-01,8.29117,6.53988,5.36024,3.04074,5.52072,4.3746,3.99372,6.09756,5.41109,6.2534,4.69277,4.74499,6.40866,5.53196
1995-12-01,19.11177,21.55621,16.89065,12.96666,16.9677,15.47744,13.4108,16.9266,16.57111,14.37484,13.55355,17.12114,16.78348,16.62921
1996-01-01,9.22835,9.36326,6.83717,4.66025,8.96278,7.47557,4.76759,7.94901,8.14271,7.02663,7.19857,9.65584,9.49831,8.13849
1996-02-01,20.73606,19.36293,19.27022,18.13327,19.57265,18.80193,16.53706,20.28235,20.4029,18.13761,16.57757,19.09883,19.92465,19.8702
1996-03-01,14.86491,13.58755,11.6513,5.05783,10.0653,9.3781,7.53015,12.09744,9.58206,10.41576,7.46669,9.01836,8.98531,10.03034
1996-04-01,5.46425,4.62823,4.77739,4.40535,7.07451,6.15687,4.22048,6.1626,4.70215,4.98279,4.21849,5.04347,4.68107,6.64289
1996-05-01,6.35105,7.10023,5.02608,3.48768,4.32758,3.47911,0.82475,4.24588,3.88993,2.63044,1.18688,4.72687,3.80378,3.34628
1996-06-01,0.05752,0.11271,0.02745,0,0,0,0,0.02462,0.00155,0,0,0.01161,0,0.00532
1996-07-01,0.00852,0.00367,0.00108,0,0,0,0,0.0007,0,0,0,0.00101,0,0
1996-08-01,0,6E-05,0,0,0,0,0,0,0,0,0,0,0,0
1996-09-01,0.04199,0.07379,0.05171,0.00043,0,0,0,0,0.00311,0.01046,0,0.01402,0.00123,0
1996-10-01,0.69016,0.33562,0.13318,0.02644,0.13539,0.03651,0,0.08351,0.02649,0.07467,0.04012,0.00178,0.03475,0.0214
1996-11-01,17.84461,16.7127,14.5513,12.38774,13.82451,11.45403,9.94912,15.47561,14.18206,12.51308,8.38659,10.34614,13.46256,14.04688
1996-12-01,19.30336,19.36986,15.70082,12.50794,16.5094,13.91817,11.41457,15.6446,15.93776,12.38018,13.79392,17.13001,17.09027,13.73275
1997-01-01,22.32415,17.48463,18.54161,12.43839,21.04701,19.74754,15.91897,21.51916,19.20099,18.285,14.44712,18.2911,19.03437,20.45228
1997-02-01,11.63012,12.53952,6.28362,5.1735,4.32796,5.4109,3.09485,5.95842,3.86669,4.63217,3.2371,4.08187,4.48877,3.96804
1997-03-01,6.47367,4.52489,4.55037,5.0477,2.72736,1.59312,0.13254,4.99001,3.2941,1.92664,1.14341,2.91095,2.46148,3.37967
1997-04-01,5.78212,6.57185,3.05284,1.81522,4.89825,3.95755,1.57475,4.15958,4.0248,5.19768,3.18847,3.02159,4.01338,4.42589
1997-05-01,4.45716,4.1916,2.75356,1.08298,1.13494,0.95374,0.65704,4.05192,1.83221,0.91874,0.65818,1.07681,0.78149,1.82488
1997-06-01,0.14512,0.36058,0.02045,0.00445,0,0,0,0.00813,0,0,0,0,0,0
1997-07-01,0.00196,0.00137,0,0,0,0,0,0,0,0,0,0,0,0
1997-08-01,4E-05,0.00018,0,0,0,0,0,0,0,0,0,0,0,0
1997-09-01,0.66639,0.88875,0.07706,0,0,0,0,0.01417,0,0,0,0,0,0
1997-10-01,5.63607,4.47588,3.89941,0.61197,5.39198,5.32329,3.99121,5.22532,4.49396,5.34596,3.04242,4.58158,7.1264,4.47796
1997-11-01,2.63073,2.11307,1.32472,3.20109,2.9221,4.29408,2.89133,1.34053,0.27291,4.19454,1.86917,1.24851,2.4727,1.25253
1997-12-01,9.58866,9.62748,7.7359,3.58797,6.08269,4.90993,4.29899,7.21173,6.69926,8.48043,7.36915,7.10842,7.73827,6.24695
1998-01-01,15.7714,13.22572,11.98733,9.80983,8.28729,7.0448,4.36809,10.60116,9.8893,9.20223,9.02943,10.30469,10.29556,8.56334
1998-02-01,5.1262,4.75085,2.9978,3.01257,4.228,5.59932,4.81847,4.71731,4.1273,5.73561,4.04406,3.79732,4.17354,4.72536
1998-03-01,11.11878,10.52167,7.25153,2.27976,3.70753,3.61043,1.75063,8.87503,4.93486,3.55745,1.87525,1.61098,2.97317,5.36994
1998-04-01,10.22518,11.07307,8.39092,5.90969,3.46649,2.34169,1.43153,6.03554,4.97301,3.55049,3.18436,4.8392,3.94403,4.46862
1998-05-01,1.39577,1.68038,0.55663,0.00287,0.17684,0.12548,0.00754,0.20836,0.09954,0.38374,0.06317,0.14297,0.00777,0.02159
1998-06-01,0.56632,1.21545,0.25207,0.02004,0,0,0,0.02567,0.00064,0,0,0.00034,0,0
1998-07-01,0.00033,0.00081,0.00064,0,0,0,0,0,0,0,0,0,0,0
1998-08-01,0.00868,0.01445,0.00494,0,0,0,0,0.00197,0,0,0,0,0,0
1998-09-01,0.13199,0.2784,0.01174,0,0,0,0,0,0.00134,0,0,0,0,0
1998-10-01,4.90951,4.43182,2.63398,0.29097,0.96387,0.56391,0.03078,2.42671,1.34214,0.48844,0.3144,0.89158,0.87721,1.55466
1998-11-01,13.68034,11.02964,7.50012,3.11984,7.03601,7.509,4.84862,9.90906,6.23568,6.8424,4.0044,4.28007,6.43911,7.65119
1998-12-01,13.3131,11.41236,8.89085,7.51907,11.53134,8.57977,6.23053,10.13821,8.53451,7.98347,8.07814,8.66774,11.34945,10.34057
1999-01-01,12.91558,12.42272,8.18308,8.04885,6.37849,5.36808,3.35176,7.66841,6.73048,4.91932,5.39971,6.62919,6.62717,7.66144
1999-02-01,15.47473,15.14435,9.87098,6.1143,8.18931,9.04495,7.17588,11.05842,7.94391,7.61726,5.29537,6.08852,7.72059,9.14471
1999-03-01,10.0896,9.85386,7.73893,4.91098,2.10987,1.85632,1.84108,4.86643,3.90321,3.96405,3.01287,3.20928,2.14017,3.08986
1999-04-01,6.55462,6.42117,5.15896,4.97457,2.57131,3.21267,2.65641,5.71103,4.60586,4.29374,3.70358,4.23834,4.34284,4.06905
1999-05-01,0.92712,0.69527,0.10456,0.00237,0,0,0,0.12985,0.00381,0.00042,0,0,0,0
1999-06-01,0.10476,0.4043,0.04482,0.02342,0,0,0,0,0.00021,0,0,0.05489,0,0
1999-07-01,0.01704,0.0057,0.00191,0,0,0,0,0,0,0,0,0,0,0
1999-08-01,0.17173,0.28073,0.03009,0,0,0,0,0.00256,0.00155,0,0,0,0,0
1999-09-01,0.08422,0.03704,0.0001,0,0,0,0,0,0.00021,0,0,0.00723,0,0
1999-10-01,1.34718,0.42645,1.07158,0.04023,0.23804,0.05132,0.00251,1.30395,0.75563,0.63698,0.16646,0.38657,0.20183,0.60976
1999-11-01,7.66521,5.32971,5.91565,1.77987,1.28185,1.07166,0.125,3.66469,4.47079,1.00769,1.06137,2.95456,1.33831,2.85425
1999-12-01,20.62897,18.08743,13.6517,8.78475,11.56415,10.2134,6.84799,15.32427,10.85744,9.0834,5.98361,6.33953,8.80586,12.42946
2000-01-01,12.87959,8.8055,9.68873,5.71435,9.84945,9.12548,9.49435,9.13879,10.11628,12.14044,10.06535,10.14032,10.78348,8.36482
2000-02-01,13.20235,12.47675,7.71222,4.62339,5.67632,5.82628,3.90515,8.12648,5.52653,5.29175,3.30421,4.65965,6.1507,5.65599
2000-03-01,8.70296,9.33637,5.35202,3.21108,5.90471,3.50175,1.52701,6.27689,4.76814,4.76564,2.81597,5.0785,5.7575,7.05731
2000-04-01,9.42479,9.7781,8.15426,6.00589,3.9127,3.48516,1.24937,7.45749,5.95359,3.54945,2.67437,5.21795,4.51046,4.7832
2000-05-01,1.21315,1.51269,0.3621,0.10496,0,0,0,0.31336,0.09339,0,0.00038,0.03094,0,0.00733
2000-06-01,0.32146,0.40604,0.00993,0,0,0,0,0.00035,0,0,0,5E-05,0,0
2000-07-01,0.04508,0.05295,0.00342,0,0,0,0,0.03287,7E-05,0,0,0,0,0
2000-08-01,0.0009,0,0,0,0,0,0,0,0,0,0,0,0,0
2000-09-01,0.05034,0.01955,0.00029,0,0,0,0,0.00256,0.00162,0,0,0.0001,0,0
2000-10-01,1.53114,0.79619,0.62449,0.41555,0.02622,0.00636,0,1.12474,0.49869,0.00178,0.00314,0.29645,0.01076,0.34291
2000-11-01,8.31273,9.20787,2.9931,3.32545,2.02104,1.71791,1.32224,3.12102,0.89671,1.94569,0.89352,1.12582,1.88951,0.91111
2000-12-01,12.27959,13.08874,11.25652,10.32646,9.7594,7.39312,5.34925,11.63206,10.03278,6.5675,6.77514,7.58645,8.54759,10.61534
2001-01-01,20.01052,19.8772,15.72508,13.81435,16.61589,13.38321,10.1049,16.67456,16.29262,13.23797,10.07705,13.62346,15.5153,17.97115
2001-02-01,19.329,15.79661,15.07388,13.61477,14.6604,12.21116,7.62437,19.11185,16.53995,11.89352,11.69415,14.06004,14.22405,17.0295
2001-03-01,17.76887,17.38439,15.87353,11.32093,10.39454,6.9346,3.51822,15.17886,12.76906,5.95192,6.76009,10.0186,9.72536,12.63187
2001-04-01,7.80723,8.16596,5.87636,2.71851,2.50153,1.55833,0.36558,6.61696,3.35874,2.11291,1.92589,4.48005,3.65731,3.75233
2001-05-01,2.67919,2.79359,1.30236,0.15109,0.2177,0.06206,0,1.75319,0.94179,0.02166,0.00822,0.66018,0.03591,0.42667
2001-06-01,0.36328,0.62578,0.09438,0.00912,0.00077,0.00193,0,0.12404,0.1379,0.0123,0.00834,0.0279,0,0.04662
2001-07-01,0.00196,0.00284,0.0001,0,0,0,0,0,0,0,0,0.00284,0,0
2001-08-01,0,0.00012,0,0,0,0,0,0,0,0,0,0,0,0
2001-09-01,0.01374,0.01794,0.01394,0.00589,0,0,0,0,0,0,0,0,0,0
2001-10-01,0.02788,0.03003,0.00117,0.00295,0,0,0,0,0,0,0.00038,0,0,0
2001-11-01,8.45944,6.66127,5.06018,0.63539,5.89665,4.27666,3.65201,5.77967,4.27884,5.94433,4.34291,3.93283,5.83546,4.61884
2001-12-01,20.44721,17.09755,16.78786,11.18953,18.03115,16.7987,15.06093,19.20941,18.83794,18.80332,14.89139,15.66191,18.61449,18.31633
2002-01-01,11.88244,8.97633,6.57498,2.84065,9.42696,8.32855,6.97048,9.89919,7.61547,8.56744,5.1961,7.14774,7.88182,10.00058
2002-02-01,11.83104,13.33717,6.3917,4.38135,4.49584,4.07385,2.47236,6.81905,4.21406,3.86867,3.15041,4.7514,4.20368,5.41779
2002-03-01,10.35627,9.24333,7.38852,5.72419,5.17792,4.47583,1.82663,7.22114,5.67164,3.78903,2.27173,4.83303,5.12402,5.74909
2002-04-01,6.02454,5.75545,4.05886,3.92959,3.4741,1.58274,0.06658,5.74379,4.79272,1.8412,1.10555,4.17931,3.40981,4.33234
2002-05-01,1.43282,1.79873,0.64113,0.23486,0.00179,0.02243,0,0.18293,0.17753,0.04515,0.02993,0.13917,0.00861,0.0507
2002-06-01,0.02507,0.00961,5E-05,0,0,0,0,0,0,0,0,0.00048,0,0
2002-07-01,4E-05,0.00149,0,0,0,0,0,0,0,0,0,0,0,0
2002-08-01,0,0,0,0,0,0,0,0,0,0,0,0,0,0
2002-09-01,0.10007,0.21858,0.02632,7E-05,0,0,0,0,0.00141,0,0,0,0,0
2002-10-01,7.09009,6.93997,5.52586,2.46232,1.84286,1.13851,0.49686,4.32346,3.41088,1.56012,1.15762,1.56934,1.53545,2.52982
2002-11-01,3.90152,4.6839,1.47307,0.28723,0.15483,0.38446,0.04209,1.44448,0.22282,0.60009,0.13372,0.43943,0.40681,0.09453
2002-12-01,8.50204,11.47624,7.55159,5.43135,5.40119,3.92803,1.35239,6.08664,6.14765,3.74618,3.54026,6.20687,5.08496,5.44314
2003-01-01,16.16053,16.46218,13.89892,10.86378,11.8985,11.96511,10.71231,12.63844,12.64691,12.07812,11.05621,11.57696,11.5256,11.26316
2003-02-01,17.91688,16.44475,14.00083,10.65838,15.22813,14.06978,12.09296,16.46667,14.73204,13.73556,10.04888,12.83067,14.9185,16.58876
2003-03-01,11.40229,8.27727,8.04917,7.06689,7.75339,8.07651,2.99937,9.52497,7.2686,6.68774,4.06485,6.77939,8.76042,8.05919
2003-04-01,4.42076,2.55743,2.91771,2.53546,4.4088,4.51379,4.2054,5.42253,4.04684,5.66675,4.24682,3.35057,3.88282,5.08603
2003-05-01,0.626,1.34771,0.70488,0.05216,0.06044,0.01716,0,0.17782,0.21462,0.07639,0.1048,0.44439,0.37275,0.05569
2003-06-01,0,0,0,0,0,0,0,0,0,0,0,0,0,0
2003-07-01,0,0,0,0,0,0,0,0,0,0,0,0,0,0
2003-08-01,0.00012,0.00093,0.00137,0,0,0,0,0,7E-05,0,0,0,0,0
2003-09-01,0.52063,0.34684,0.13166,0.00927,0.00013,0.05726,0.00188,0.16144,0.02254,0.22086,0.10182,0.09734,0.02353,0.01517
2003-10-01,6.33018,7.31762,5.74451,2.77434,3.10214,2.7819,1.90264,3.82114,4.71084,4.12903,4.1598,5.42589,4.94733,2.48068
2003-11-01,6.02902,5.45642,1.99765,2.11445,3.19756,2.06728,0.84108,3.97909,3.06704,2.10182,1.90773,3.48583,4.43295,4.02431
2003-12-01,15.47134,14.66438,11.23025,8.80164,15.54713,10.83619,4.81093,14.29942,13.76545,10.18046,6.50564,10.12837,14.22989,15.2546
2004-01-01,14.62657,13.54015,9.90812,7.16768,10.99603,8.90034,7.47362,9.07538,9.32738,9.22457,7.09679,9.04949,10.96955,9.9082
2004-02-01,16.7019,17.58722,14.65199,12.48897,11.09376,10.23437,9.38065,12.08943,13.58368,10.20553,10.24062,12.60678,12.01668,11.10244
2004-03-01,10.35753,9.14668,8.60937,5.53826,4.97794,4.41476,3.36746,7.21731,7.20389,6.07425,6.72257,8.02713,5.8626,5.33072
2004-04-01,2.45072,2.16286,1.13249,0.54408,0.86614,0.52527,0.11055,0.84274,0.37492,1.02977,0.76332,0.89673,0.97409,0.97173
2004-05-01,0.90262,0.95976,0.37262,0.03693,0,0.01997,0,0.90836,0.46309,0.00884,0.00935,0.15815,0.00146,0.05952
2004-06-01,0.01798,0.01692,0.00078,0,0,0,0,0.0122,0.02621,0,0,0.00342,0,0.00713
2004-07-01,0.02348,0.06456,0,0,0,0,0,0,0,0,0,0,0,0
2004-08-01,0.06261,0.06788,0.00347,0,0,0,0,0,0,0,0,0,0,0
2004-09-01,0.02242,0.09062,0.00284,0,0,0.00615,0,0.00035,0.01766,0,0,0,0,0
2004-10-01,1.06791,2.12137,0.28005,1.20167,0.00544,0.02555,0,0.0137,0.00763,0.00392,0.00075,0.00511,0,0
2004-11-01,6.9102,5.51119,5.22012,1.81974,5.31952,3.84626,2.42148,6.95714,6.05955,3.74152,1.57472,3.60466,4.98462,5.74066
2004-12-01,14.7595,10.42147,9.34473,5.83196,8.18061,9.41424,6.13379,12.3381,8.8474,9.98676,7.14156,6.17434,7.64939,9.3704
2005-01-01,11.13211,9.1496,7.8837,4.44342,5.24303,4.28172,2.59359,7.70685,5.18728,4.74037,2.83031,3.76113,3.90328,5.82346
2005-02-01,14.00921,13.85076,11.86912,7.45686,9.86269,10.86764,7.86181,10.99919,10.3622,10.78082,10.79459,11.99561,10.82393,9.828
2005-03-01,9.94448,9.26769,9.34468,5.89741,8.52494,7.93695,7.04962,8.87062,7.85334,8.2263,7.81123,7.84488,8.68415,7.89024
2005-04-01,5.11063,5.76467,2.55923,1.65342,2.19737,1.32777,1.12626,4.12997,2.18403,1.93758,1.75997,2.39119,2.11041,3.80712
2005-05-01,3.71886,3.68208,2.54592,0.54501,0.74469,0.37997,0.07161,2.06156,1.40155,1.13421,0.24464,1.2633,1.30032,0.91046
2005-06-01,0.22787,0.29294,0.00157,0,0,0.00475,0,0.0921,0.00834,0.00058,0,0.00125,0,0.0155
2005-07-01,0.00029,0.00024,0,0,0,0,0,0,0,0,0,0,0,0
2005-08-01,0.0011,0.00084,0,0,0,0,0,0,0,0,0,0,0,0
2005-09-01,0.04618,0.12975,0.03523,0.00783,0,0,0,0.09292,0.07686,0.0011,0.00759,0.008,0,0.05102
2005-10-01,0.45626,0.757,0.03816,0.03398,0,0.00078,0,0.02265,0.00374,0,0,0,0,0
2005-11-01,13.04325,10.36825,10.63012,6.55636,11.99373,10.04996,9.45415,12.10685,12.82324,11.65158,10.56009,11.92328,12.72236,11.7511
2005-12-01,13.49442,10.44953,10.96512,7.28695,11.75652,12.72699,10.40641,11.91963,12.02614,14.61987,10.39095,9.72422,12.56428,11.25324
2006-01-01,13.19354,12.23999,9.92475,7.36698,8.43477,8.45684,6.83229,12.11684,11.65461,9.88034,10.38977,12.82474,11.50784,9.19035
2006-02-01,14.18828,14.54304,11.287,10.41152,10.17108,8.03218,6.40201,9.90197,10.38008,10.8885,11.17619,11.61377,12.29348,10.06821
2006-03-01,18.00505,17.1522,14.14008,10.2539,12.64921,12.36125,9.72739,15.87538,13.88831,11.77417,9.46762,11.75395,12.04167,14.34809
2006-04-01,8.33462,8.01269,4.63604,3.20253,3.4812,3.70123,1.24937,4.49036,3.2804,3.8717,3.99141,3.79038,3.17907,3.43912
2006-05-01,2.67728,2.98878,0.97206,0.37323,0,0.01111,0,0.79361,0.26365,0.00555,0.00474,0.10095,0,0.06697
2006-06-01,0.00041,0.0605,5E-05,0,0,0.00579,0,0,0,0,0,0,0,0
2006-07-01,0,0.00027,0,0,0,0,0,0,0,0,0,0,0,0
2006-08-01,0,0,0,0,0,0,0,0,0,0,0,0,0,0
2006-09-01,0.00188,0.00185,0.00024,0.00065,0,0,0,0,0,0,0,0,0,0
2006-10-01,0.15592,0.2387,0.02794,0.00345,0,0,0,0.0324,0.11332,0,0,0,0,0
2006-11-01,5.62637,4.15447,2.89094,2.25634,2.74635,2.99046,1.82035,3.34704,2.81095,4.33989,3.88141,4.31674,4.30194,2.47789
2006-12-01,12.35403,8.12041,4.02011,4.18299,5.74476,6.97387,5.93719,9.00929,4.84797,5.80018,4.44737,5.7273,4.97209,6.18458
2007-01-01,10.95439,9.08098,7.12232,4.92061,4.05263,4.25784,3.24121,6.52695,5.50498,4.37856,3.60918,4.08843,4.11833,5.1167
2007-02-01,11.40498,9.19494,7.89246,8.37977,8.06715,8.28589,5.9441,8.88955,8.51261,7.10339,4.7681,7.4655,7.84123,8.07754
2007-03-01,9.29398,9.63232,6.06923,5.19419,3.2399,2.13033,1.76319,5.74925,4.40389,3.4043,2.48677,3.66466,3.02376,4.18004
2007-04-01,2.82382,2.78127,1.77714,1.0615,0.09798,0.98545,0.17148,1.66678,1.48343,0.97604,0.38659,0.88083,0.15454,0.38842
2007-05-01,1.39789,2.41529,0.15402,0.358,0,0.01158,0,0.12334,0.09064,0.00434,0.00763,0.37331,0.02745,0.01472
2007-06-01,0.11055,0.18047,0.00015,0,0,0,0,0,0,0,0,0,0,0
2007-07-01,0.00041,0.00149,0,0,0,0,0,0,0,0,0,0,0,0
2007-08-01,0.00505,0.00534,0.00093,0,0,0,0,0,0,0,0,0,0,0
2007-09-01,0.95357,0.94484,1.00357,0.29298,0,0,0,0.23763,0.31692,0,0.00599,0.08139,0,0.01219
2007-10-01,2.06176,0.71154,0.943,0.32912,0.07067,0.61226,0.25251,2.14704,0.98001,1.34423,0.25617,0.40372,0.35115,0.9539
2007-11-01,6.48402,4.93606,4.3986,2.00072,4.78121,5.16673,4.7255,4.16016,4.91007,6.01737,4.54504,5.33418,6.33331,4.06872
2007-12-01,17.34897,14.06892,10.25931,5.08866,11.46649,10.29231,9.96106,14.07445,12.1704,11.55604,9.08216,11.37076,12.08135,10.99352
2008-01-01,15.38925,15.13805,8.44601,5.94964,2.79087,1.03713,0.46922,8.24251,5.35415,2.56362,1.56902,3.30416,3.18499,5.57812
2008-02-01,13.23516,11.47263,9.66417,8.7045,12.37151,13.30008,9.11935,11.79117,10.91833,12.59758,8.31151,10.96193,13.4614,11.17687
2008-03-01,15.03518,14.7441,9.68702,5.05259,6.01228,5.22905,3.48744,9.76214,7.21611,6.04897,4.06728,5.45832,5.98647,7.33338
2008-04-01,9.25082,9.42123,6.76217,3.98161,5.63718,4.96141,4.0603,7.18862,4.98538,5.76973,5.38067,5.57835,5.9817,5.50512
2008-05-01,0.8983,1.04859,0.14619,0.10216,0.0126,0.07698,0,1.42973,0.33232,0.03328,0,0.00246,8E-05,0.36028
2008-06-01,0.10036,0.33141,0.00817,0.00137,0,0,0,0.00023,0.00558,0,0,0.02443,0,0
2008-07-01,4E-05,0,0,0,0,0,0,0,0,0,0,0,0,0
2008-08-01,0,0.00054,0,0,0,0,0,0,0,0,0,0,0,0
2008-09-01,0.03656,0.16235,0.00284,0.00338,0,0,0,0.00128,0.00148,0,0,0,0,0
2008-10-01,5.07668,4.60761,3.38666,1.43293,3.07745,3.29481,1.52764,3.29164,2.58453,2.64169,1.29214,1.89996,2.20006,3.15878
2008-11-01,11.49511,9.08122,7.68247,3.5481,5.5921,4.49726,2.86621,6.14135,4.95542,3.32393,2.55359,4.14341,5.40858,5.52114
2008-12-01,18.68906,15.55847,16.48021,13.98599,15.00787,13.01048,10.9554,16.13403,17.32045,14.0485,13.49285,16.25063,15.88598,15.54059
2009-01-01,20.95838,15.05385,14.14878,13.95287,14.73727,14.69518,13.01382,16.03124,12.94511,16.23838,13.94609,14.78527,16.16808,13.44197
2009-02-01,13.79557,12.12769,12.36068,10.988,13.40356,12.29132,11.01822,13.44715,12.69149,12.56912,10.31582,11.51672,12.55013,13.24507
2009-03-01,10.09755,9.57316,6.8771,5.15195,5.2965,7.17356,3.86244,5.66318,5.33953,7.054,5.12719,5.65748,5.69237,4.49955
2009-04-01,3.62372,3.30428,1.48818,0.25699,0.26682,0.27854,0.00503,1.81614,1.17577,0.51575,0.49893,1.89774,0.5775,0.58033
2009-05-01,1.63741,1.39233,0.18181,0.10655,0,0.01799,0,0.01556,0.01123,0.02375,0.00264,0.00154,0,0.00026
2009-06-01,0.37437,0.6248,0.07094,0.00122,0,5E-05,0,0.04158,0.02367,0,0,0.00067,0,0.00039
2009-07-01,8E-05,0.00072,0,0,0,0,0,0,0,0,0,0,0,0
2009-08-01,0,0,0,0,0,0,0,0,0,0,0,0,0,0
2009-09-01,0.00241,0.01179,0.00489,0.00374,0,0,0,0.00012,0.00798,0,0,0,0,0
2009-10-01,1.57798,1.69285,0.48647,0.21798,0.00013,0.05492,0.01884,0.44518,0.16291,0.39028,0.08288,0.46376,0.00561,0.12098
2009-11-01,6.91872,6.76097,3.56167,3.43509,0.12586,0.06962,0.02136,2.49419,1.55005,0.08879,0.00218,0.29872,0.04198,0.70792
2009-12-01,23.85965,21.32088,21.30006,16.40879,15.10054,14.13252,12.72802,18.73879,18.4491,14.95605,13.10866,14.69189,15.31355,15.98399
2010-01-01,22.19424,20.76001,19.25398,16.72297,17.29285,16.02983,16.13065,19.27096,17.2953,19.39378,19.23391,19.3536,19.164,17.7299
2010-02-01,22.0448,21.00854,20.57933,18.38738,16.48133,15.8569,9.37312,20.76852,21.32264,12.31158,10.02842,16.76205,15.82616,18.5977
2010-03-01,14.00024,12.89365,12.42556,12.56132,9.16859,8.32918,5.07915,11.33287,12.26104,8.8953,10.23089,13.1065,11.14155,10.21564
2010-04-01,6.52136,7.49758,4.91971,5.44062,1.78633,2.82993,0.29209,4.60743,3.53727,2.82461,1.41086,5.28542,3.04321,3.10503
2010-05-01,5.31738,4.46287,3.42399,1.48021,1.24156,1.70618,0.32286,3.9921,2.66697,1.651,0.53666,2.02221,0.6996,2.82514
2010-06-01,0.00885,0.00794,0.00073,0,0,0,0,0.00348,0.00106,0,0,0,0,0
2010-07-01,0.00012,0.00642,0,0,0,0,0,0,0,0,0,0,0,0
2010-08-01,0.00933,0.03761,0.00333,0,0,0,0,0,0,0,0,0.00034,0,0
2010-09-01,0.60521,0.91475,0.73174,0.05712,0,0,0,0.00697,0.02176,0,0.0052,0.1529,0.00331,0
2010-10-01,3.26137,3.32741,3.01551,2.26036,1.57355,1.35327,1.22739,1.9669,2.53331,2.92021,1.91453,2.93287,2.89912,1.44988
2010-11-01,15.42671,15.46923,13.40061,12.62102,10.25384,9.37768,7.84862,10.34274,10.96976,10.11009,8.25647,9.58852,11.19468,9.54435
2010-12-01,26.04231,23.95496,24.58721,23.09175,22.79573,23.90488,22.7098,23.59628,23.97245,24.80463,23.71256,24.06279,23.99631,22.11255
2011-01-01,20.87188,15.30204,17.16444,17.10611,14.10597,9.97398,7.40955,16.06609,16.30632,11.41225,12.73628,15.57537,14.95018,14.99968
2011-02-01,12.84657,11.52582,6.24448,6.05891,2.23958,2.56073,1.77261,5.03949,2.96206,3.43088,2.69214,3.48506,3.19114,3.08519
2011-03-01,12.27882,10.37989,10.15446,9.4024,5.94378,5.9928,4.35804,10.21731,10.21547,7.2208,6.96743,9.53127,7.64878,7.16935
2011-04-01,2.01977,1.06406,0.48266,0.04447,0.02481,0.13314,0,1.04472,0.51049,0.04332,0.00721,0.29274,0.21398,0.28151
2011-05-01,2.39186,1.53764,0.5011,0.00266,0.64045,0.73757,0.01068,1.18188,0.38022,0.1869,0.01924,0.03248,0.45433,0.78248
2011-06-01,0.1196,0.38553,0.01101,0.00948,0,0.00021,0,0.00163,0,0.0011,0,0.1795,0.01246,0.00428
2011-07-01,0.00057,0.01624,5E-05,0,0,0,0,0,0,0,0,0,0,0
2011-08-01,0.00069,0.00039,0,0,0,0,0,0,0,0,0,0,0,0
2011-09-01,0.00616,0.00331,0.00113,0,0,0,0,0.00046,0.00099,0,0,0,0,0
2011-10-01,0.77972,0.6765,0.29405,0.02285,0.34753,0.48527,0.01947,0.51591,0.37294,0.48577,0.09952,0.21762,0.02137,0.55641
2011-11-01,3.04468,2.97332,1.26538,1.35211,0.50441,1.1552,0.73367,1.60801,1.59371,1.11312,0.42695,1.07402,0.6896,0.50428
2011-12-01,17.79476,15.97863,9.50609,6.38185,5.64588,5.21199,4.49497,10.4863,6.38312,5.17921,2.37736,3.63242,5.33262,7.74475
2012-01-01,16.17813,13.57665,9.06786,3.74862,8.34101,9.20475,7.20477,11.85436,10.29622,8.62563,6.42339,8.30691,9.46225,9.73619
2012-02-01,11.74539,9.24405,8.59024,4.83153,13.66385,14.11849,12.88505,13.0669,12.28732,14.62197,11.71972,11.54289,12.98085,13.54383
2012-03-01,5.62082,4.85565,2.95831,2.93563,2.35284,3.13304,0.55528,3.37538,2.09926,2.54835,1.8034,1.92295,2.89482,2.2087
2012-04-01,10.25823,11.39198,7.94917,4.88771,4.09011,3.90561,1.95729,5.79094,5.16651,4.46583,3.72086,5.03971,5.22959,5.19061
2012-05-01,5.31946,5.02486,3.34057,1.35936,0.64396,0.05575,0,3.07503,1.8077,0.05102,0.04355,0.46632,0.15524,1.83649
2012-06-01,0.50962,0.85025,0.08905,0.02227,0,0.00772,0,0.00314,0.01024,0,0,0,0,0
2012-07-01,0.00069,0.01955,0,0,0,0,0,0,0,0,0,0,0,0
2012-08-01,0.14206,0.20005,0.00587,0,0,0,0,0.03473,0.00106,0,0,0,0,0
2012-09-01,1.1913,0.73611,0.52879,0.22832,0,0,0,0.25552,0.31854,0,0,0.01682,0.00269,0.0708
2012-10-01,7.78783,6.96287,4.74319,1.53646,0.54937,0.55609,0.26633,3.46829,1.73472,1.4042,1.20189,1.51725,1.95333,0.90301
2012-11-01,11.75518,9.57638,6.08993,6.37373,5.5229,3.55765,1.91018,7.22346,5.36291,4.50256,3.3772,5.27607,6.04244,6.13135
2012-12-01,16.16207,17.0485,12.18768,9.32359,10.12887,9.99213,10.0402,12.60523,12.02911,10.44857,7.23559,9.69613,10.60295,11.09673
2013-01-01,17.01288,13.38944,12.94163,9.15166,16.30001,16.26467,12.75503,14.79547,15.69869,13.4718,10.05362,15.0092,15.80071,15.37831
2013-02-01,20.08532,17.64089,16.58325,10.43904,14.937,11.90576,7.61683,16.74681,16.58255,13.47347,10.32911,13.74759,16.56912,16.02055
2013-03-01,23.72151,20.29058,20.54049,16.18248,19.04918,16.81465,12.46294,20.42869,20.99025,16.15964,15.91402,19.88372,19.64001,19.10147
2013-04-01,11.7787,13.41756,9.20735,6.74337,8.43035,9.17205,5.13191,7.22253,8.96333,7.99911,6.94144,8.86864,8.34622,7.54953
2013-05-01,2.67243,3.45893,1.42257,0.29413,0.57694,1.22013,0.00503,1.02787,0.97337,0.30933,0.19472,1.03966,0.44818,0.31834
2013-06-01,0.06392,0.0985,0.01037,0,0,0.00016,0,0,0.00035,0,0,0,0,0
2013-07-01,0.00037,0.00024,0,0,0,0,0,0,0,0,0,0,0,0
2013-08-01,4E-05,0.00072,0,0,0,0,0,0,0,0,0,0,0,0
2013-09-01,0.28571,0.32711,0.00445,0.02536,0,0,0,0.00511,0,0,0,0,0,0
2013-10-01,0.95875,1.19465,0.21234,0.21323,0,0,0,0.00093,0.0106,0.00272,0.00155,0.0092,0.01007,0
2013-11-01,15.56722,9.93857,10.20657,4.39644,3.68445,2.7795,1.79774,10.37782,9.11021,3.93355,4.44209,5.39408,5.83123,7.04435
2013-12-01,8.69864,8.38183,2.4236,3.82456,1.92933,2.89591,3.1049,4.56492,2.12292,4.43789,2.32848,3.37139,2.27149,3.08526
2014-01-01,10.68062,10.16766,5.05401,5.10561,5.56907,5.07859,2.15327,6.29512,3.01102,4.57006,3.73171,4.05826,4.30463,5.85192
2014-02-01,9.42288,9.21817,4.12594,6.4468,2.27194,0.46128,0.00565,4.97747,2.55281,0.15634,0.46137,1.86637,1.39228,3.88161
2014-03-01,8.57541,6.06686,4.67733,6.85308,4.80372,5.27823,1.7745,7.20453,4.64203,4.30337,2.20704,4.40579,4.38982,5.93004
2014-04-01,3.41615,2.45899,1.59298,1.04469,0.58084,0.85476,0,2.25319,0.91416,0.4697,0.11465,0.49287,0.57689,1.28644
2014-05-01,1.19208,1.77228,0.03043,0,0.58365,0.30269,0.00942,0.94053,0.17866,0.40854,0.03324,5E-05,0.30055,0.79921
2014-06-01,0.00159,0.0054,5E-05,0,0,0,0,0,0,0,0,0,0,0
2014-07-01,4E-05,0.00042,0,0,0,0,0,0,0,0,0,0,0,0
2014-08-01,0.17455,0.13274,0.00342,0.01581,0,0,0,0,0,0,0,0,0,0
2014-09-01,4E-05,0.0009,0.00034,0,0,0,0,0,0,0,0,0,0,0
2014-10-01,0.70153,0.68432,0.41812,0.31022,0,0.00694,0,0.29593,0.27425,0.0091,0.00122,0.01566,0.00138,0.07663
2014-11-01,2.97599,4.69512,1.00661,1.2748,3.12849,2.4436,0.97739,1.70743,1.03525,2.39509,1.94332,2.3497,3.65554,1.71486
2014-12-01,18.12918,14.47245,10.54372,7.67146,11.00972,10.54691,8.97111,12.89268,11.35196,11.16414,8.00583,9.25877,11.65501,11.98496
2015-01-01,18.29378,15.96081,13.0115,12.519,12.91641,12.9394,10.48618,13.87433,11.57768,11.19558,7.158,10.07276,11.57043,13.03961
2015-02-01,15.89239,12.67608,11.57444,9.60277,10.07393,9.59275,6.23681,13.18269,10.35457,11.0822,10.89751,12.47571,11.96302,11.03994
2015-03-01,12.48736,10.9249,8.93987,9.19606,5.0424,4.8146,1.8505,9.81963,8.27213,3.3333,2.24498,8.19246,5.64847,6.70267
2015-04-01,9.0671,7.62778,5.77719,3.5093,1.69423,1.34044,0.03518,5.25645,3.81872,1.20553,0.66971,1.88772,1.97962,2.28034
2015-05-01,4.17626,4.08993,2.08107,0.96422,0.28159,0.42529,0,1.97038,0.84119,0,0.0034,0.04645,0.01438,1.00363
2015-06-01,0.49054,0.69748,0.02857,0.02177,0,0,0,0.16353,0.04203,0,0,0.00352,0,0.04162
2015-07-01,0.00298,0.00146,0.00078,0,0,0,0,0,0,0,0,0,0,0
2015-08-01,0,3E-05,0,0,0,0,0,0,0,0,0,0,0,0
2015-09-01,0.0009,0.00573,0.0001,0.00194,0,0,0,0.00012,0.00226,0.00126,0,0.01609,0.00108,0.0011
2015-10-01,1.34881,1.65038,0.24918,0.32172,0,0.03134,0,0.13717,0.20699,0.02145,0.01341,0.1384,0.01338,0.02846
2015-11-01,5.56738,5.51654,3.15441,1.33875,2.47691,2.30117,2.02638,2.75436,2.49968,2.6058,1.97736,2.40912,2.89359,2.27593
2015-12-01,8.49226,8.79019,3.28842,3.03334,0.19666,0.0001,0,2.80987,1.64055,0.01266,8E-05,0.03773,0.00546,1.64121
2016-01-01,16.62025,15.02421,10.20206,8.26352,8.87887,7.96495,5.2142,13.26272,7.3213,6.96562,5.44838,6.12408,6.83915,10.06406
2016-02-01,19.27299,18.79025,14.68839,11.65357,10.83135,10.85711,8.27827,15.03357,12.50321,9.38614,7.74353,10.11556,11.29994,12.87351
2016-03-01,12.02703,11.6899,7.57635,5.24485,6.13622,6.09095,3.79585,8.03914,7.67065,7.9438,5.50908,8.07305,8.54859,5.45507
2016-04-01,10.77038,10.6479,7.90303,5.95431,4.86397,3.79896,1.38819,7.90523,6.76687,4.27423,3.31792,5.5784,5.51,5.19392
2016-05-01,1.31999,0.9757,0.93537,0.2937,0.39076,0.79724,0.19095,0.64448,0.57711,0.71944,0.21023,0.30224,0.30378,0.203
2016-06-01,0.00501,0.00695,0.00137,0,0,0,0,0.00639,0.01081,0,0,5E-05,0,0.00019
2016-07-01,0.00269,0.00212,0,0,0,0,0,0,0,0,0,0,0,0
2016-08-01,0.07223,0.18384,0,0,0,0,0,0,0,0,0,0,0,0
2016-09-01,0.00065,0.00385,0,0.00201,0,0,0,0,0,0,0,0,0,0
2016-10-01,1.38378,2.67435,0.06806,0.22674,0,0.00136,0,0.0417,0.09212,0.00555,0.01455,0.0677,0.00707,0.01225
2016-11-01,15.67569,12.00116,12.76618,8.31547,4.63443,4.32167,3.2142,11.53357,10.89205,5.76847,3.85563,6.49793,6.40035,7.58681
2016-12-01,7.42589,7.17536,3.21885,2.5601,6.80072,8.08574,7.45163,4.68757,4.90922,9.29416,6.67743,6.57488,9.12087,5.26219
2017-01-01,17.62771,12.88663,13.51201,8.73231,15.338,16.06482,15.58354,15.56469,13.38976,17.04338,11.45223,11.01928,15.34615,13.96544
2017-02-01,10.93078,12.14301,6.27046,7.0587,3.88456,2.05778,1.32412,6.49791,4.13988,3.5945,4.12241,6.14264,4.89636,4.71998
2017-03-01,10.96947,10.80109,6.7337,5.16424,0.48356,0.08229,0,4.8158,2.8645,0.06514,0.4241,2.18172,1.70652,2.20494
2017-04-01,5.15188,4.36616,3.13636,0.59221,2.22135,2.31348,1.09925,3.83194,3.25539,2.60575,1.97657,2.80893,1.64909,2.35886
2017-05-01,1.0437,1.37216,0.27218,0.08514,0.23919,0.11776,0,0.09895,0.2443,0.33037,0.02863,0.46791,0.32054,0.03229
2017-06-01,0.08218,0.32347,0,0,0,0,0,0,0,0,0,0,0,0
2017-07-01,0,0.00549,0,0,0,0,0,0,0,0,0,0,0,0
2017-08-01,0,0,0,0,0,0,0,0,0,0,0,0,0,0
2017-09-01,0.0748,0.01961,0.00161,0.00862,0,0,0,0.00708,0.00473,0,0,0,0,0
2017-10-01,1.24662,0.9869,0.76041,0.04354,0.19231,0.01278,0.00188,0.72509,0.83815,0.35533,0.12144,0.51764,0.82124,0.2052
2017-11-01,12.59282,8.59758,8.55976,3.60938,4.77142,4.53017,3.9108,8.53298,7.04726,5.65399,4.19078,5.62486,6.33154,6.22828
2017-12-01,18.60558,15.23697,14.75253,10.382,11.72403,11.30248,10.21922,16.40186,13.30717,12.05452,6.88853,9.32917,11.38659,14.02451
2018-01-01,17.11092,17.418,12.88042,9.40032,6.71796,6.88621,1.96922,9.35157,7.13289,4.59408,4.74446,7.89866,7.43972,6.77464
2018-02-01,21.46776,18.8192,16.26753,15.70458,16.23868,16.09142,13.73807,18.1453,15.68054,16.07916,13.3891,14.20552,14.48209,16.21376
2018-03-01,18.99878,16.13647,14.78614,12.52712,11.04554,9.41387,6.71357,14.46225,12.81208,8.38703,8.22,10.9188,11.21259,13.26874
2018-04-01,6.04977,6.94732,3.97916,3.71219,0.2358,0,0,2.37294,1.74977,0.0033,0.1328,1.98752,0.68253,1.01802
2018-05-01,1.51109,1.23906,0.68746,0.13341,0.17166,0.01377,0,1.21684,0.52307,0.31206,0.28086,0.65252,0.31155,0.59291
2018-06-01,0.00224,0.00821,0.0001,0,0,0,0,0,0,0,0,0.00029,0,0
2018-07-01,0,0,0,0,0,0,0,0,0,0,0,0,0,0
2018-08-01,0.00016,0.00167,0,0,0,0,0,0,0,0,0,0.00067,0,0
2018-09-01,0.29839,0.05985,0.11977,0.05403,0.00051,0.04939,0,0.05331,0.04225,0.09198,0.00344,0.34633,0.09742,0.01867
2018-10-01,5.1889,3.83714,4.14242,2.52568,2.31958,1.08949,0.88631,3.75238,3.23659,1.92554,2.93356,3.72644,3.67769,2.70844
2018-11-01,3.61915,5.11987,2.74289,2.08183,1.81351,1.12589,1.6294,1.44785,2.56362,2.82037,2.95401,2.80975,3.5426,1.62753
2018-12-01,11.90225,9.97523,5.94902,2.38221,4.21009,3.43917,2.20163,7.59396,5.03935,3.48535,1.58885,2.45437,2.97171,5.86443
2019-01-01,19.1485,17.23243,14.69318,8.04454,13.78927,12.68396,10.84673,15.13891,13.90201,14.94166,10.70824,11.94839,14.64109,13.19969
2019-02-01,9.93686,8.69259,6.59489,5.00524,7.87733,8.38853,5.25126,7.42892,5.82847,7.90488,5.06426,6.05204,8.69214,6.94645
2019-03-01,8.96837,7.81228,4.53594,2.63194,0.69468,0.92,0.30779,4.56063,2.37125,1.14708,0.69818,2.73704,1.39013,2.34933
2019-04-01,6.49943,4.80333,4.27174,1.27445,5.12868,5.15192,2.2142,6.2813,5.14793,4.0225,2.17543,2.67088,4.56535,5.83266
2019-05-01,3.28644,5.58334,2.11649,1.32495,0.04458,0.02362,0,2.33055,0.97245,0.28945,0.67961,1.6276,0.23036,0.56594
2019-06-01,0.01133,0.00612,0.00029,0.00855,0,0,0,0.01777,0.00325,0,0,0.00251,0,0
2019-07-01,0.00065,0.00606,0,0,0,0,0,0,0,0,0,0,0,0
2019-08-01,0,0.00036,0,0,0,0,0,0,0,0,0,0,0,0
2019-09-01,0.07729,0.01286,0.00054,0,0,0.0001,0,0.01765,0,0.00078,0,0.00694,0,0.00344
2019-10-01,5.70969,5.16462,4.00587,1.86199,0.33839,0.39635,0.32726,1.87131,2.0604,0.59429,0.21794,1.06298,1.02845,0.80757
2019-11-01,12.41688,13.55397,11.52273,6.90179,4.32451,4.03463,3.39824,7.87886,7.86189,4.25052,2.7883,3.98665,4.66423,5.67207
2019-12-01,11.95699,11.27592,5.53114,5.70673,5.78031,6.73027,5.5201,7.74727,5.8965,6.7692,4.16739,5.05913,6.22713,6.40664
2020-01-01,9.76329,7.95009,5.13983,5.23788,3.02629,3.41048,4.17839,5.25087,3.81392,4.65168,4.57573,4.19723,3.90074,3.06509
2020-02-01,14.77454,13.98845,6.92157,4.74093,3.11704,3.44892,2.65201,7.73589,4.5172,3.07613,1.13272,3.05884,2.69214,4.65314
2020-03-01,12.74874,12.55943,8.67572,7.581,7.03031,4.31729,2.12437,9.00743,7.14659,4.3276,3.45865,6.54506,6.62771,8.15923
2020-04-01,6.68054,6.88347,2.54044,1.9242,0.50927,1.3284,1.04083,2.11382,1.41971,2.11433,1.93045,2.20774,1.67922,0.94988
2020-05-01,4.34208,4.01322,2.82895,1.80667,1.4205,1.19359,0.23241,2.58537,2.04974,1.21212,0.99262,2.22301,1.94987,2.09952
2020-06-01,0.12331,0.23384,0.00391,0.00295,0,0,0,0.0216,0.00057,0,0,5E-05,0,0.00039
2020-07-01,0.00245,0.02495,0,0,0,0,0,0,0,0,0,0.00279,0,0
2020-08-01,0.00893,0.02734,0.00108,0.00029,0,0,0,0,0,0,0,0,0,0
2020-09-01,0.87824,1.3141,1.12266,0.45039,0,0,0,0.1108,0.05313,0,0.0039,0.06438,0.00946,0.04713
2020-10-01,0.65258,0.50275,0.44689,0.14678,0,0,0,0.53554,0.20572,0,0,0.00824,0,0.07138
2020-11-01,5.20614,3.86672,1.5169,0.72541,2.30487,3.45799,1.80967,2.89942,1.46697,3.36291,2.46326,2.79472,4.08927,1.56911
2020-12-01,13.09738,11.40998,11.61769,7.31374,9.08493,8.55432,6.92274,8.94286,9.85023,9.18894,5.87076,7.05961,7.90681,8.20812
2021-01-01,25.06445,23.05444,20.37208,15.29226,17.15541,15.86743,13.28266,20.43821,18.47524,15.79034,14.42934,15.08659,16.64739,18.18756
2021-02-01,12.58356,13.06071,10.12276,6.2156,11.50205,10.2897,7.94786,11.37468,10.61505,9.98964,9.04288,10.53633,11.56259,11.12519
2021-03-01,7.77853,7.50346,5.60003,2.93182,2.91213,2.01007,1.76947,5.8151,5.57421,3.97269,4.36403,6.49605,5.24366,3.85762
2021-04-01,18.63652,16.82159,14.53129,8.57016,13.72423,12.10493,7.04146,17.31452,13.50717,12.37683,9.22368,11.51238,13.33077,15.70546
2021-05-01,4.91611,4.77792,3.23729,2.56498,1.09459,1.31625,0.1652,3.67793,2.69417,1.71013,1.40683,2.47287,1.6467,2.23865
2021-06-01,0.07631,0.35726,0.00152,0,0,0,0,0,0.00148,0,0,0.00323,0,0
2021-07-01,0.00273,0.00579,0,0,0,0,0,0,0,0,0,0,0,0
2021-08-01,0,0.00021,0,0,0,0,0,0,0,0,0,0,0,0
