,2001,2002,2003,2004,2005,2006,2007,2008,2009,2010,2011,2012,2013,2014,2015,2016,2017,2018
1.1.1.1 Rice,125.1473317,126.6433831,120.989493,125.8076351,113.7991684,114.0373754,107.7740947,121.1184647,122.2930651,106.5387253,115.3314585,99.86333361,104.8851283,120.4344351,110.1260139,92.89777619,102.0358008,107.9392678
1.1.1.2 Bread,1160.60358,1148.423914,1081.02757,1174.692983,1026.942511,1012.888071,996.7597641,885.095581,880.2611093,745.4231341,824.1627659,711.22585,737.4399894,697.8794081,617.4928374,543.2248155,594.3224357,561.4109546
1.1.1.3 Other breads and cereals,964.8229521,962.2290693,889.3186053,915.370376,815.361782,782.8824061,725.3319885,640.8146555,669.590629,603.5950554,670.7267803,573.9790318,616.0517401,650.4926337,587.1455327,513.0360355,566.409551,536.7103492
1.1.2 Pasta products,203.1841736,188.0140503,168.4415829,178.1379189,145.6680807,137.4211354,136.155973,129.5640812,136.9566891,124.7764307,132.8828332,117.733255,115.0001042,113.250868,103.4004987,95.9239945,99.07396778,96.21426264
"1.1.3.1 Buns, crispbread and biscuits",2477.033412,2572.508685,2487.065199,2652.263885,2562.526025,2646.220453,2511.32768,2459.724816,2252.510369,2350.196042,2410.936946,2627.274335,2536.577954,2623.014998,2678.970549,2398.279551,2279.625529,2229.33006
1.1.3.2 Cakes and puddings,2326.645592,2198.842972,2204.896982,2271.472763,2230.631212,2213.865989,2116.047979,1902.877638,1687.791027,1680.00596,1654.922701,1881.359866,1666.310237,1750.920792,1708.439256,1680.08086,1543.330386,1541.507867
1.1.4 Pastry (savoury),2094.954723,1990.670384,1940.771583,2047.426358,2021.126969,1981.421642,1782.006539,1611.593149,1514.44204,1503.466779,1460.96434,1511.843403,1525.633553,1501.94182,1643.133622,1492.668839,1470.963381,1556.316117
"1.1.5 Beef (fresh, chilled or frozen)",7699.573881,7536.09017,7336.231027,8320.725027,8211.779697,8289.539773,7488.467968,6960.181113,7056.09955,6769.828685,6875.156835,7080.915921,7348.122102,7304.508335,7499.435153,7221.845172,7007.044013,6768.809673
"1.1.6 Pork (fresh, chilled or frozen)",3268.394268,3210.902839,2891.439913,3179.93229,2963.122667,2951.626058,2822.410733,2804.109751,2752.437899,2557.039774,2724.833985,2737.903055,2550.617724,2597.692679,2330.027049,2149.679386,2112.703755,1922.729313
"1.1.7 Lamb (fresh, chilled or frozen)",3252.882958,3268.548069,3226.93202,3310.103978,3704.971378,3433.819542,3169.767323,2812.026686,2706.746839,2784.157784,2648.494569,2636.690492,2513.217078,2455.388359,2657.60612,2128.604596,2152.614672,1890.434906
"1.1.8 Poultry (fresh, chilled or frozen)",8679.089639,8280.359979,8425.851307,9020.865205,9509.123947,8802.03641,8402.281215,8237.256003,8388.87697,7894.084724,8607.03804,9086.512025,9303.794719,8855.062898,8266.970534,8538.626664,8149.144104,8200.716577
1.1.9 Bacon and ham,5047.82824,4800.56527,4512.776484,4832.107182,4611.489922,4453.633997,4025.86804,4077.403083,4207.972342,4001.21716,4043.171261,4051.740271,3915.517744,3627.747169,3429.085695,3269.473348,3076.12789,2906.775898
1.1.10.1 Sausages,3225.156353,3153.771669,3134.253057,3429.86949,3320.812918,3195.715227,3121.120905,3060.410517,3099.123617,3205.243995,3270.262088,3344.419865,3480.384276,3302.954267,3296.859905,3184.501461,3071.937097,3230.122275
"1.1.10.2 Offal, pate etc",606.623112,633.2742138,566.5993038,532.834462,562.0990434,489.5736113,451.8422132,447.7671366,430.5952696,428.6170494,458.8127446,449.2651389,428.2495866,400.4967461,377.6547618,375.8209138,353.1267581,386.8345322
1.1.10.3 Other preserved or processed meat and meat preparations,13940.51856,13516.78271,21718.61403,22785.21568,22701.91265,21648.2807,19863.51444,18810.8455,19089.02666,18608.56048,19458.85786,19532.37995,20078.20457,19091.94444,19740.03925,19426.969,18886.59545,19511.4667
"1.1.10.4 Other fresh, chilled or frozen edible meat",8970.097013,9366.878361,31.92142923,93.62219311,167.5681743,80.08972935,94.41369621,143.3763923,40.57508678,84.23132715,140.4668734,63.44160042,140.946273,116.1248971,44.79840015,114.6670187,66.34692612,71.35773515
"1.1.11.1 Fish (fresh, chilled or frozen)",348.3953051,317.6751364,252.8520853,247.3752228,244.6915993,261.0775331,254.2274935,250.4574851,495.8613069,463.8962975,440.2873719,505.9313663,478.2043543,544.058814,531.4953594,519.9257222,509.4048606,237.2646839
"1.1.11.2 Seafood, dried, smoked or salted fish",167.2651061,169.9957569,145.5099911,157.9656404,157.9147309,173.489983,183.2657915,172.581688,362.9436467,332.6963433,320.1641285,311.1132052,317.2832189,385.4250454,409.1047307,378.7073021,332.9138308,163.9709187
1.1.11.3 Other preserved or processed fish and seafood,312.6618033,312.4158894,298.8987038,313.874009,322.9896364,326.5142964,315.6693097,327.3177356,679.4808641,649.3439906,675.2889735,698.706633,702.3951547,718.2800775,755.3015005,675.0769451,685.6117241,322.2969807
1.1.12.1 Whole milk,982.9716189,849.9996635,890.7166226,709.7145896,724.8542709,692.7003614,596.0782376,591.1096486,521.6970465,446.6266642,387.3312403,348.4221592,288.6476628,264.7496564,298.4514899,259.4036899,246.9382251,283.6574687
1.1.12.2 Low fat milk,1750.527938,1621.950506,1587.794165,1669.634224,1833.716131,1639.145397,1670.017458,1628.266875,1500.089581,1473.980392,1311.895882,1494.408017,1192.650893,1209.585695,1058.724575,979.4073294,856.8993824,956.4748845
1.1.12.3 Preserved milk,183.3110135,158.0815633,151.7047552,158.4358668,161.5642951,166.0614052,183.9511798,156.1642346,179.9056105,146.9416447,163.687084,185.8081667,199.3550629,149.2287585,211.4870289,158.5371627,146.567756,163.1042246
1.1.13 Cheese and curd,1849.314343,1705.804084,1677.253092,1668.342446,1795.519639,1662.879136,1651.940012,1501.830686,1383.032848,1491.055456,1393.888908,1563.467511,1387.712651,1347.014009,1383.890378,1283.514705,1154.188907,1336.400227
1.1.14 Eggs,541.4649792,507.6353126,512.227272,505.2413791,543.2510761,490.5225065,549.9088412,561.6961312,496.0859898,532.202425,486.3481736,586.9560704,511.4535183,500.1108628,492.0835132,451.14478,404.6192643,480.9904384
1.1.15.1 Other milk products,937.4507301,919.9568629,931.4798378,827.019041,880.5512773,819.1925612,851.1184813,776.6824651,725.0377494,721.50083,670.4534022,792.9515278,661.5148919,684.8591191,691.7338485,657.5735387,671.9627988,721.2982615
1.1.15.2 Yoghurt,881.1928274,837.0636103,894.6520627,966.267085,1049.319614,1000.161427,932.9108597,905.4377021,823.6570129,838.4331116,765.1748795,891.2451735,755.9925132,781.2335281,822.2311315,751.9879556,679.0237593,747.1620122
1.1.16 Butter,374.0338496,324.1154314,291.4291841,296.9777735,333.1577671,319.3631445,330.0054463,339.2255336,271.7863291,304.4319132,321.5846281,390.1311649,334.1659475,338.0471588,340.6648908,257.5206345,275.5019516,317.5145736
1.1.17 Margarine and other vegetable fats and peanut butter,580.1649511,540.2781677,531.927195,514.8505309,512.0732646,467.5032361,443.2685084,445.9595253,387.2274451,425.9581087,398.8312625,443.3140828,355.692946,341.7545303,326.9553402,331.1325979,339.5855033,390.7235408
1.1.18.1 Olive oil,272.0938382,322.9965858,231.4321347,245.9489999,187.3050236,199.3052526,156.9873126,140.6885062,134.6427344,129.4587699,142.5141406,130.2890193,149.0270534,104.8526968,121.1568814,125.766817,128.834911,150.1157568
1.1.18.2 Edible oils and other animal fats,380.5247591,369.7717878,263.6234614,279.4868626,182.2993946,145.1427669,145.0475175,180.4871441,158.7753419,162.4621134,177.762279,203.1399806,178.3391743,126.7130524,211.165781,157.599262,156.2639315,164.9349169
1.1.19.1 Citrus fuits,144.5171174,156.3627752,140.4421716,137.8887378,135.4233504,118.1542233,98.15782304,89.76689447,250.8135287,231.8651736,239.1137633,235.3135578,228.7487905,263.968727,259.2432797,257.6276516,250.2783561,62.72938757
1.1.19.2 Bananas,199.4097005,182.0669679,146.3271328,144.1727539,152.3119133,131.481509,103.436877,92.37421198,253.2531043,231.0819257,225.4982237,212.9270038,212.3590217,232.8894196,219.2609925,199.0754788,199.5795086,54.40665675
1.1.19.3 Apples,175.426348,181.3108382,163.1628359,161.2097393,152.8418943,138.6583256,116.1627836,99.73103364,291.2882081,252.4366801,248.6665432,255.3120021,259.6599545,273.926819,262.0663127,245.1416038,225.9749985,60.55085095
1.1.19.4 Pears,44.04428713,46.87760134,43.70087047,46.88769558,43.11563472,40.96010824,30.40525636,28.17172608,80.45942265,75.11504775,74.22703177,68.91019584,70.63490845,73.26430845,68.0156468,60.54329515,62.30198144,15.14463955
1.1.19.5 Stone fruits,110.5936988,123.8668835,110.2779287,116.2544988,123.9669997,112.5634144,81.04386756,71.51935197,195.9109991,181.7258622,187.155756,190.2652968,184.9813676,218.754739,258.7594073,242.8889412,244.1207399,64.94693412
1.1.19.6 Berries,182.5572319,198.4947467,197.2138534,221.3307366,245.7466583,223.8938003,191.2302856,173.9207398,521.5340292,495.0824135,500.3107742,500.1352835,468.7329769,583.4888467,647.6486296,636.0597985,603.1447564,161.5737327
"1.1.20 Other fresh, chilled or frozen fruits",75.43049234,79.45478747,68.46980196,80.1677146,82.37466459,83.00300697,65.62483935,67.25358229,163.535092,171.2820141,163.7845625,168.3791573,163.6416305,186.1773062,189.9616754,195.231505,188.6859261,48.56425536
1.1.21 Dried fruit and nuts,124.9635744,126.0552388,111.6983482,139.7895604,145.7909061,132.356551,101.7617436,90.64898432,290.3052363,263.9137578,265.344957,288.939819,315.1175636,353.7568139,347.8666356,362.6017959,331.2901167,88.29602244
1.1.22 Preserved fruit and fruit based products,53.05298658,52.21892867,47.09919816,47.1933336,40.8606239,38.4152907,28.69354805,23.73734692,72.29340846,66.83680779,65.43648805,62.22586692,57.85366768,67.34234323,71.74702171,64.09108776,58.9906972,15.77638097
1.1.23.1 Leaf and stem vegetables,237.2209608,230.6937171,213.4154633,218.6403637,216.7896822,197.8868024,165.1765492,136.4578724,415.5570873,414.8442511,398.3833392,405.1322986,397.4103076,433.7150788,440.8406431,410.0194366,388.406254,104.6711271
1.1.23.2 Cabbages,136.5669051,129.0359077,114.6577629,118.5691891,121.0190962,102.8632393,88.72101373,75.80946311,218.4627177,187.3662616,188.9714565,191.8846749,184.9840566,183.4707849,167.6305195,161.7693093,156.4529197,39.92424909
1.1.23.3 Vegetables grown for their fruit,389.4881493,381.5659388,356.7669421,362.2528105,360.4097718,330.2468562,275.8516635,244.5902009,709.4527224,679.3842782,670.9685936,667.2979244,653.5564521,693.5213278,656.9867239,616.2908825,598.4295382,161.7867425
"1.1.23.4 Root crops, non starchy bulbs and mushrooms",375.0483525,367.6008797,318.5036734,336.9186652,336.068184,305.7355542,256.5229086,242.5399713,700.5018968,635.0195189,653.9218997,626.2993059,633.8080501,691.0435005,679.191989,582.6720619,563.1848149,145.3317007
1.1.24 Dried vegetables,9.230296273,9.811028887,8.312206599,12.962533,8.916124726,8.856545074,7.113109771,8.731139317,21.44382178,17.5345105,22.73456837,21.46735831,24.32902342,18.86773963,25.9664216,28.51315521,25.27938051,5.658746215
1.1.25 Other prepared or processed vegetables,366.0711713,369.3954313,310.2340765,324.1955669,317.6255149,282.0605475,229.6253109,217.1506183,676.18933,620.8540878,612.9761715,614.9864252,610.9238524,681.6660996,682.3758576,659.5413912,660.7312333,179.6948639
1.1.26 Potatoes,324.9671361,270.7161172,242.770573,219.1884475,202.2348012,184.9922735,184.9223364,169.3141471,460.2895667,407.5166452,391.7965453,396.7004696,429.7039529,424.8300648,388.2537419,330.8256856,311.7583299,75.93016709
1.1.27 Other tubers and products of tuber vegetables,452.6333814,424.8222594,389.111234,374.5154968,348.1989191,308.7610272,253.8612447,235.1181205,708.9099538,648.5234832,689.4335871,696.0489015,696.5107962,762.0806848,753.100749,680.4072918,653.8022054,185.2774709
1.1.28.1 Sugar,319.7685397,330.0393187,302.4547803,323.0862844,332.0260881,286.3650096,253.301855,236.5750912,219.4060801,198.2898241,204.9813347,212.8484498,198.1626731,177.2338349,150.8062116,141.0384089,126.5643044,131.9045843
1.1.28.2 Other sugar products,57.99100447,64.66003633,59.78386726,97.32971644,92.44542402,80.15306586,72.93621871,74.23936418,81.4291248,79.53661594,88.53160385,94.00805144,110.8589284,108.2704872,110.3636627,109.1526238,104.6625699,122.7027991
1.1.29 Jams and marmalades,309.0022388,314.0774579,286.2523259,325.1199597,324.5551244,291.5394679,272.0016976,259.9883757,227.4345089,244.5552301,210.3366807,207.240851,191.413233,205.2836734,216.8785192,205.581064,191.5939849,191.3370157
1.1.30 Chocolate,2051.304285,1845.227711,1853.264946,2049.232174,1873.900395,1777.733635,1624.516313,1489.490821,1409.552162,1336.06406,1331.527351,1236.859439,1197.78348,1325.428015,1412.705897,1278.404967,1275.436025,1355.549997
1.1.31 Confectionery products,842.7757667,848.8430971,781.2800584,811.6662896,749.9147296,682.302836,638.1894995,578.7128665,534.011263,487.1269371,496.6679991,502.4285557,459.4116565,496.1516017,545.9595799,519.3010837,474.1281933,525.0401148
1.1.32 Edible ices and ice cream,748.0674373,730.6763361,680.6098332,662.7572044,652.5716409,644.1227571,527.0923115,491.2937983,449.6180815,412.6118736,414.4770965,412.4493434,395.7049819,409.8200362,432.0151746,419.1709955,407.9546087,504.8806518
"1.1.33.1 Sauces, condiments",1333.796627,1341.577934,1261.316473,1403.225846,1408.513269,1336.950633,1231.444367,1087.74794,1065.158084,976.8472203,935.8841421,915.0941206,882.1458081,881.1142231,878.2902639,816.3245597,745.3014955,835.7832399
"1.1.33.2 Bakers yeast, dessert preparations, soups",1022.930958,1060.039574,958.7540352,1000.774575,1043.372266,1005.184761,884.6502967,808.5296775,833.6056555,725.9337216,748.7412382,773.0819131,718.649482,677.9848249,763.9336374,682.5394954,647.4046355,700.3003289
"1.1.33.3 Salt, spices, herbs and other food products",370.3031445,298.6531306,301.9837068,415.30899,351.4653475,308.8764623,318.650446,373.2519771,274.2762774,230.327347,212.8316419,211.223245,191.1136549,199.1349002,185.4068859,207.2048766,180.9317329,228.9098092
1.2.1 Coffee,708.3100372,645.3541371,656.9631031,692.5160581,635.4796207,597.2900164,570.6795345,534.3383636,567.0560036,480.7911126,483.2334657,516.9919224,456.9783154,486.9071757,567.3296072,499.9114958,523.6631295,560.6314698
1.2.2 Tea,624.797809,617.7139379,548.9340647,575.6219681,552.9783338,506.5291287,462.6187985,401.0645325,418.6530002,381.263894,357.2822263,322.1687667,289.4523654,293.6066645,306.165214,280.7138128,245.5880195,262.4222443
1.2.3 Cocoa and powdered chocolate,136.2207672,113.4460013,116.0228531,123.5968139,130.9482008,115.7381134,104.1677979,88.94512092,83.65021362,88.58501144,78.63775987,76.98503327,75.28478943,62.73556095,70.81906101,63.64100119,58.98972559,57.54679754
1.2.4 Fruit and vegetable juices,684.777656,754.1753157,663.646954,670.1171929,795.594889,819.4846026,645.5655549,572.225233,1628.606022,1572.201557,1537.978608,1629.341934,1594.074218,1575.563708,1513.005358,1313.088498,1207.89054,315.4940049
1.2.5 Mineral or spring waters,244.500938,251.4862711,278.6022238,323.7985077,315.3064599,326.6863791,247.4161816,203.8604117,196.9467498,177.4748551,181.4855009,183.1255518,182.7900368,197.2517335,212.4171863,217.6861446,215.8172269,240.3715614
1.2.6 Soft drinks,2020.248939,1758.060532,1779.404847,1926.815798,2023.60131,1771.789711,1721.456612,1827.944091,1602.358891,1363.89656,1246.433982,1169.869607,1055.091428,1115.973784,1018.540523,899.8236947,841.2138993,854.0939802
2.1.1 Spirits and liqueurs,323.8015725,308.009704,296.8422075,267.8452226,240.7144115,246.1993766,227.4011494,219.3864342,174.4949055,180.8166439,184.061542,244.8318082,261.2430609,261.3933669,234.4131056,225.0254298,197.0099818,232.112466
2.1.2.1 Wine from grape or other fruit,642.0083407,622.9796457,610.7310075,662.04513,621.4541818,558.8601596,539.828078,543.4608967,423.6704254,393.9987484,459.1061082,524.5563876,577.1367723,491.5096253,455.1605316,425.9400136,380.2540997,439.0420566
2.1.2.2 Fortified wine,55.97962033,63.26837772,44.06728221,41.61869061,39.42682085,30.96465538,30.3015887,28.89564601,20.41503991,16.72427303,23.42578525,24.76105288,26.31769682,24.18066948,20.98429641,17.85164625,14.38720966,14.22489186
2.1.2.3 Champagne and sparkling wines,42.32139731,42.9810001,44.91361458,53.88030933,38.38336348,54.42253967,47.4587249,30.70782275,25.82556147,45.38878968,32.47068329,45.72360141,61.66688799,63.31175563,65.52728748,58.46585635,52.9161865,68.16780511
2.1.3.1 Beer and lager,642.0083407,622.9796457,610.7310075,662.04513,621.4541818,558.8601596,539.828078,543.4608967,423.6704254,393.9987484,459.1061082,524.5563876,577.1367723,491.5096253,455.1605316,425.9400136,380.2540997,439.0420566
2.1.3.2 Ciders and Perry,45.43867956,38.92441382,45.14285184,39.27100267,33.97857845,38.42100345,46.96703944,47.46390504,40.22867083,38.91050683,47.34936647,53.22105855,68.57430442,55.18064642,48.38209378,46.24093996,35.49691087,49.81601342
2.1.4 Alcopops,36.85384521,37.2406501,33.5333532,23.30150323,17.81227021,16.64119065,10.37248849,11.52631262,7.446066067,8.630332707,9.210894138,9.566285567,6.614886037,8.356541862,5.43916117,3.550667501,2.935768247,2.891977163
2.2.1 Cigarettes,966.424348,726.4667404,703.0933969,596.517818,494.8034276,558.9939885,525.4249951,451.9824181,412.6716904,382.0025271,436.6019348,367.3072328,302.2926681,265.4942272,286.7142644,240.0306907,214.2068402,234.2144877
2.2.2.1 Cigars,29.5098837,26.44985409,15.63487073,17.40235609,13.63679664,9.010745492,9.066877782,11.58801164,4.051529791,5.784067695,4.830055769,6.122172195,4.19741657,5.317416406,4.519261181,7.194682001,4.306507144,4.320588848
2.2.2.2 Other tobacco,82.2868161,67.6916205,59.74910877,60.02739526,42.38940653,52.17806377,63.96595261,59.54152804,60.81765841,62.47363222,84.94406011,64.03058481,66.06997355,60.87154862,74.05180625,67.69385321,89.00544569,97.28622731
3.1.1 Mens outer garments,3595.230442,3761.980106,3692.691868,3761.114778,3692.835922,3955.939005,3999.594118,3908.562804,3067.978068,3240.225902,2902.998923,2983.636775,2818.199048,2895.667075,2678.155778,2343.589734,2003.682999,1894.339368
3.1.2 Mens under garments,309.9419694,363.1824438,330.7234935,346.9784511,315.8705133,334.6158916,337.7877964,297.8381346,283.1988119,268.3103594,320.0363822,262.1460039,258.8745286,306.025641,328.751023,213.8718966,207.404024,193.2949963
3.1.3 Womens outer garments,5899.200295,6751.264146,6673.175614,6630.123471,7013.100456,7337.655177,7581.8528,6655.757957,6149.85922,5695.79771,5291.102503,4803.662877,4712.046999,4748.713032,4606.201782,3868.798257,3338.591726,3325.113946
3.1.4 Womens under garments,951.2562037,1074.133039,991.4606258,1090.925353,1029.131316,1186.110243,1054.550274,913.8771108,779.7895564,746.166286,735.402945,651.7237676,695.8528615,593.6571063,612.6332486,563.325008,488.4887551,476.8634083
3.1.5 Boys outer garments,655.3369236,690.6379701,670.8947882,787.9486562,663.2358277,656.1552624,651.8839922,660.5544414,519.2790791,552.6782596,493.4530235,435.8590424,504.9103392,397.8249706,501.5373903,404.708374,385.9924748,323.4473162
3.1.6 Girls outer garments,917.5438941,945.1827531,944.621809,914.4194616,838.7964819,909.0679689,889.2482821,837.7130478,742.1320664,611.227224,700.9969573,623.2155738,556.0428658,561.6598814,536.4044634,422.1725168,389.6772092,432.986658
3.1.7 Infants outer garments,456.9199431,505.6483781,528.2587193,565.3379754,588.3459463,565.507442,612.7433995,545.1384827,537.8260794,426.7112498,541.3601104,456.3619186,459.4941861,466.5312752,348.6697469,309.2628504,251.2845652,244.6900454
3.1.8 Childrens under garments,295.2270202,332.9124472,310.1131817,320.9317668,322.004386,348.8604334,292.5187653,260.1961667,286.2366824,279.1196399,252.9415686,251.8463903,245.1506448,258.9361277,219.4075515,182.4771618,159.0266806,166.2735905
3.1.9.1 Mens accessories,32.294407,26.14849168,35.57793368,43.47972925,53.3368969,56.75258108,61.21666363,59.12737171,44.98107441,60.30290999,70.87720568,81.65641589,79.79269031,67.12852047,67.97244144,58.09239508,45.44892494,50.18449884
3.1.9.2 Womens accessories,22.42411351,34.56052361,33.5039027,54.19071415,73.24619612,88.59956311,94.67508213,78.49907205,68.50873488,80.66867375,115.8363665,100.0848904,95.37699444,104.1822026,95.15965465,62.92228493,55.83415943,57.77517627
3.1.9.3 Childrens accessories,12.12023473,13.63445072,15.37230428,20.17910699,21.4363194,24.5277423,29.73658812,26.64732441,22.09898052,23.56702328,25.09084619,32.46913744,23.2657711,25.64674226,26.81004565,14.05864063,15.11604492,14.97959796
3.1.9.4 Protective head gear,4.662864039,2.008642548,4.184359522,9.848322106,2.411680205,7.424451915,13.71787696,9.77806852,5.587432011,11.23313391,12.63988579,15.03317103,23.81048572,16.91848781,8.723047242,11.4810856,9.126611859,8.131019058
"3.1.10 Haberashery, clothing materials and clothing hire",1564.412331,1377.919885,1331.065429,1895.396457,1834.033203,1986.188251,1935.420833,1978.262662,1666.732659,1700.269744,1749.769347,1846.015358,2139.602342,1948.124565,1846.823465,1591.069343,1229.760898,1371.97656
3.1.11.1 Dry cleaners and dyeing,185.9136338,170.5126816,154.3521428,133.6171434,154.8086916,138.0558379,140.4723128,143.2052355,108.1804807,104.3854643,94.53360307,106.7868785,102.9286087,91.49954031,70.9350761,66.12863093,59.06922806,50.51304772
"3.1.11.2 Laundry, laundrettes",49.03269177,27.69793025,30.05354711,33.55426025,18.64308129,32.44629635,20.97645119,23.16496462,27.8218242,20.44612252,18.83214579,19.79456752,11.97680088,12.73832504,12.93758882,11.20544369,9.71387887,10.98633177
3.2.1 Footwear for men,1065.226953,970.7476985,1156.03774,1125.688926,1251.16454,1332.010738,1269.906736,1177.769716,953.2371427,951.462065,1031.572624,945.408329,1179.935619,1254.466909,1159.616286,1010.462337,811.101121,872.4969335
3.2.2 Footwear for women,1419.770779,1639.626034,1822.480166,1841.491268,1977.770367,2264.116989,2072.817099,2031.449523,1910.53782,1613.46467,1701.136688,1640.602235,1553.57373,1661.963628,1603.508157,1258.006281,1169.281409,1043.781758
3.2.3 Footwear for children and infants,668.3500917,665.2307773,729.2098144,789.7207544,728.2063657,748.0484657,807.7735023,804.8115668,681.65013,535.3212658,575.6572506,578.7500142,570.4414728,607.1753798,575.5106508,444.2119229,445.7702508,402.1913357
3.2.4 Repair and hire of footwear,65.53708822,65.34316001,89.56963064,79.31512191,71.01782788,84.77437242,77.60594096,72.71283491,76.14153775,56.04345964,45.91009216,61.36620486,39.08643717,54.08551203,45.8750859,30.93301265,21.98338921,17.43530665
4.1.1 Actual rentals,10177.77558,10328.80459,10290.23445,10154.06503,9820.872298,10160.33884,11047.78397,10310.81675,9553.550785,9498.561285,9853.312166,10248.54043,9505.253971,9269.198278,9714.246834,9299.858537,8943.01873,8670.181956
4.1.2 Imputed rent,9802.825698,10293.26926,10091.17917,11730.83016,12434.05016,9074.761028,8197.394345,7109.172958,7362.913108,8224.390343,8109.449639,7008.795861,7141.030695,6806.349719,6394.662113,5780.134189,5482.725059,4831.180985
4.2.1 Central heating repairs,19.22284855,19.06340171,3.862827741,28.0582518,21.26291468,19.86528517,19.64640398,27.31805664,7.476761459,8.318929202,9.256810367,6.595732828,6.11736291,2.820865572,2.658536359,2.499679761,1.880933009,1.41405545
4.2.2 House maintenance,1254.366378,1353.524821,1131.992682,1652.547863,1450.231528,1547.600113,1575.24363,1097.218395,718.1166514,713.5219708,804.3928467,762.2940417,831.8893439,846.3558417,753.8779402,610.6472087,603.2482958,649.4806168
"4.2.3 Paint, wallpaper, timber",513.2548073,322.3562638,306.4636364,434.7871533,321.5079413,247.5158239,316.9071013,202.3287737,167.322843,170.0770883,193.9502738,170.8996366,242.1606856,198.0115602,165.8112083,127.5757624,141.1342579,152.7504545
"4.2.4 Equipment hire, small materials",351.7666392,338.1659371,395.9913801,409.7918858,364.900742,244.3627553,270.9544285,251.8362677,136.4442902,154.078467,118.3222805,121.9032428,112.8194101,92.98500307,110.4743939,93.75390645,68.07347246,125.5960213
4.3.1 Water charges,5973.118734,5269.666046,5311.736557,5502.09238,5308.379776,5111.882396,5360.822869,4516.978028,4527.018769,4437.906713,4288.708037,4377.421998,4148.655026,4271.85706,3993.463609,3602.395438,3577.941415,3599.344314
4.3.2 Other regular househing payments incl service charge for rent,802.1344982,845.7409167,784.4087953,888.5131712,871.8654784,1068.272929,1039.123171,741.9196354,737.4267206,749.1150875,750.107577,717.7660553,706.930422,784.2435576,777.4369045,737.5135219,801.6602241,669.233681
4.3.3 Refuse collection including skip hire,45.42910892,157.1956295,86.07273875,93.46631961,73.01145497,100.9233362,70.5262287,63.03683448,17.37592828,57.13809411,36.54951564,45.83682819,25.97188407,29.0323109,42.40557943,28.51990309,33.27391833,61.68292431
4.4.1 Electricity,97193.47368,88675.31179,82139.64351,90203.34896,80898.0338,88182.94692,78310.10668,76218.95471,68926.31086,68082.36573,62398.8843,67161.54702,66032.86509,58597.23305,53382.42944,45650.05315,40996.6816,39547.39952
4.4.2 Gas,129716.4587,127326.5429,126353.495,133130.298,133175.2843,133090.6212,135467.9083,139575.4737,131433.4054,148812.2899,122592.6518,135731.1223,137086.696,114864.1345,116030.2558,111169.1779,101046.0094,103204.2832
4.4.3.1 Coal and coke,1214.793978,1096.886418,903.1145579,911.0585698,419.1259318,602.236044,405.4443091,421.0610215,370.424785,370.8052164,394.1086484,302.7172141,173.5504909,268.8856167,302.0021306,174.1943718,161.8436722,125.52674
4.4.3.2 Oil for central heating,3051.095108,2994.692714,2428.239918,4109.057363,2870.218923,2700.340868,2672.745909,2645.341413,2417.200844,2358.024503,2195.323812,2483.85613,2520.037208,1889.911223,1727.691688,954.4260766,948.4149582,1163.005933
"4.4.3.3 Paraffin, weed, peat, hot water etc",149.1085763,189.3495078,121.5686407,157.6117627,88.76167856,117.3735913,119.7694931,117.2296873,125.9199021,153.7183876,76.2025959,174.0186051,317.2833075,269.2250441,219.8973714,172.2195038,149.8931497,161.9826872
5.1.1.1 Furniture,6180.825101,6361.279754,6630.975149,6884.895999,6641.85852,6939.617062,7572.923087,6519.172313,5785.707789,5393.265013,5601.399687,5308.973424,5808.884195,6335.576841,5596.807521,4936.247356,4646.309238,4420.039231
5.1.1.2 Fancy/decorative goods,1978.213956,1908.69677,1644.652079,1846.068645,1538.012487,1287.737491,1951.642405,1227.073497,873.5606635,902.7237799,1393.365838,1233.514128,740.5425918,1168.66802,1092.312562,797.2051828,639.4126322,918.0368297
5.1.1.3 Garden furniture,142.7684104,190.1780624,226.5682891,163.3535407,142.5063853,169.5877633,156.4004534,121.8558072,109.2539268,62.94916566,82.37816997,100.6420902,63.11517767,120.2884249,174.9699609,107.2094061,161.4007327,95.60532548
5.1.2.1 Soft floor coverings,3553.258204,3245.956955,3155.846939,3168.30889,3149.942917,3213.767945,3249.56796,2786.381736,2273.821183,2150.618518,2204.103464,2187.247518,1836.652042,1632.684993,2046.354048,1602.062777,1337.734539,1407.09763
5.1.2.2 Hard floor coverings,19.99642061,13.8832753,23.88593141,22.14358472,17.29372941,17.65894035,13.73710078,15.8616545,11.0349567,5.532573313,9.988272117,10.12141323,7.48077847,11.28072851,17.18325366,5.708319344,4.886263813,7.647116621
5.2.1 Bedroom textiles including duvets and pillows,1971.12329,2040.914639,1574.462237,1984.806554,2022.085009,1788.676358,1949.203885,2091.567085,2067.230093,1574.312053,1500.154235,1388.253115,1646.521382,1671.177776,1636.548453,1455.872671,1553.57633,1336.582812
"5.2.2 Other household textiles, including cushions,towells, curtains",3771.248497,3521.288631,3547.339687,3015.266451,2273.804083,2610.764512,2749.900566,2383.028964,2251.704918,2599.728414,1761.727145,1845.100737,2087.351882,1898.804488,2181.900462,1874.225965,1823.493457,1702.779693
5.3.1 Gas cookers,55.55481076,85.91068621,38.57537647,44.59201781,3.711092393,39.62755221,28.10434697,49.52809607,16.30976054,35.79997351,0,2.99961079,0.912319055,10.07717476,23.23192025,20.18595305,7.434545757,80.08276841
"5.3.2 Electric cookers, combined gas/electric cookers",163.4067911,164.369711,133.3664064,83.82208763,156.0691341,104.4397726,140.0368478,70.07139558,53.20351244,57.75316849,73.48301418,31.59983217,24.01706339,111.7534428,67.51414207,43.60297402,36.15904058,38.95268029
5.3.3 Clothes washing machines and clothes drying machines,251.8737617,259.0955761,213.2912618,165.3487805,199.3925734,167.5316178,181.9240894,214.1851051,174.3139958,94.45957183,102.465407,101.3250374,138.5734347,132.6096677,159.890609,120.3095812,107.2867997,155.9643772
"5.3.4 Refridgerators, freezers and fridge freezers",216.2175919,145.8372391,125.1505088,170.3009296,123.1058088,226.2629037,137.219998,164.6913266,62.73183346,111.5136081,151.5480339,118.628385,72.39493816,46.57511996,72.36028686,118.7340169,79.39029003,100.7601975
"5.3.5 Other major electrical appliances e.g. dish washers, microaves, vacuum cleaners, heaters",483.4659171,384.2183532,419.1788055,496.2012829,518.5285917,384.4402753,483.7167088,314.7866671,371.6775983,287.9744485,158.8134146,363.8303047,310.0536438,308.4047895,309.7793299,274.7162336,316.826617,256.892203
5.3.6 Fire extinguishers,4.723876932,6.791160443,13.4191502,4.313454067,3.394879091,7.167358379,35.38235122,43.45930061,1.169942793,0.959731461,0.128085124,0.856196692,0,0.233514031,2.569448995,4.681201258,0.325253837,7.507546529
5.3.7 Small electric household appliances,137.9011022,190.6656645,155.7530605,168.1945046,188.5407464,174.0503523,165.5264952,119.6893786,92.21517072,76.2737431,103.1926304,98.45884109,121.3457442,182.8427279,183.3645498,84.0143708,94.66044462,98.75066334
5.3.8 Spare parts for appliances and repairs,471.7226883,331.5644037,356.8074544,322.5159818,264.6854197,271.1301997,217.1199695,162.654886,151.4440954,151.9966534,225.7088483,159.2861596,186.9714803,145.3644322,148.2661263,130.1702903,157.6028782,150.6543471
5.3.9 Rental/hire of major hhold appliances,0,46.89502176,24.18008349,30.88998501,9.516286496,5.297576138,8.53635625,8.609400601,12.78306289,11.71187784,4.910388024,4.894736642,8.252025084,7.551672523,4.793063156,4.197288658,0.656693086,6.631836956
"5.4.1 Glassware, china, pottery, cutlery and silverware",2852.073023,2613.957811,2567.926286,2317.993937,2471.62321,2222.762315,2271.725663,1707.477135,1269.18554,1462.651194,1575.012513,1623.979051,1456.186103,1170.757709,1211.15933,898.6232795,1056.874343,962.5090574
5.4.2 Kitchen and domestic utensils,3480.247286,2050.400919,1799.054684,2208.204984,2371.454106,2424.811012,1928.406418,2167.626849,1755.260004,1456.792571,1602.414904,1628.119922,1771.506537,1671.926075,1544.225568,1349.457871,1220.752409,1263.649778
"5.4.3 Repair of glassware, tableware and household utensils",13.76359199,0.741019526,3.365061566,5.712183691,1.124379014,13.19528422,0,4.37120757,22.27416059,0,0,0.361440685,0.382800905,0,1.163597466,0.487673028,4.778774293,0
5.4.4 Storage and other durable household articles,0,1534.978109,1753.144946,1847.945596,1655.786929,1655.207308,1730.785172,1495.987494,1270.099512,1007.832957,1098.258728,1133.512194,1107.770007,1078.205716,919.4410722,1098.059772,823.1389566,1034.533325
5.5.1 Electrical tools,364.3353838,336.2277224,360.7172747,297.3892308,305.9032706,304.1438632,370.8371245,497.5224142,201.5163861,185.6139856,156.3930533,276.6940789,139.6492395,94.14907407,85.09181588,74.83616745,57.24474297,71.71238506
"5.5.2 Garden tools, equipment and accessories",559.810299,439.945546,442.4378348,527.650049,395.9654505,499.9518599,602.9875728,378.758213,325.979116,228.8887653,275.1162264,304.2251445,324.1193984,87.55808394,126.4345584,117.1029187,65.93426211,78.35913356
5.5.3 Small tools,426.0195394,388.8756268,397.7191786,416.7987715,466.4650367,498.994561,628.059588,535.9417665,244.7334121,264.093738,236.3674936,190.3493347,159.3908605,81.53588159,96.38399974,87.83817383,69.79138451,71.53014276
"5.5.4 Door, electrical and other fittings",672.8255631,829.2373395,759.5677787,747.5090921,805.3720156,829.7355846,1155.538091,886.623186,535.6865309,451.6043798,469.0050357,376.8606147,291.1325527,217.0437167,127.6644378,107.4031742,134.3173969,126.9938495
5.5.5 Electrical consumables,527.6943952,570.8312738,694.2012728,694.1086307,712.1259325,889.3277234,847.0435523,868.7655378,419.0246264,426.4551669,487.4595434,439.4009644,334.9689451,167.4761113,153.2831914,107.6660084,142.5914659,129.1862584
"5.6.1.1 Detergents, washing-up liquid, washing powder",488.2391155,431.5043237,406.5038879,391.8570331,366.8379482,350.6044491,336.1993262,262.4266221,227.1474326,205.5924771,202.6966024,221.3848806,196.1821355,186.2772019,161.8967732,123.8270418,109.1304772,115.6327635
"5.6.1.2 Disinfectants, polishes, other cleaning materials, some pest controls",544.9597067,450.8286007,432.6883775,440.4619171,405.429264,401.6277405,397.227459,288.4853809,258.3499281,233.7317604,235.2420594,258.5616258,248.5987278,234.6031066,211.0754686,172.1241362,159.5067155,184.0869763
5.6.2.1 Kitchen disposibles,340.7217141,301.2382539,265.8291042,283.2256738,250.299688,238.3817283,250.5938826,191.0247911,174.876968,164.5741451,161.8394127,192.3704906,172.7105258,158.322673,147.0265305,131.0203604,124.4357997,142.1964832
"5.6.2.2 Household hardwear and appliances, matches",132.5109407,93.56822443,117.6729133,97.5427558,93.43483464,91.07613802,82.5863388,54.69460653,60.06643765,54.15755904,46.76189918,62.2216626,66.51681646,58.16098829,49.6046169,39.89623052,39.32962902,38.65033529
"5.6.2.3 Kitchen gloves, cloths etc",0,48.51675249,49.32099198,47.64401753,45.73333802,43.57688719,42.07476341,32.25780631,27.35323897,25.79535389,29.05503197,30.9180736,31.91020817,26.89221408,25.40659355,20.76309025,18.1283747,21.12721105
"5.6.2.4 Pins, needles, tape measures, nails, nuts and bolts",67.02951125,59.05120823,59.42029786,58.11861893,53.81458986,43.12430384,34.34008428,29.98500659,39.56026988,33.37528821,36.97161255,29.64039071,27.63988036,31.21794198,26.1651558,24.50125812,27.32940436,25.88744151
"5.6.3.1 Domestic services including cleaners, gardeners, au pairs",709.6018862,378.586174,317.5525055,181.1965703,185.2101904,130.8528964,220.7158804,231.1470906,248.5887229,277.9345371,148.6433232,167.2014295,169.0901861,158.9021114,160.4919044,153.7242866,98.53109331,106.4748203
"5.6.3.2 Carpet cleaning , ironing service and window cleaner",203.6553409,153.1301219,115.9854305,55.48833204,61.37983588,58.17180036,104.2837238,85.93003647,92.71892189,73.16856183,57.47487251,50.21368366,45.70461002,53.04283519,40.89024411,47.45331726,24.59418129,22.5646185
5.6.3.3 Hire/repairof household furniture and furnishings,22.44972895,0.958110711,15.37779931,0.582269101,8.065011689,3.840570003,5.25470881,2.578462483,21.03416333,1.11726823,7.835089374,3.595681603,2.685722391,1.339886102,0.818042498,0.895004644,0.004301818,0.074888519
6.1.1.1 NHS prescription charges and payments,1465.395244,1620.440435,1412.696308,1615.096898,1513.456588,1525.275798,1423.398392,1442.932055,925.8518977,981.3430113,974.5580568,1117.905903,915.593011,827.1999732,831.1121389,862.4134963,885.6646204,848.9697434
6.1.1.2 Medicines and medical goods (not NHS),5069.067236,5014.580405,4844.970502,5871.228833,6049.934983,5903.886732,6092.127425,5252.855972,3825.697265,4333.971984,4836.482956,4899.813458,4241.504423,4179.27233,4629.765534,4666.113795,4590.871295,4851.622221
6.1.1.3 Other medical products,529.9790558,578.5917058,463.9308167,606.6801319,502.3683515,487.8635093,555.2501158,534.3052459,512.3645246,389.7345974,470.2575667,528.135215,565.2726346,566.4827299,503.7970619,468.5197111,620.2878962,672.0484064
6.1.1.4 Non-optical appliances and equipment,260.5225582,397.8335068,1071.518893,680.9410899,191.9964574,694.4991117,507.9611164,354.1119703,1406.307534,530.3639016,692.6816816,1452.30786,1772.404715,1698.645343,1501.735868,695.7384087,338.542925,1347.131744
"6.1.2.1 Purchse of spectacles, lenses, prescription sunglasses",583.7360627,721.243196,853.0634232,705.1977435,679.1552264,747.0644092,828.1339645,730.4637687,636.9639693,610.3092523,702.5738515,622.6632142,768.8725333,795.6942598,747.9954809,578.7973107,575.5764116,602.7331049
6.1.2.2 Accessories/repairs to spectacles/lenses,30.06149889,19.1047685,17.24723022,25.03412706,25.69372406,29.90116301,25.88125554,16.17933621,13.97492436,18.26835867,10.05945395,25.77891917,14.85060983,15.46336243,11.77605543,12.26962638,10.91742536,5.23561061
"6.2.1.1 NHS medical, optical, dental and medical auxillary services",472.9719887,558.2700348,479.0496906,574.3003399,524.4167054,551.2643338,662.3917663,704.8267993,651.0658829,631.7053448,565.6987018,521.7102442,721.8560476,718.0055713,516.2459776,590.6260037,458.5506981,384.6254926
"6.2.1.2 Private medical, optical, dental and auxillary services",714.7539031,720.5209037,626.5533281,891.101728,873.1198877,1072.446704,1172.265552,888.5256882,1094.367875,1125.782198,1185.945996,1381.236004,1207.90436,1103.675123,1314.493016,1072.233326,987.3286909,1154.207924
6.2.1.3 Other services,0.08523034,47.87152704,6.714121342,0.776351381,17.14499455,2.810102992,8.827543153,0.983955372,0,0,178.70146,1.098724115,0,1.535514028,2.184303827,6.461805697,3.706159622,0
6.2.2 In-patient hospital services,334.9929732,123.9697847,223.1430594,22.14340855,246.4952493,51.72004789,17.85544384,5.819295127,15.44366193,16.88866968,1.623630694,5.039323284,58.6667218,64.58920191,22.46559554,67.10122161,60.74681813,51.51335283
7.1.1.1 New cars/vans outright purchase,5894.15528,6246.059611,5460.069575,5943.73509,5469.352864,4064.972233,3515.028655,2861.186248,1954.816541,2085.123115,1519.289219,1222.723011,2067.902657,2312.793142,1688.074897,1765.255889,1603.821714,1966.039041
7.1.1.2 New cars/vans loan/HP purcase,4836.572392,3835.842621,3777.342834,3764.584923,3284.801217,2784.416153,2712.82457,1638.11968,1645.979891,1136.971619,1213.000382,1304.400702,1431.407531,1382.128296,1841.735583,1593.066937,1440.689785,1254.809872
7.1.2.1 Secondhand cars/vans outright purchase,9903.776108,8750.48912,7689.695227,8767.715883,9004.378925,8379.631754,7084.829966,6654.848219,4386.811023,4092.858933,4165.764195,4599.264948,3357.167844,3846.271452,4296.789935,3698.680766,3700.999474,4355.642459
7.1.2.2 Secondhand cars/vans loan/HP purcase,4588.27545,4184.357368,5240.789425,4834.946466,3811.677919,3557.752223,4379.727778,2559.056287,2433.520907,1905.354903,2242.538808,1762.870013,1691.1984,2014.882061,1795.255282,2086.958831,1530.829649,1106.203385
7.1.3.1 Outright purchase of new or secondhand motorcycles,141.6695497,179.8776203,146.5758997,156.4734203,119.0737844,77.20182607,122.7527625,131.7782741,148.0269293,106.8647905,104.9720212,87.66926777,59.07766188,94.37952959,50.54532947,109.9502352,57.55743868,94.43254559
7.1.3.2 Loan/HP purchase of new or secondhand motor cycles,91.226462,111.5596682,126.6674654,91.4274671,57.50783331,56.15378781,91.64571008,59.31075135,63.61906999,24.93142997,53.2927591,35.61352188,48.02127275,70.68615556,18.94283058,12.84784384,13.32472104,11.34419373
7.1.3.3 Purchase of bicycles and other vehicles,120.09245,63.13542661,74.70669013,156.6295234,147.9131677,160.9861808,109.0928023,139.5905716,105.9529202,155.4774145,89.46854567,109.2565548,109.0705923,54.32312942,126.6277179,63.33016978,97.99274904,73.52006008
7.2.1.1 Can/van accessories and fittings,113.2107527,76.52461192,96.57860145,180.1185545,103.4112977,134.3914272,130.5526036,190.0230562,41.86503298,66.32568,44.96906457,70.02397855,31.81200286,57.95797717,39.0922079,41.89270633,47.05999179,28.26464176
7.2.1.2 Car/van spare parts,748.0692957,763.0401148,749.077915,630.8251619,638.0854513,575.7571833,492.4731536,481.7071113,410.3064628,317.989201,299.9331758,374.8173894,367.1086296,408.1147693,376.7166454,348.0806446,249.0794959,257.2485257
7.2.1.3 Motorcycle accessories and spare parts,42.60470177,43.67629459,63.97776728,21.76929324,38.20311246,26.52529534,46.02512765,15.95080734,38.99028362,21.41048691,24.99461618,8.172377499,47.88520701,16.29885977,15.0123133,14.28106132,12.82666872,5.22593977
7.2.1.4 Bicycle accessories and spare parts,60.23284761,85.34307313,57.23310972,55.20319351,92.13613046,64.61392559,38.76322475,60.9744991,49.94742759,41.68944478,34.63731128,34.89536064,48.12432156,57.9684572,38.67243032,44.93034285,79.34984458,60.23852272
7.2.2.1 Petrol,99747.88405,97495.5016,96010.96109,97889.22388,97762.65868,99019.85274,100570.5495,97113.14553,95597.29384,92552.11349,93587.25842,93683.1186,94200.75485,89966.98858,88197.09198,87343.28486,85105.32538,85168.76753
7.2.2.2 Diesel oil,5108.729047,4715.704564,5417.612082,5797.463184,5947.739448,7203.317808,8552.028128,9299.206284,8239.825705,9768.947443,11375.47624,13704.49334,13356.85139,12334.97969,12373.20215,12064.13791,11483.38363,12276.015
7.2.2.3 Other motor oils,229.5227339,148.7928352,148.5889589,117.4372402,114.8629671,104.5399802,220.8314526,105.095414,127.5062184,156.4799028,99.00473538,104.9039595,280.8901831,217.6224097,175.6829027,196.6117642,142.8914115,188.8976963
"7.2.3.1 Car of van repairs, servicing and other work",10335.13716,10686.94058,10779.06672,11261.87689,11370.45861,10282.67139,9819.735791,9658.475144,7538.975976,6404.604309,6880.009355,6478.140888,5818.049145,5511.511086,5447.585675,5063.236551,5004.711432,5382.713099
7.2.3.2 Motor cycle repairs and servicing,107.7763974,150.4721569,114.0678868,155.6110137,162.6795686,152.1617664,111.2592185,64.22923882,67.8299351,68.29269685,65.50304828,45.48797733,19.29853135,44.88541555,50.00275586,33.53416175,61.34332304,76.54871675
7.2.4.1 Motoing organisation subscription,551.7755215,703.6577649,742.5637966,619.7318643,665.5765516,675.4266502,535.0001134,486.8172217,420.2029819,322.5259556,375.3347572,324.7916169,325.6573904,289.1635613,330.4600865,309.6783296,457.0757751,302.0514662
"7.2.4.2 Garage rent other costs, car washing",897.1920773,908.5678503,951.4859697,1113.254729,896.7962879,976.6193893,1046.801455,727.5683124,700.9986702,632.4357307,559.8891176,624.528901,641.7591468,581.3088461,689.1382892,721.2617592,530.0748842,620.8052683
"7.2.4.3 Parking fees, tolls and permits",927.5205689,999.0382885,1157.053288,1343.743658,1264.315957,1158.964099,967.3634258,1077.917935,819.8276489,621.3316063,700.0472682,722.7282511,788.5886949,695.9209317,614.1801633,733.1775416,787.7871224,754.6600253
7.2.4.4 Driving lessons,538.235585,554.7020586,457.3700147,774.8462703,754.0513306,560.5887845,584.811437,412.0074729,313.6588202,357.5560007,299.7635756,229.9442875,284.6591339,267.2211405,353.27718,201.6489772,248.2706152,198.7207923
"7.2.4.5 Anti-freeze, battery water, cleaning materials",734.4656729,352.5583087,370.9603402,249.8660461,342.5328301,257.9576999,298.2451869,317.9334362,229.7193647,331.3974862,84.82254753,247.2775613,195.7191857,319.2954607,145.7678848,160.5318834,179.922499,206.9348196
7.3.1.1 Rail and tube season tickets,933.6669161,1089.867188,1226.923405,1455.468169,1293.310902,1325.898223,1163.344864,1346.112147,1017.288909,1016.413406,1359.151119,1654.104095,1905.670251,1600.608366,1617.88873,1310.521565,1197.579847,1256.532091
7.3.1.2 Rail and tube other than season tickets,2142.632439,2034.212712,2271.459834,2679.963509,2643.706893,2396.377541,2368.479057,2019.547485,1941.699755,1754.884149,1906.68758,2222.324428,1986.995997,2065.035971,2033.024674,2154.557272,1987.652459,2081.23352
7.3.2.1 Bus and coach season tickets,936.553204,998.5563384,1038.774303,1084.636467,1115.090947,1142.588366,1071.42176,1120.251091,782.0841619,847.1262951,1206.610254,1007.106658,1096.646754,905.0720482,919.8424038,830.2214077,733.2923768,699.7778154
7.3.2.2 Bus and coach other than season tickets,3022.898672,2998.760475,3137.971866,2954.657873,3189.412861,2635.171138,2339.501557,2101.250999,1768.246118,1717.147277,2040.305922,1715.689145,1701.474238,1457.851512,1148.114435,949.9576463,945.5790911,957.7167619
7.3.3.1 Combined fares other than season tickets,2198.175362,2551.704572,2732.286948,3321.842891,3150.257289,3046.275324,4951.105647,3893.405716,3020.668959,3589.226855,5242.458717,2912.360232,2478.752164,1846.58315,1673.882334,2992.797955,1420.905557,2611.851547
7.3.3.2 Combined fares season tickets,9924.502616,10906.34089,10546.8548,10999.45919,12687.57695,10887.86712,11244.12655,11105.97516,10459.78779,9817.375758,6108.721754,8152.714661,7413.899214,9391.900085,8541.24986,9206.165271,8474.410071,7116.667795
7.3.4.1 Air fares within UK,2068.589086,2775.727023,2431.530113,2839.127688,3123.39764,2688.452599,2700.594359,3389.430636,2636.696298,2687.238907,3408.972521,3003.195519,2708.941067,2754.280052,2773.068825,2063.53248,2450.843977,2995.354674
7.3.4.2 Air fares inernational,30315.25419,30883.37039,33398.3258,35500.43663,37018.11604,37135.67402,37764.1781,36087.22639,33061.68507,32107.27172,34948.94965,36268.33356,37368.06775,38935.73449,39134.99281,37943.36916,36919.54795,40586.30431
7.3.4.3 School travel,130.7849541,122.6040721,234.643693,151.2473193,125.9665232,84.04958092,48.24366265,290.0562734,67.91537915,68.40809404,62.04950651,54.09867078,34.57926054,77.19281011,153.6302396,61.73118156,33.5626516,47.79156469
7.3.4.4 Taxis and hired cars with drivers,3473.68817,3666.074821,3887.761142,3615.354482,3651.7541,3721.317513,3855.215443,2661.37865,2379.458819,2134.184968,2129.056038,2324.408596,1938.563016,1783.907712,1671.163332,1742.012846,1502.691497,1562.089877
7.3.4.5 Other personal travel and transport services,3861.649549,5445.113493,4294.125411,4437.539258,3410.902711,3039.753163,3220.635412,3227.1483,3962.394585,3990.097356,4655.251652,3928.716546,3963.434804,4307.919337,4515.719168,3781.085514,2779.362257,2368.35423
"7.3.4.6 Hire of self drive cars, vans, bicycles",1126.89362,539.7741783,563.8874755,397.0096451,598.6650441,481.757608,578.926445,539.9838566,413.2416018,714.6441682,190.734781,545.9341922,377.2409343,606.5449328,286.5995523,279.8120324,286.9476836,292.8551003
7.3.4.7 Car leasing,2069.566936,2576.050397,2576.395177,2959.239291,3022.118953,4023.822564,3526.574753,4195.312819,3361.15414,3138.298186,2939.350632,3371.825468,3159.501522,3626.349994,3948.839058,4532.361018,4459.336477,4651.246218
"7.3.4.8 Water travel, ferries and season tickets",1117.766389,2740.978631,2482.27736,1516.739555,1847.989739,2055.019868,1316.485919,1146.317112,1761.780422,1363.885003,2464.849778,2245.387421,2095.414089,2126.39515,3905.336976,1935.596412,1485.967362,2873.718376
8.1 Postal services,529.6423166,391.4643925,525.1247973,553.6779894,473.550395,402.7254125,385.8841708,260.9193935,258.5083724,288.5732371,282.3564574,301.7160707,233.9078123,268.413701,387.7322646,351.0226261,343.9095268,395.0267778
8.2.1 Telephone purchase,59.35352569,61.8109576,60.37313783,70.46253791,56.82610926,79.19373019,69.96914983,42.19437422,42.87815797,30.75963304,43.94828841,51.31145282,44.01601142,18.19821912,17.9711647,31.24742857,13.5127932,23.82643229
8.2.2 Mobile phone purchase,192.214573,192.1751298,276.2823658,239.2549295,265.8388456,238.7951232,284.6083722,219.595154,250.2908585,223.8637103,241.030476,308.7978394,349.6430833,324.5776608,340.7372658,410.5793958,350.4700234,341.8386932
"8.2.3 Answering machine, fax machine purchase",18.22985819,11.92518662,11.63888553,6.354778117,3.940574107,10.81518582,10.83779898,6.285460325,5.699426277,4.923555651,5.445611332,3.910115407,0,1.791973898,0,0,1.290477947,0.918002031
8.3.1 Telephone account,2845.346889,2696.63932,2754.261479,2547.8877,2253.327913,2333.836782,2099.429811,2075.159679,1844.655169,1821.183449,1561.6234,1444.282935,1013.964598,997.2974842,869.927273,637.7917363,630.005371,187.5018985
8.3.2 Telephone coin and other payments,62.38512487,66.41762037,46.69845563,43.52353021,44.60433305,37.17595147,39.95406456,18.04333007,17.32275275,12.6159718,12.40063293,11.85473682,4.759338849,2.601568209,2.906780444,0.088456612,0.446714793,1.551930624
8.3.3 Mobile phone account,1012.363036,1003.805437,1278.867277,1324.183492,1392.43421,1436.413489,1358.385192,1462.419972,1273.405506,1393.77053,1713.815527,1889.389205,1531.674233,1576.519497,1467.843686,1133.544889,1208.98055,1939.632371
8.3.4 Mobile phone othr apyments,480.3916641,529.7846469,634.5007301,615.6140348,553.3506121,531.4652576,517.4027348,439.4777911,335.3760814,334.2028184,354.0286439,285.7909315,166.7928105,142.5026248,94.12305009,66.56641281,55.03868768,81.49561002
8.4 Internet subscription fees,47.1236633,65.24661863,106.7148948,128.610366,123.9185057,141.5260966,113.7768536,106.9281958,95.58629628,103.7944664,0,0,710.067057,714.1218646,660.944411,526.9327341,577.3691221,196.0888679
"9.1.1.1 Audio equipment, CD players incl. in car",963.5976476,640.7571845,579.086011,672.9128366,905.1617674,1109.191614,815.457945,505.4086108,683.2032088,554.9194332,415.549639,356.7741393,551.2788506,628.2106388,241.569137,578.8858368,445.8454545,390.6513559
"9.1.1.2 Audio accessories e.g. tapes, CDs, headphones",1441.7083,1195.493051,1212.096322,1202.420267,1334.45019,1068.292673,894.259758,754.5629809,625.8913112,656.1105349,622.9869107,823.4720081,556.0745649,603.070234,749.3842502,735.3236334,605.4254221,720.7607355
9.1.2.1 Purchase of TV and digital decoder,901.4115856,733.6222784,1589.328239,1195.707478,1142.070466,1552.048201,1665.790523,1610.581096,1347.228361,1289.64289,1225.358461,924.4924242,737.4686054,797.6821553,1549.807603,812.5833238,734.0817354,1022.032721
9.1.2.2 Satellite dish purchase and installation,1.653696834,29.75523258,29.48372682,11.74864305,31.35974503,15.0020236,38.0251723,15.74732882,117.0757282,4.649450031,0,34.84523771,10.41113815,8.120394307,97.16653909,46.57592181,0.76628586,25.58946437
9.1.2.3 Cable TV connection,2.542386587,8.485784252,7.982575517,1.298258632,13.69755299,12.37210241,16.43396762,12.36360724,1.659345912,5.776149505,14.94461286,7.376504011,3.733379863,0,0,7.669243134,3.712188073,0.627201117
9.1.2.4 Video recorder,359.5504713,496.1717366,347.5413058,219.3987583,25.66427754,19.55644679,16.54126904,5.046679155,31.9949874,2.137826965,12.97825093,13.94627514,4.218091568,0,0,27.22829773,0,0
9.1.2.5 DVD player/recorder,0,0,68.56757,166.5989464,336.4174064,139.9176043,203.3054845,183.8090681,80.20047411,151.7255746,60.22853991,95.69881532,143.9722232,138.7448386,54.26626738,48.33994451,22.62067321,38.54985185
"9.1.2.6 Blank, pre-recorded video cassettes and DVDs",823.6333905,899.4377415,1150.270113,832.4923681,1344.88492,1260.794639,1275.363139,989.1999696,785.9874113,671.6867009,771.428726,781.4467123,846.7635083,662.2523061,544.0445684,457.7941898,374.6087496,356.144981
"9.1.2.7 Personal computers, printers and calculators",1349.697467,1753.107437,1520.001229,2875.436531,1742.431862,1952.027561,2675.350318,1633.932517,1631.904431,2077.129296,2327.9969,2475.01911,2840.539961,3162.191057,1959.414589,1951.287805,2222.466216,2066.3504
"9.1.2.8 Spare parts for TV, video, audio",68.77966305,65.95526547,102.4958763,109.9216366,139.4321264,141.1146701,142.3104367,145.9725155,86.78459576,103.2557001,109.3212417,156.1162283,52.16326824,103.2960463,147.6023557,108.124666,41.2872378,93.26858716
9.1.2.9 Repare of AV,110.9663476,92.74185602,100.1192611,123.2743837,161.5369757,109.669717,121.1633547,75.51872096,136.1910618,92.48220871,89.42590063,76.46845578,96.42911294,81.96770598,122.5563418,136.1735388,85.22269016,125.3177318
9.1.3.1 Photographic and cine equipment,736.5937978,883.5211516,892.7535342,1038.279416,1188.377677,1044.30929,1052.46887,1274.75381,865.4394202,626.6687136,514.9448943,654.5994656,520.5117914,372.7259805,273.1061123,463.7570123,447.87555,541.0795563
9.1.3.2 Camera films,173.0395051,124.9595182,112.1278861,95.86360952,76.80817958,50.44205987,42.10594409,28.41315677,11.06129132,14.11401082,12.85879659,18.55342079,3.445922566,3.205978653,1.979427988,12.04871544,6.361376081,2.393779873
"9.1.3.3 Optical instruments, binoculars, telescopes",126.5060425,50.94361034,39.38737024,15.76738327,104.1624038,32.86377549,21.61291054,29.31374652,17.39698094,60.31436842,371.3489617,18.42313965,2.594541031,32.21283212,438.5725326,24.37551479,110.3946119,32.01140474
"9.2.1 Purchase of boats, trailers and horses",995.1567291,1078.249862,867.9861542,991.1040833,1274.782662,1453.720021,592.1723389,2194.044116,1030.626601,755.2613118,1185.196589,460.7386215,764.7957255,926.9249181,625.7003914,570.4150258,919.3406615,795.8585926
"9.2.2 Purchase of caravans, mobile homes",1391.48736,1153.16428,2011.746507,1238.222373,720.664751,1051.624621,1751.036882,353.1617108,1012.048548,1310.731553,458.2389927,1125.312647,870.4794826,972.8364435,1932.658945,1058.315418,1121.445857,873.0555043
"9.2.3 Accessoris for boats, horses, caravans and motorhomes",331.553838,469.9899176,147.1324037,168.4021705,278.2603462,305.7819193,207.9040257,160.626355,199.2582466,48.43419481,192.7497297,63.00617504,31.36286816,150.9526638,85.94288714,87.81647236,190.9575416,110.9922119
9.2.4 Musical instruments,22.55995542,9.438303999,10.30674264,21.42600575,21.46249111,44.65955555,22.93754452,2.561117807,9.637891656,4.687851177,19.95916933,32.64925627,13.28846901,14.91301256,18.63639657,17.93501253,6.236945057,5.716161402
9.2.5 Major durables for indoor recreation,41.84236837,91.72093196,17.33062498,6.245277931,102.7597311,5.193664578,0.401100565,0.277648835,0.296554403,5.10609789,4.268600003,15.28049535,7.121412442,0,13.19923742,0,16.81422155,33.98999475
9.2.6 Maintenance and repair or other major durables for recreation and culture,627.2919567,430.7927819,352.7344838,813.4250977,423.0278627,351.9155323,291.1985527,281.5278795,252.6260959,237.7815496,360.6967323,609.6836301,723.9690265,576.6288114,553.2052273,866.7425424,240.0618852,1171.596267
9.2.7 Purchase of motor caravan - outright purchase,41.14993916,35.15777532,163.5509485,683.7690305,1086.399899,428.9260373,574.9566268,240.1417562,316.6577012,82.29715767,382.9147804,390.1999664,413.4328568,470.6522504,468.7414329,1021.359695,915.8091573,591.9555231
9.2.8 Purchase of motor caravan  - loan/HP,173.7002377,151.0956749,67.09778225,46.6832613,21.55851707,0,75.0782005,19.29424714,77.69116029,140.8118284,63.74568232,17.50230461,23.27434057,192.2651572,0,6.23690629,47.08583791,0
"9.3.1 Games, toys and hobbies",2750.181783,2909.233198,3142.766853,2908.49559,2743.103972,2678.581577,2875.075221,2438.888034,2190.623477,1818.077503,2117.295479,2183.963129,2021.218383,1951.345318,1984.244436,1554.357082,1805.445224,1757.954493
9.3.2.1 Computer software and games cartridges,2326.742571,2710.154503,2853.332148,3303.789253,2616.46719,2503.853127,2515.746783,2392.72609,1931.891689,1793.154005,1922.812396,1802.258486,1812.797374,1578.678949,1484.388135,1250.998924,1353.994614,1636.19504
9.3.2.2 Console computer games,1668.12527,1257.710462,1082.020272,574.9568103,1125.888585,1147.34646,1667.733279,1974.741397,1294.691183,1048.059016,1070.147754,566.3561445,596.8358492,788.2098086,687.5083601,633.46608,714.3379248,494.1997571
"9.3.3 Equipment for sport, camping and open-air recreation",1349.512938,1086.411881,1144.675287,1593.824362,1140.778053,1568.851813,1656.135575,1202.029777,789.8557735,1076.552123,924.3100667,924.5791368,782.7530867,992.5761644,872.686386,826.319115,615.3434936,730.8015286
9.3.4.1 BBQ and swings,89.82812751,236.9194548,188.653707,202.0905307,159.0706898,92.92886507,97.92367606,43.93160525,73.88751001,42.14731789,64.19740316,58.71475637,53.07394339,48.85084522,88.67026595,33.55704826,44.93072563,29.0673132
"9.3.4.2 Plants, flowers, seeds, fertiliers, insecticides",8450.454241,9107.719002,8392.830187,7965.804578,7267.531947,6912.519764,7347.338249,6491.29514,5428.587752,4773.61271,5358.16608,4945.4558,4602.950798,5397.098226,4944.925114,4899.79328,4376.272121,4920.300852
9.3.4.3 Garden decorative,124.4772045,89.7951131,102.1492004,135.4284019,56.98784008,140.50142,118.806284,70.19139961,65.90849401,38.165055,51.11410978,85.66768325,54.40664887,107.8136706,104.468048,108.1664111,90.26062017,135.6826604
"9.3.4.4 Artificial flowers, pot pourri",62.17855925,54.64743078,49.23952564,42.89826143,42.74116153,57.21712014,29.01305277,34.06498072,15.70577881,16.04941387,24.25504397,27.36486047,38.14436752,28.62487383,22.53739128,18.29191417,22.97165311,24.74176459
9.3.5.1 Pet food,5634.265031,5615.590902,5405.645838,5335.467261,4860.585044,4820.548144,4618.463998,4714.115502,4367.620081,4463.191021,4390.333697,4850.655317,4896.507588,5089.964988,5451.708412,4625.345129,4762.647574,4601.633764
9.3.5.2 Pet purchase and accessories,1614.275106,1848.153478,1876.447511,1846.833566,1962.159045,2032.916157,1189.881469,1223.44058,1156.040041,1351.296477,1364.537535,1234.660394,1255.221136,1293.094452,1422.779843,1501.274657,1402.197797,1217.626675
9.3.5.3 Vetinary and other services for pets,1145.795743,1195.361023,932.7577577,1179.38357,1238.307721,1081.181385,1421.840586,1146.784481,988.1875212,1319.043402,1333.919959,1536.548543,1415.421884,1587.319456,1389.196493,1838.573363,1719.795742,1868.406688
9.4.1.1 Spectator sports - admission charges,250.1297967,289.8705622,220.9119712,250.3056638,265.2556606,178.296348,226.9598604,169.1044078,181.3009625,148.1363689,297.1981891,209.8191333,179.3881136,193.8237177,184.4219093,144.021726,103.4402989,112.9727287
9.4.1.2 Participant sports,603.2861622,488.830202,450.2871443,452.8156075,519.0716923,449.8658043,463.0902272,418.3472737,327.4071123,294.1737005,333.6199469,440.0538299,309.7406298,321.488396,247.0576325,233.6503103,216.6303127,282.6370048
9.4.1.3 Subscriotions to sorts and social clubs,674.7146491,643.1852665,619.730133,602.5670537,747.8232316,701.1725209,570.4740327,542.1486878,450.5526796,539.5004021,473.609757,459.7106785,582.3683341,785.6016291,567.3060723,461.2198217,442.1386755,614.9174863
9.4.1.4 Hire of equipment for sport,651.999691,723.9805516,712.5692482,673.474615,681.3567388,754.9811145,688.319897,557.5499894,609.365556,552.876282,699.7606153,720.096431,597.6848578,506.1778272,573.7740367,543.4684322,465.1787422,591.5201463
9.4.1.5 Leisure class fees,0,27.7594527,13.79877925,20.5279939,42.07266751,23.75009658,15.46744791,10.06035688,14.24450376,29.03500207,116.0121127,55.01313317,13.44082168,16.27343209,17.14651495,23.11105465,13.11117298,20.99861211
9.4.2.1 Cinemas,323.8290652,302.0876579,308.0896921,311.6575287,305.7313842,272.9899017,269.1349939,276.4564724,246.0704353,263.2653278,246.8842748,291.9073981,293.5289825,284.382012,272.1403685,242.9686482,267.9078468,257.3696454
"9.4.2.2 Live entertainment, theatre, concerts, shows",470.0672958,475.2247758,479.5131233,674.0391575,608.9044899,579.8218996,574.4309284,542.4199028,537.2185012,472.2263058,505.8940666,520.1973737,491.3859968,567.312649,425.3724158,447.6947637,476.0109891,656.373876
"9.4.2.3 Museums, zoological gardens, theme parks",227.3101812,189.9929808,257.6734648,229.9040046,200.982481,226.20924,246.3807943,152.4210207,183.8879211,217.4562909,237.5028215,344.7501104,235.7212402,235.5798725,250.7967491,157.9501512,180.8465071,261.9494631
9.4.3.1 TV licences,1077.325802,1050.37862,1152.178218,1127.4792,1193.08127,1107.041257,1205.382894,1115.997304,971.7943233,947.8848432,990.5810635,1044.958619,996.4821768,892.9402062,833.4526749,680.5011401,654.8517474,765.1401236
9.4.3.2 Satellite subscriptions,858.9294948,928.7098172,1167.351251,1187.145627,1236.613409,1172.997808,1264.121647,1229.36289,1035.04833,1034.675241,1329.270438,1571.527889,1436.122177,1327.227999,1248.969705,1075.334416,1022.934656,452.3243334
9.4.3.3 Rent for TV/Satellite/VCR,343.1472839,226.2294267,184.8407191,141.6599415,125.1989246,120.0084784,138.5332633,121.1450304,92.20227289,105.6103959,11.94782291,18.6194538,14.09835361,9.016510954,5.547549806,10.45990489,4.937083703,6.099161719
9.4.3.4 Cable subscriptions,425.1159921,452.1412314,487.9838407,498.459303,472.5520174,438.0262372,342.3578864,275.8066183,271.3353415,295.6064237,291.0663404,377.8135692,432.9134254,368.4689311,380.3642747,331.0585782,300.4498773,44.71102334
9.4.3.5 TV slot meter payments,23.06383117,17.10348862,25.17279735,14.05281309,22.16460062,30.30847411,11.00341131,11.76741791,8.094490389,9.499832393,8.553821487,12.07501158,2.125712288,4.491547342,1.872986534,11.04823306,16.13537193,3.825372135
"9.4.3.6 Video, cassette and CD hire",110.6370252,86.62738734,89.0171267,57.9210136,62.51028136,55.83994774,38.3725043,30.99948051,30.0333251,23.8143576,28.34670723,25.32502908,33.78851691,24.39646391,41.71780694,35.85926772,38.83319318,38.43753631
"9.4.4.1 Admissions to clubs, dances. Discos, bingo",722.4271149,642.1180901,621.5477929,687.963201,582.8638893,500.1140437,495.1116585,442.0751815,371.8368875,372.2219789,422.6424471,378.8156016,381.2165904,366.3110792,402.6911272,356.4226408,402.2365286,516.4802398
9.4.4.2 Social events and gatherings,147.492115,210.5832839,312.323385,182.5691517,202.9552759,179.4520175,160.3945162,309.2964598,149.4380915,163.828164,162.693453,181.2895251,192.7034975,170.2503361,185.8992949,93.66605634,96.82081037,130.8088785
9.4.4.3 Subscriptions for leisure activities,232.4902264,241.7432225,318.3820205,305.6868415,273.1488002,295.0362125,307.3138024,207.5265775,309.9559314,259.4966086,274.1091414,319.2093057,289.8901307,276.7773441,322.2804919,322.9639907,294.8640506,348.9353425
"9.4.5 Development of film, photos",37.13252562,39.20451245,70.65658191,42.11746485,45.16529436,38.85223263,35.09112841,31.83748629,26.0373465,29.91233635,34.29974271,33.98358964,22.95099345,21.28730062,14.95174103,12.69197418,16.46523215,11.93322743
9.4.6.1 Football pools stakes,67.24459904,41.32157011,39.28740012,21.78562538,24.07027385,18.10686442,31.39927496,41.16761743,13.75483347,13.61732694,8.940424486,20.01507322,18.64581845,9.087936683,9.566933906,6.520278194,23.24951811,16.43250292
9.4.6.2 Bingo stakes,531.4111359,285.4498484,204.2395906,217.4152464,238.1821562,224.4506311,216.6207438,204.1138905,116.2605995,94.4820313,97.42826329,135.8756136,107.794872,105.8399016,136.1090745,91.21104164,101.5242623,92.10701552
9.4.6.3 Lottery,677.5720101,1434.927133,1120.879708,1152.628248,1125.92295,1164.729768,1195.527255,1273.59334,623.5971896,914.4632235,840.9712698,900.2061119,1007.549838,1111.447628,1081.729461,873.934457,785.3892607,830.8702539
"9.4.6.4 Bookmaker, tote, other betting stakes",918.7378367,577.2125688,490.3196409,529.7236478,465.6112234,558.2944786,472.4469682,608.6885447,618.277175,275.2168738,258.8996214,289.1626935,226.7977101,400.7146063,361.0637543,443.7275151,321.0047536,351.3462953
9.5.1 Books,855.2235114,758.0923337,756.1080102,837.7742155,834.4347272,836.6576449,789.5845409,645.4589176,489.1135963,464.7560663,441.4211671,452.3199033,409.739634,353.6224835,366.0018777,300.8470725,309.5964478,318.2693067
"9.5.2 Diaries, address books, cards etc",379.5228491,344.4727102,371.3241218,416.8597436,400.4828412,391.1989224,384.8877726,332.7701209,228.1246501,225.488346,241.5007165,227.9288984,275.4100258,222.4243812,243.7993669,209.7359015,199.7868695,224.6247222
"9.5.3 Cards, calendars, posters and other printed matter",704.7711601,622.341685,632.7812321,718.4367495,654.7660672,631.9597448,620.1930886,558.1321342,431.9903161,385.6778241,466.252349,416.4784212,428.6778903,368.2205268,367.4742045,331.0191345,309.6844958,330.5074107
9.5.4 Newspapers,1085.688674,921.3622149,969.7734973,1086.018597,1104.413878,1052.4074,983.5702563,865.2589282,657.0796209,580.7357863,622.7129394,591.5912729,591.1767096,483.7787045,450.6756578,390.8111944,315.2177416,370.3745387
9.5.5 Magazines and periodicals,600.438769,530.2529832,509.6768076,567.4761484,543.6329556,547.5547184,544.4214623,421.8348734,324.0501089,297.1245778,314.0607513,277.4798263,285.4963726,233.6670122,212.4232012,181.5336883,162.1229208,165.5834215
10.1 Education,2620.276407,2499.755504,2301.469842,2216.197157,2138.687626,2315.773986,2262.969013,2055.879913,2099.692278,1991.195531,1778.950347,1943.152981,2151.206855,2173.640569,2458.597552,2338.017845,2210.097506,2142.213739
10.2 Educational trips,128.2988529,146.5549363,144.326913,110.321168,109.2901205,118.5422882,128.254277,105.4581979,103.5687044,52.44600032,128.8979481,129.5069171,80.87069037,139.5012842,140.0300499,134.2964282,131.1091194,256.6406462
11.1.1 Restaurant and caf meals,14999.09039,15073.31715,16436.63355,16990.95363,16532.16997,15921.78458,16755.40077,15778.36464,13469.69089,13553.48461,13181.63256,13796.51022,13805.27506,14023.91931,13868.4414,12965.1597,11860.01774,11898.84493
11.1.2 Alcoholic beverages ,12039.46672,11660.58827,12325.21922,11432.36713,11479.61434,10373.64545,10527.83534,8510.309922,7235.560175,6970.361587,6584.678024,6642.287453,6158.389395,6033.401461,5949.274924,5388.531999,5194.821522,4918.929699
11.1.3 Takeaway meals,4920.003468,4674.96002,5379.780959,5137.194343,5153.273467,4798.244434,5363.813328,4523.204977,3799.953872,3878.3312,3600.60929,3817.909543,3624.241693,3706.180255,3710.943288,3454.270638,3216.41342,3293.312899
11.1.4.1 Hot food and cold food,3731.282419,3681.57454,4174.588674,3914.504978,3938.909684,3557.77296,3854.307811,3449.920985,2881.87907,2870.688158,2685.384933,2736.695437,2690.198285,2699.447599,2563.423605,2558.17743,2495.518976,2614.813495
11.1.4.2 Confectionery,618.8639622,613.1754921,650.876148,538.0262779,525.0178061,434.3389278,457.4927823,402.3818516,341.1525725,316.4277214,288.8999097,283.6984812,274.407669,233.1501031,218.8911687,191.2415527,163.8231175,174.2600558
11.1.4.3 Ice cream,220.4348348,184.464427,209.9235203,175.6054595,159.0726755,182.9330135,154.060613,139.681325,141.9927873,128.7638409,107.1317022,114.7396741,122.1021195,116.0777492,103.0826278,91.96974635,86.40052072,101.0841096
11.1.4.4 Soft drink,1041.364009,1069.006676,1315.21607,1119.020427,1158.41372,1058.944057,1086.816345,935.8615131,784.7242706,786.8824641,703.5934799,658.7772646,681.7134678,678.3543629,603.7148269,574.9080197,525.2127485,565.8652924
11.1.5 Contract catering,182.3841306,913.1416005,328.390904,258.9554159,543.5338422,896.3107193,463.0805404,737.582157,849.402222,477.1216005,401.474395,460.7972044,106.9856098,270.5274915,531.0969283,322.1776487,185.4409824,372.0099949
11.1.6.1 School meals,667.2714928,681.6949372,873.8707775,835.4765134,839.6267109,710.4435285,770.259997,666.8271662,692.1649318,653.099443,634.738596,588.5389368,594.0289952,563.6701625,536.2724711,487.3117412,484.742093,446.5636428
11.1.6.2 Meals bought in workplace,1817.497302,1731.471633,1908.62094,1785.30308,1779.821235,1634.4291,1641.632591,1559.429256,1258.011182,1066.936297,993.0422626,903.8185113,962.2119299,877.2200058,859.6316649,669.7246714,592.0961163,624.6066626
11.2.1 Holiday in the UK,4670.592736,4810.860301,5301.224234,5330.258575,4348.585738,4136.473887,4060.124386,3410.728552,2929.031681,2961.808274,3854.300791,4008.581264,4117.996024,4349.107919,3980.835231,3218.003145,3503.330718,3431.376304
11.2.2 Holiday abroad,4445.705874,4693.468301,5581.225056,5675.924282,6074.1917,5479.993028,5685.888429,4926.981188,4054.914376,3855.840605,2451.563951,2682.369763,2771.970002,2848.368398,2857.49776,3069.390319,2738.148167,2936.708431
11.2.3 Room hire,207.1618668,63.10295577,274.305658,174.5364919,28.4913759,36.3145847,18.38783196,37.08161291,54.46010461,71.90282135,15.83829883,184.8731753,61.54650242,202.6308486,187.4325278,217.3516436,106.9491467,65.88371991
"12.1.1 Hairdressing, beauty treatement",2322.096091,2497.932504,2410.199045,3256.598236,2862.747195,2977.980232,2807.843627,2350.67122,1893.635725,1984.656724,2386.292262,2314.554271,2393.38461,2259.99654,2304.858723,2051.87631,1686.037187,1944.268443
12.1.2 Toilet paper,2101.611604,2206.392086,2423.02866,2448.459331,2501.485026,2407.784113,2322.898173,1955.21144,1809.293543,1577.424397,1535.756261,1469.48884,1260.537111,1238.031248,1185.738414,1076.644704,1031.975404,1032.374544
12.1.3.1 Toiletries,446.1077834,406.5951073,404.1808935,398.7388464,366.3702648,381.6483482,404.2055667,299.8887069,266.8235379,271.9465001,309.1432965,335.2801595,376.7598237,300.98219,296.1585935,232.2121462,240.0972733,257.3787432
"12.1.3.2 Bar of soap, liquid soap, shower gel",117.0782532,108.2640408,110.4389269,105.9980627,100.8612264,108.296223,114.8957515,88.95731879,73.82024247,76.2087545,87.35516583,93.56912679,104.696463,88.50260665,92.60500304,71.33739049,66.66760519,81.66398017
12.1.3.3 Toilet requisites,191.8596077,167.3236108,168.8286181,155.2600451,150.7151208,166.6909486,178.318097,126.2195515,101.1825426,102.4983751,112.6698998,130.994705,132.3290987,112.2760312,93.1908486,87.06807964,87.34218627,96.63771075
12.1.4 Baby toiletries and accessories,216.5837865,187.5025191,190.4457364,192.1686742,193.4494842,190.1903959,208.651723,156.0974676,134.0272308,126.6559363,148.4081983,162.6325726,153.8151064,146.7063356,141.4686439,85.36206851,118.7414152,108.8592087
12.1.5.1 Hair products,271.1273178,244.4673168,250.2651281,253.8994562,240.1703877,248.9875912,242.9473522,190.8636201,155.9211282,151.9172951,175.5492796,204.6105447,205.3699421,168.6726253,173.2590349,131.0880077,149.6478889,158.2794959
12.1.5.2 Cosmetics and related accessories,776.3097916,711.0129452,785.6624472,785.8259137,753.3996885,723.4922033,807.5903874,612.5352063,520.0009965,530.1780128,590.2500987,641.5338584,668.3274688,593.7216582,563.1783637,512.4372927,530.8256419,600.3964566
12.1.5.3 Electrical appliances for personal care,80.6918463,83.31110517,123.9713066,102.2914611,99.03487267,72.59172628,90.06808309,54.8215824,46.45909999,48.75161094,53.26208202,61.88908986,63.51714002,68.2625381,56.10127597,56.72001376,58.75247099,54.29966456
12.2.1.1 Jewellery clocks and watches and other personal effects,1351.424842,1543.527657,2055.932596,1759.236193,1798.40843,1725.586961,1894.703244,1670.181534,1141.728266,1441.944535,1288.70314,1805.456866,1420.675965,1779.702195,1343.50569,1130.816712,1032.976644,1018.929682
12.2.1.2 Leather and travel goods,660.0212349,639.806745,564.3191202,733.985664,712.4735654,841.6323334,705.8728019,642.3182572,490.9389035,591.1589352,793.118864,647.6193785,837.9717686,609.4802013,606.6294698,548.2770989,643.9152285,469.9962049
12.2.1.3 Sunglasses,68.55334326,87.23076626,73.13773194,114.9822219,57.59208218,83.81092624,89.29526856,63.98784306,41.33027614,55.79952781,84.03712774,61.09510701,131.4459595,51.87149342,85.81942383,42.1366142,48.46943192,68.48038687
12.2.2.1 Baby equipment,89.09773445,79.85458407,63.62971383,98.08468393,111.8681594,128.6651946,128.4118956,109.4611427,59.75235489,77.79975835,125.7185034,137.1899361,43.15486645,40.77193227,181.3488194,121.0805406,82.18659464,55.40320821
"12.2.2.2 Prams, pram accessories",171.8879687,94.7105906,92.03123483,102.3327272,63.56626086,58.47500771,100.1539123,101.5525544,82.66664195,59.56929259,61.17028787,47.45527416,85.71279927,113.8146808,108.5598685,115.8600256,70.63857965,42.82852911
12.2.2.3 Repairs to personal goods,79.68632725,81.0511058,93.67105414,96.21567029,83.30374117,87.60404501,39.27421603,38.67131044,28.26236153,58.36923338,173.5214479,78.91714238,76.49679734,67.66742233,60.3790319,34.23751879,16.61458352,67.22787219
12.3.1.1 Residential homes,125.3588858,119.559759,57.0728475,108.9433266,76.55782655,121.5624591,17.06712835,110.8853614,269.7712304,74.77464751,205.6383104,37.53171741,299.0353525,38.48256391,22.55461941,101.0363797,321.06611,277.2745368
12.3.1.2 Home help,346.8790721,267.1803397,101.970852,178.0113011,213.0212224,173.2640443,162.7188781,178.472388,356.9022443,140.498695,273.2984232,200.1773299,406.5223948,173.2097903,284.6849492,180.5978422,377.2976354,197.4346004
"12.3.1.3 Nursery, creche, playschools",548.7154756,531.7311068,367.0496097,632.964996,414.2929888,330.5433568,700.2357697,540.8106829,456.3413738,415.4232004,340.4338015,790.5533113,778.0827494,980.7050915,970.1427468,597.1694871,496.4942505,505.682245
12.3.1.4 Child care payments,1037.8171,987.1475651,858.2122659,723.03988,906.2934461,1059.029209,1080.915936,1388.792808,1318.813274,1506.062391,1030.354289,1506.557999,1406.638008,1599.581137,1930.944447,1397.497619,1152.867066,1002.319542
12.4.1.1 Structure insurance,1255.677116,969.4825053,1189.039647,1168.484791,1206.247216,1503.584996,1509.659874,1184.866245,705.2019652,673.0400212,712.4691672,732.121789,682.7450393,695.4685826,627.8330897,540.8039308,509.2508734,484.2247601
12.4.1.2 Contents insurance,1331.247812,1028.024913,1227.327257,1246.911481,1182.974959,1509.258912,1476.161938,1205.317465,690.1429376,672.377904,691.8502196,705.844204,679.8944142,697.3359565,595.8994304,512.1974723,471.231704,460.8733436
12.4.1.3 Insurance for household items,0,0,0,0,0,0,0,0,0,0,0.654008927,0,0,0,0,0,0,0.820414305
12.4.2 Medical insurance premiums,794.4523625,637.1881529,802.463558,729.6305717,801.4589803,1063.660872,1052.0557,682.9945083,412.7805632,502.0033472,537.660912,528.6939329,569.9690045,516.553969,440.6911906,472.2800385,430.3504664,479.3493205
12.4.3.1 Vehicle insurance,4138.77356,3920.245912,4118.231609,4186.3104,3662.678151,4736.068604,4657.539974,3799.608787,2359.356428,2184.481734,2648.634789,2838.957956,2679.050603,2616.626774,2464.712547,2218.102329,2367.363435,2294.045021
12.4.3.2 Boat insurance,6.358084349,6.314125731,1.237588941,6.957848798,16.61785274,20.18777112,32.8059602,13.88153829,0,2.742045834,1.26017111,15.18124576,0.238429675,57.22038139,38.19652133,0.674662679,3.413832895,9.448043515
"12.4.4 Non package holiday, other travel insurance",62.12813404,95.23965928,93.08158017,102.0614908,84.32996916,96.77772458,174.72708,81.74245548,23.7416592,56.59844563,22.08990609,37.75787826,51.65885233,27.27389687,68.74591117,34.16137056,62.06991402,42.78667862
12.5.1.1 Moving and storage of furniture,3.028111036,3.485329347,3.676715754,3.957406617,5.148680097,5.021424472,9.424072273,7.26770304,6.166870038,6.322067402,8.457624823,8.411638012,7.608341918,7.14670076,5.280743219,5.965534505,6.31326682,8.072817908
12.5.1.2 Property transaction - purchase and sale,8.671379175,9.686223111,13.14663865,12.6031113,14.31947079,22.70454496,35.25060131,27.12563238,13.46874534,16.23477338,18.88128182,23.42031904,15.22829875,18.18338603,23.5523428,18.4152934,15.97359594,17.82079348
12.5.1.3 Property transaction - sale only,7.171496858,7.996011172,6.826988083,8.755048516,8.306748219,9.530998519,17.42031822,10.65774172,8.881138242,10.5094767,8.963525578,6.464266948,13.60055282,10.76853963,9.962169822,5.013511287,6.844786899,7.683884475
12.5.1.4 Property transaction - purchase only,4.576928532,6.233583998,7.118342686,6.057372824,7.00530673,8.830533364,17.58441083,8.729639899,8.281928014,6.269796136,5.239020269,6.679914359,8.362583353,9.09492895,6.345067123,7.554311492,6.216232449,7.511119503
12.5.1.5 Property transaction - other payments,1.426753095,1.304058842,2.112428191,1.458587685,2.095873058,2.831670136,5.318647069,5.348302532,5.087789624,3.69350511,5.221019956,4.86309308,4.613372887,4.216811913,3.629938704,3.015690578,7.02537818,3.796864298
12.5.2.1 Bank building society fees,1.648196055,1.791419386,1.453700212,1.932957226,1.11934453,1.037418225,1.522836123,0.894321949,1.803068652,1.242126517,0.808141473,1.647887864,1.235382522,1.424299889,1.713655487,0.917413725,1.07355725,0.878533732
12.5.2.2 Bank and post office counter charges,0.374885128,0.307072415,0.247480381,0.263923612,0.162870817,0.169582965,0.167240997,0.093240837,0.211764969,0.125190995,0.066358091,0.15547126,0.151071216,0.197223365,0.215906317,0.138910225,0.193408718,0.137799147
12.5.2.3 Credit card fees,0.471804521,0.359642719,0.331467606,0.413616354,0.160931096,0.027277266,0.011041415,0.007133196,0.003984015,0.000780166,0.00092594,0.001459994,0,0,0.001879389,0,0,0
12.5.3.1 Other professional fees,3271.523035,2422.767362,2149.177891,3673.726706,1897.495684,3211.316604,3705.263534,5023.168803,1972.033544,2324.165557,1378.969501,1369.828341,1390.702495,1824.956053,1455.549552,1761.850254,750.4365353,1166.59373
12.5.3.2 Legal fees,2887.248767,3656.158167,3467.951536,3251.766859,3446.540412,3739.097347,3059.152848,1049.671788,1815.00059,534.6536101,1421.589151,2332.061233,1768.478517,2661.621974,1490.202678,1969.17214,1620.973349,2056.016826
12.5.3.3 Funeral expenses,1731.389052,316.8862187,4289.829971,339.4376618,5750.854843,2957.341447,499.8364266,2541.546048,339.1786044,2544.001708,3604.171764,500.2168338,578.0062386,157.4228916,203.449572,1602.782438,1216.901686,2280.073062
12.5.3.4 TU and professional organisations,6793.903122,7089.265296,5027.738034,8370.563673,5711.587212,4739.700434,6672.914211,4790.04026,4689.171538,3230.778837,2361.934688,3995.597549,3707.009784,3157.225878,4253.648476,2149.907723,3326.402899,2404.493232
12.5.3.5 Other payments for services,2724.577501,2137.241534,977.2097663,1296.603357,927.9006719,1059.672526,1014.393102,1122.136003,679.6575134,500.9434975,290.3101028,541.8139111,659.149057,697.0636644,486.7887162,430.7217914,666.0209117,443.4596696
"Non-profit
instns serving
households",4886.784417,4880.43519,5063.018957,5135.855587,5489.393271,5519.364303,5325.436052,5156.514348,5098.221316,5205.887611,4955.241652,5377.468938,4971.507032,4750.402022,4747.250543,4010.938105,3904.697023,4134.307622
"Central
government",43573.90837,44975.81014,44860.37977,49207.78484,49482.11299,47859.94479,48495.82837,47533.16944,45814.26105,43413.51159,43005.5364,45054.53361,44103.75651,44539.87658,42999.29339,38610.71807,34675.57962,35924.19838
"Local
Authorities",45819.41817,44176.05598,45549.94676,47288.41247,46616.94286,45297.60928,45578.25351,41746.96507,39442.48879,35621.43592,32379.31842,32045.96749,29217.11934,26963.17379,25780.62023,23178.9091,22737.21832,23088.48428
"Gross fixed
capital
formation",127974.8445,123191.5459,123637.4009,128703.6611,129250.6622,131098.9226,134962.4441,119521.6472,93554.89588,89726.75139,89236.81826,93957.19839,93245.43033,100360.9769,103829.8194,96855.28885,91838.89528,90108.02155
Valuables,6075.171563,6242.677971,4717.158957,3937.444,4191.094367,4492.451181,3205.669188,2421.593161,1314.333162,2106.768736,1006.442009,761.0219146,7113.455237,1139.855329,2402.101664,865.8137407,1929.717873,3520.367849
Changes in inventories,4783.772196,5256.989817,3868.718366,5266.47628,5131.319098,8894.570997,6695.399586,5155.521268,3721.606044,6431.156649,6800.751642,5084.634061,5653.109894,12519.66796,8765.123492,3610.612243,2922.901213,2502.848489
