Greenhouse Gas emissions - GHG - Ktonnes CO2e,,,,,,,,,,,,,,,,,,,,,,,,,,,,,,,,,,,
,,Food,Non-alcoholic beverages,Alcoholic beverages,Tobacco,Clothing,Footwear,Actual rentals for households,Imputed rentals for households,Maintenance and repair of the dwelling,Water supply and miscellaneous dwelling services,"Electricity, gas and other fuels","Furniture, furnishings, carpets etc",Household textiles,Household appliances,"Glassware, tableware and household utensils",Tools and equipment for house and garden,Goods and services for household maintenance,"Medical products, appliances and equipment",Hospital services,Purchase of vehicles,Operation of personal transport equipment,Transport services,Postal services,Telephone and telefax equipment,Telephone and telefax services,"Audio-visual, photo and info processing equipment",Other major durables for recreation and culture,Other recreational equipment etc,Recreational and cultural services,"Newspapers, books and stationery",Education,Restaurants and hotels,Miscellaneous goods and services,Total
,,FOO,DRI,ALC,TOB,CLO,SHO,ACR,IMR,DIY,WAT,ELG,FRN,TEX,APL,GLA,TOO,GOO,MED,HOS,VEH,OPP,TRS,PST,TEL,TES,AVI,MRC,ORC,RCS,NBS,EDU,R&H,MSC,Total
,1990,84184.40863,4983.02482,4929.408855,1756.110832,11172.63497,2826.693567,606.2616437,47.19495738,5895.82893,32612.50864,242619.928,9958.465428,5166.713967,2515.943189,5202.11088,2051.108946,2834.389601,4424.347906,1838.393732,14018.22212,193038.7893,46091.7058,579.6194924,144.7403783,2888.947724,5942.521129,2096.970165,23259.38265,9378.61377,4189.228444,2437.611492,29965.29195,28137.17764,787794.2996
,1991,83491.2406,4913.513361,4830.694982,1860.791216,11323.47406,2835.168502,610.8578944,47.5446274,5529.879097,32148.11415,250631.4239,9999.743429,5165.572886,2390.094978,4994.983153,2018.130548,2792.644577,4405.988085,1866.614407,15045.50419,192802.585,46304.9378,604.3533244,141.0937938,2997.560883,5841.792729,2102.925911,23065.78563,9369.536289,4169.848856,2514.1242,30699.70278,28232.0135,795748.2393
,1992,79445.90095,4599.30849,4408.601513,1817.037851,10411.69417,2617.136674,569.2265798,43.92076098,5001.62376,30765.02713,240305.0856,8995.566202,4694.726819,2036.818358,4381.21341,1821.892635,2592.365688,4010.242594,1784.677442,14942.35554,185575.9102,44647.41386,605.8165014,123.775608,2901.37256,5205.369324,1959.563654,21501.10447,8615.199009,3825.088589,2467.104839,29248.03823,26495.46768,758415.6467
,1993,75002.3191,4117.23486,3879.218273,1660.278586,10035.98051,2472.681337,572.8941174,43.30591813,4399.521869,29892.74328,234737.8949,8421.795467,4362.510443,1707.168341,3826.842512,1662.199986,2422.143161,3829.833842,1949.940448,14660.17005,183888.3004,44574.41804,645.5937312,113.1549631,3176.955505,4854.522898,1765.51535,20468.33085,8748.610752,3576.67824,2426.340643,29522.86915,25573.8175,738991.785
,1994,74257.52396,3926.416479,3664.266213,1749.606672,9852.676988,2472.390424,584.6209344,43.84171936,4003.263201,28731.26082,225445.5132,8178.417577,4187.312444,1331.384463,3495.363701,1611.576362,2321.98293,3770.65745,2283.39479,16166.37285,177885.1367,44399.15957,710.0240893,104.4290767,3477.143982,4540.967765,1789.923106,20116.52315,8710.573962,3550.341569,2439.110746,29035.90315,24862.09995,719699.18
,1995,70357.32632,3700.152721,2544.988663,1449.587837,8972.392007,2245.328483,554.8781374,40.67522945,3467.344249,28225.27735,222245.2733,7269.971542,3737.165984,946.343642,2858.768521,1449.657197,2078.908638,3388.631123,2227.657582,15941.95901,164790.1833,42312.09146,722.5767554,84.56071461,3719.805836,3905.580548,1693.340063,18397.89111,8838.607607,3207.377386,2579.897778,27157.22957,23163.32642,684274.756
,1996,77626.85666,4494.283309,3498.586001,1118.977174,10338.7761,2028.886975,476.6366247,32.47056514,3754.209456,30395.90347,246842.9896,8692.81236,4906.564255,1044.468454,3807.559962,1706.903877,2314.312578,3776.431819,2418.155178,18169.21661,115513.4676,42439.11663,747.1501825,97.16152402,4379.642794,4443.594384,2015.727924,20838.80058,8653.180577,3474.249177,2901.256899,28934.99843,24450.90141,686334.2492
,1997,83387.55141,3787.02963,2192.271192,1215.856583,14071.28955,2589.992244,8355.40167,12497.29015,2791.189294,7622.814532,214316.4722,10696.05998,5742.833743,1816.428227,5320.646012,2157.397129,2095.090101,6399.762728,1460.413189,22643.01069,129966.7447,51377.8601,890.4547628,137.6666008,4926.163317,5916.146575,2486.9701,24010.75205,7628.763635,3935.078987,2525.600534,47613.91772,31470.53173,724045.451
,1998,86940.99684,4033.100625,2150.76265,1446.293551,14988.32862,2847.032071,9634.077174,12869.06633,2900.174198,7672.285969,215646.478,10883.4556,5985.339132,1854.469526,6017.95495,2417.135581,2356.154339,7136.196773,1603.7615,24389.71561,127824.8811,55400.75393,602.3595141,197.3187429,4926.140353,6632.841369,2925.695055,24168.5114,9032.10361,4070.124147,2562.553492,50209.4142,34667.4546,746992.9305
,1999,89234.13756,4230.836446,1953.86323,1414.842117,15340.39214,2929.830048,9547.560592,12533.83863,2612.484641,7611.34124,220683.6987,11578.77362,5904.308448,1838.795345,6252.540442,2440.704766,2358.265953,6966.783812,1538.522759,24368.38482,134648.4755,59832.73705,589.062586,219.168984,5102.140457,6961.928432,3445.258627,24744.81208,9353.063991,4092.997649,2655.691605,50975.28691,36529.50333,770490.0325
,2000,84597.4533,4147.276348,1882.400483,1273.736476,15168.5017,3227.266188,9717.757816,11706.73734,2825.296084,7391.995904,219607.87,12190.20611,5932.888745,1737.657903,6249.786464,2334.284539,2446.328364,7107.080967,1405.592111,23957.49666,123191.3173,59784.11039,456.9512672,250.0113179,4898.993612,6906.475838,3402.72149,25391.32313,9444.562549,3997.046262,2648.623997,51247.22538,36260.0978,752787.0739
,2001,84061.09064,4418.856146,1788.411796,1078.221048,14951.51697,3218.884912,10177.77558,10773.65982,2870.440971,6820.682341,231324.93,11875.06209,5742.371788,1784.86654,6346.083901,2550.68518,2509.167944,7938.761656,1522.804095,25575.76769,120142.3564,63532.29769,529.6423166,269.7979569,4447.610378,7059.680302,3624.742384,25215.83657,9374.063834,3625.644963,2748.57526,49561.1192,36027.55617,763488.9646
,2002,82076.39074,4140.236195,1736.383437,820.608215,16077.42389,3340.947669,10328.80459,11242.65759,2754.485407,6272.602592,220282.7833,11719.99482,5562.20327,1615.347816,6200.077858,2565.117508,1917.38177,8351.794017,1450.63225,23371.32143,117684.5201,69530.54408,391.4643925,265.911274,4361.893643,6974.951848,3419.609528,26111.69645,9374.68165,3176.521927,2646.31044,49850.8263,33354.57864,748970.7047
,2003,78866.49424,4043.574045,1685.961324,778.4773764,15746.04972,3797.297351,10290.23445,11022.16706,2549.254146,6182.218091,211946.0616,11681.92839,5121.801924,1479.722107,6123.490977,2654.64334,1780.351308,8663.427173,1335.460199,22515.84712,117116.5975,71007.15379,525.1247973,348.2943891,4821.042837,7751.24102,3637.885647,25170.51829,9346.753629,3239.663669,2445.796755,54759.87571,34572.24999,743006.66
,2004,83582.21999,4312.466339,1750.006988,673.9475694,16608.04565,3836.21607,10154.06503,12653.86597,3478.64623,6484.071871,228511.3746,12084.77066,5000.073005,1486.179024,6379.8567,2683.455774,1556.117188,9504.178823,1488.321828,23715.51277,120210.971,74162.12718,553.6779894,316.0722455,4659.819123,8561.120517,3969.2773,25088.97219,9381.89895,3626.565454,2326.518325,53368.12661,36654.93355,778823.4725
,2005,83460.60289,4453.908814,1613.223808,550.8296308,16621.23692,4028.159101,9820.872298,13308.60195,3238.529028,6253.25671,217451.4247,11489.61404,4295.889092,1466.944532,6499.988625,2685.831706,1470.204701,8962.605331,1661.176837,21894.70571,120153.5082,77093.91549,473.550395,326.605529,4367.635574,8546.45555,3928.91626,23213.62125,9441.238713,3537.730469,2247.977746,52560.72227,36432.61616,763552.1
,2006,79750.22883,4137.517951,1504.369085,620.1827978,17627.90615,4428.950565,10160.33884,9880.314314,3029.267801,6281.078661,224693.5186,11628.3692,4399.440871,1379.947608,6315.975919,3022.153592,1361.256514,9388.490724,1678.241189,19081.11416,121193.3881,74867.20156,402.7254125,328.8040392,4480.417577,8507.602378,3641.821351,23036.44583,9090.345376,3459.778431,2434.316274,49221.62827,36574.65601,757607.794
,2007,74180.58117,3751.90448,1442.157147,598.4578255,17716.39524,4228.103279,11047.78397,9015.072087,3129.921975,6470.472268,216975.9747,12944.27101,4699.104451,1397.567163,5930.917254,3604.465928,1473.276167,9432.75227,1861.340305,18015.90224,123414.4398,76407.44052,385.8841708,365.415321,4128.948656,8980.189092,3515.685272,23537.95817,8967.935135,3322.657121,2391.22329,50839.10076,36037.27763,750210.5759
,2008,70548.73525,3628.377752,1424.901914,523.1119577,16398.32284,4086.743641,10310.81675,7832.072843,2325.16934,5321.934498,218978.0605,10670.34501,4474.596049,1147.675556,5375.462686,3167.611118,1178.529803,8330.848348,1600.155738,14043.89003,120011.0515,73290.02505,260.9193935,268.0749886,4102.028967,7264.623807,3251.634831,21732.20899,8571.88595,2823.454974,2161.338111,45078.35514,32235.49761,712418.4609
,2009,74280.21403,4497.270881,1115.751095,477.5408786,14310.21075,3621.56663,9553.550785,8046.271361,1676.697578,5281.821418,203273.2618,9053.378519,4318.935011,935.8489724,4316.819216,1726.940072,1149.696083,7321.160115,1760.877419,10738.72728,114596.9484,66761.91174,258.5083724,298.8684428,3566.345806,6422.018609,2898.842799,18302.9993,7187.713809,2130.358292,2203.260983,38492.93814,22977.8416,653555.0961
,2010,71837.64672,4064.212991,1078.468043,450.260227,13821.1097,3156.291461,9498.561285,8940.769789,1605.049241,5244.159894,219777.2038,8515.08905,4174.040467,828.4427762,3927.276722,1556.656036,1069.446951,6863.991106,1774.376213,9507.582205,111663.0994,65055.54117,288.5732371,259.5468989,3665.567235,6310.612858,2585.111544,17739.34804,7056.999318,1953.782601,2043.641532,37591.64863,22561.82225,656465.9294
,2011,73394.93779,3885.051543,1214.730487,526.3760507,13325.87181,3354.276655,9853.312166,8814.486379,1727.934026,5075.36513,187657.1711,9291.235432,3261.88138,820.2498214,4275.686145,1624.341352,926.5199033,7686.613567,1931.969789,9388.325931,114431.6432,68794.20861,282.3564574,290.4243757,3641.868204,6549.371835,2667.770275,18621.08952,7670.232341,2085.947923,1907.848295,35502.8882,23493.91302,633975.8988
,2012,75219.89098,3898.482816,1427.216582,437.4599899,12670.29277,3226.126783,10248.54043,7723.135462,1694.36675,5141.024881,205853.2613,8840.498573,3233.353852,881.8791042,4385.972608,1587.530137,1016.107919,8646.604569,1909.084296,9121.798018,116653.3245,69519.11663,301.7160707,364.0194076,3631.317809,6437.231937,2714.373096,18216.22425,8350.425174,1965.798322,2072.659898,36879.59693,24376.82615,658645.258
,2013,74511.58809,3653.671153,1578.690381,372.5600582,12727.32517,3343.03726,9505.253971,7784.621536,1768.238323,4881.557332,206130.4321,8456.674785,3733.873263,862.5206487,4335.845447,1249.260996,961.0388127,8278.497928,1988.42713,8763.845958,116407.1578,68359.04784,233.9078123,393.6590947,3427.258037,6369.604959,2847.724182,17529.33106,7866.338789,1990.500632,2232.077546,35971.06676,23662.17546,652176.8103
,2014,73328.95395,3732.038627,1395.442231,331.6831922,12495.25349,3577.691429,9269.198278,7417.393167,1711.9837,5085.132929,175889.3895,9268.499007,3569.982265,945.4125414,3920.8895,647.7628676,908.7589584,8082.757998,1887.80541,9775.463765,110769.2372,71618.12568,268.413701,344.5678538,3433.043039,6593.680168,3305.173257,18863.57675,7998.897327,1661.713108,2313.141853,36602.05567,23592.24019,620605.3585
,2015,73560.90771,3688.276949,1285.067008,365.2853319,11961.1223,3384.510179,9714.246834,6828.790758,1604.22523,4813.306093,171662.2764,8927.627345,3818.448915,971.7694764,3675.989567,588.8580033,823.3753295,8226.182138,1855.388893,9817.971575,108845.8827,72428.26382,387.7322646,358.7084305,3095.7452,6179.469724,3698.084518,18453.11288,7564.232575,1640.374308,2598.627602,35970.53842,22677.54735,611471.9458
,2016,70325.61632,3274.864647,1203.014567,314.9192259,10123.16362,2743.613554,9299.858537,6211.0126,1420.985709,4368.428863,158120.071,7448.433041,3330.098637,800.6119098,3346.628595,494.8464427,714.2047258,7283.852348,1736.422357,9330.090672,107276.2885,69896.10328,351.0226261,441.8268244,2364.924228,5410.167644,3628.821073,17290.143,6599.484402,1413.946991,2472.314273,33208.21825,20307.13066,572551.1291
,2017,67796.10783,3093.162541,1063.254257,307.5187931,8648.21818,2448.13617,8943.01873,5910.995307,1317.665492,4412.875557,143302.8428,6789.743406,3377.069787,800.3425628,3105.544483,469.8792525,600.9899769,7021.860573,1510.332367,8445.215531,104389.1021,64786.32047,343.9095268,365.2732945,2471.840446,5100.668191,3457.752107,16908.19749,6244.960892,1296.408476,2341.206626,31152.91526,19680.66903,537903.9975
,2018,64021.25784,2290.560058,1245.297267,335.8213039,8621.55556,2335.905333,8670.181956,5250.094999,1410.105968,4330.260919,144202.198,6848.426133,3039.362505,896.1966203,3260.69216,477.7817693,656.6955381,8327.74083,1590.346769,8861.991556,105527.092,70202.33914,395.0267778,366.5831275,2406.270678,5414.77777,3583.164255,17416.61054,6408.190269,1409.3594,2398.854385,31444.25923,20207.82097,543852.8217
,,,,,,,,,,,,,,,,,,,,,,,,,,,,,,,,,,,
Carbon Dioxide emissions - CO2 - Ktonnes CO2,,,,,,,,,,,,,,,,,,,,,,,,,,,,,,,,,,,
,,Food,Non-alcoholic beverages,Alcoholic beverages,Tobacco,Clothing,Footwear,Actual rentals for households,Imputed rentals for households,Maintenance and repair of the dwelling,Water supply and miscellaneous dwelling services,"Electricity, gas and other fuels","Furniture, furnishings, carpets etc",Household textiles,Household appliances,"Glassware, tableware and household utensils",Tools and equipment for house and garden,Goods and services for household maintenance,"Medical products, appliances and equipment",Hospital services,Purchase of vehicles,Operation of personal transport equipment,Transport services,Postal services,Telephone and telefax equipment,Telephone and telefax services,"Audio-visual, photo and info processing equipment",Other major durables for recreation and culture,Other recreational equipment etc,Recreational and cultural services,"Newspapers, books and stationery",Education,Restaurants and hotels,Miscellaneous goods and services,Total
,,FOO,DRI,ALC,TOB,CLO,SHO,ACR,IMR,DIY,WAT,ELG,FRN,TEX,APL,GLA,TOO,GOO,MED,HOS,VEH,OPP,TRS,PST,TEL,TES,AVI,MRC,ORC,RCS,NBS,EDU,R&H,MSC,Total
,1990,30126.47349,2746.662071,3610.833554,773.1994181,8068.232452,1638.521403,435.2339423,33.20887412,4841.957999,4598.522439,214013.162,8024.933434,3944.489719,2054.332005,4232.590968,1673.307298,1942.182497,3331.700181,1359.144409,11576.74245,157188.4966,41864.73405,501.0025043,116.2747691,2334.28095,4730.377547,1435.220853,11551.36786,7195.410172,3319.869405,2011.083507,19121.60249,21771.90035,582167.0517
,1991,29984.12033,2700.932741,3536.24848,791.9287699,8231.188882,1646.677859,439.1812318,33.54396391,4505.606733,4853.188656,221626.6716,8092.725911,3964.944594,1955.608581,4049.43747,1643.578241,1915.409148,3324.600798,1379.700737,12443.04937,157141.7215,42013.00073,522.9977015,113.5368831,2422.786987,4650.938096,1442.172558,11506.88434,7191.144208,3294.757336,2079.707884,19664.06674,21870.13226,591032.1913
,1992,28437.12111,2525.344494,3223.336737,752.4341121,7554.601877,1510.37416,408.9504138,30.9136001,4084.349454,4566.921759,212037.2876,7273.024891,3614.786906,1667.245958,3529.247944,1482.437819,1780.93641,3024.058046,1318.701874,12375.6392,152058.2411,40522.96113,525.8625929,99.50270536,2342.913925,4132.790087,1331.784549,10597.77678,6574.1584,3008.412787,2048.999999,18666.41399,20545.21286,563652.7452
,1993,26167.42138,2193.879817,2786.284046,662.2240564,7261.198937,1421.197802,413.6321067,30.57830155,3613.261562,4255.602432,207236.8518,6808.726303,3379.840068,1396.026695,3040.3131,1351.067765,1687.285386,2896.365676,1433.875083,12127.91949,151124.6379,40422.87674,561.7131888,90.9859694,2559.185633,3847.649536,1173.505961,10007.59464,6669.114092,2803.315981,1984.515167,18807.13624,19826.14271,550041.9255
,1994,25632.81673,2071.335194,2616.462668,676.9537427,7102.005443,1418.925111,422.8524464,30.99598177,3314.213994,4125.253245,202734.8723,6614.658917,3242.574447,1085.89182,2751.353308,1309.688814,1628.261266,2855.513326,1678.518652,13410.2015,146254.9759,40201.79433,612.9255719,83.93051127,2796.33414,3586.061988,1186.955865,9742.487269,6593.177988,2791.461133,1990.338742,18384.45814,19238.57454,538186.825
,1995,24371.35125,1990.857997,1758.882564,538.7231922,6475.68979,1295.837461,404.3368683,28.92137002,2878.805033,3938.804522,198915.6203,5880.682925,2913.68922,768.0007419,2220.789934,1177.61466,1454.830025,2578.353035,1632.114019,13182.72508,136364.822,38373.49652,618.0519846,68.1082042,2976.678459,3067.594605,1117.172582,8746.545784,6615.598793,2512.704611,2085.264249,17140.84073,17790.20056,511883.7091
,1996,27144.47369,2503.064691,2477.280686,449.1458713,8030.085145,1379.785866,330.4959734,21.62097777,3089.971061,4086.421761,213832.6379,6906.999134,3716.184679,846.0799015,3245.970457,1394.332424,1617.559105,2841.612404,1738.033571,14933.01673,96548.91449,38133.95161,628.1990553,80.31914454,3442.983406,3524.193142,1370.244602,9889.089392,6383.956555,2703.663983,2323.329278,17538.90462,18376.4912,501529.0125
,1997,28034.24356,2091.0376,1378.294107,535.6174048,10838.61079,1780.758205,6305.19144,10122.29174,2177.557142,2441.917609,184640.5282,8444.422604,4365.011807,1409.629219,4550.360881,1753.810095,1534.13145,4770.364223,1045.365974,18328.39822,111907.7228,46495.05956,752.8181853,113.0193722,3960.711336,4695.36402,1701.977494,11269.31168,5473.908234,2991.218981,2037.836668,30780.19281,23984.76708,542711.4505
,1998,28281.17676,2141.068026,1306.016318,577.6387736,11338.57427,1950.28467,7236.066152,10158.97819,2247.128516,2550.588415,183310.026,8471.472583,4453.343705,1447.329768,5121.623137,1971.862626,1717.604046,5277.251359,1146.402155,19792.58426,105259.2083,49913.78963,498.5855826,162.2417529,3915.169293,5247.701807,2073.439073,11536.22234,6469.930644,3077.164954,2013.086357,32001.91852,26237.1642,548902.6421
,1999,28853.92896,2343.659363,1186.08351,596.203639,11827.72758,1984.955831,7214.911981,9839.726499,2064.532076,2507.223214,186717.1795,9299.377589,4578.308648,1466.912257,5319.75014,2027.56206,1750.344453,5245.743999,1113.630141,20213.7314,113169.276,53973.84947,489.9907018,182.7055887,4053.534941,5625.233357,2524.150389,11648.34985,6753.983009,3170.464281,2101.688336,32787.94783,27898.34988,570531.0165
,2000,26844.68772,2336.292227,1126.347315,586.3231217,11309.30946,2118.47947,7376.309446,9430.517684,2254.956066,2463.844599,190394.0914,9760.157865,4554.54804,1386.503842,5327.366386,1947.162911,1856.241906,5422.971297,1020.010528,19951.55065,103970.515,54306.72783,381.9971549,207.4049803,3832.296045,5560.819266,2507.962452,12049.40427,6949.268579,3094.890578,2108.059505,33061.4171,27817.54655,563315.9813
,2001,26653.7206,2452.503272,1083.059574,502.4956478,11354.43539,2044.458519,7603.268905,8642.241575,2289.290327,2648.63954,200289.9276,9601.521562,4423.51674,1448.726831,5432.572962,2145.901539,1887.94886,6019.14782,1128.075425,21496.25472,102011.6592,58037.3795,447.1288788,225.290068,3593.464758,5749.475982,2730.401803,12182.68137,6944.572646,2834.282683,2168.965293,32986.55106,28028.85464,577088.4152
,2002,25364.48046,2210.483084,1027.993833,370.8852301,12369.02037,2136.751834,7683.748938,9156.681757,2213.055664,2256.902778,192857.902,9486.542988,4305.627477,1318.09625,5319.463149,2157.198935,1431.946175,6389.034619,1058.712245,19661.81624,100657.4074,63743.71546,329.0881532,221.8923874,3439.266117,5670.367544,2570.021088,12303.87944,6918.041263,2495.662613,2040.52082,32399.10784,25783.86908,567349.1832
,2003,24810.73918,2233.686153,1047.031307,354.0792176,11716.74991,2510.402254,7779.838151,9270.151381,2024.962721,2420.243026,191936.002,9438.370451,3858.708933,1220.553035,5301.95788,2226.347107,1341.484664,6601.266997,973.4502575,19012.04785,99837.13884,64528.66476,427.6394522,291.7366719,3853.935006,6355.357169,2749.375131,12179.51489,7095.718061,2558.097872,1922.552445,34994.03695,26977.66977,569849.5095
,2004,25742.58931,2353.32051,1048.468317,297.6287251,12441.47147,2404.747512,7637.23909,10594.14151,2750.787333,2599.574788,203822.972,9647.485448,3761.144539,1219.175498,5553.723172,2250.761328,1142.11494,6992.833132,1082.475877,20073.75673,101936.1828,67037.31042,464.8455684,265.1304171,3712.703902,7019.523393,3016.410783,12115.9542,7104.983634,2831.00947,1800.788477,33905.26261,28492.73861,593119.2556
,2005,26184.15881,2480.604986,943.0559389,250.8326906,12097.87523,2569.995029,7527.212866,11445.28649,2600.500978,2671.392456,198230.6447,9135.297244,3160.206756,1215.269228,5722.778682,2261.457099,1092.055438,6694.764914,1235.055461,18639.6297,102806.4813,70000.08825,401.7832338,275.6352155,3512.997656,7075.843452,3013.851599,11417.56777,7308.656204,2793.865269,1748.801063,33904.06651,28721.40376,589139.116
,2006,24671.55165,2243.155543,862.6307968,283.6886992,12953.34435,2976.118511,7798.561177,8294.175976,2426.087826,2689.678327,203654.9325,9329.321512,3261.421111,1145.823759,5550.606041,2553.955982,1023.715541,7075.350946,1230.29128,16190.57006,102213.4219,67616.60909,337.4198147,278.2926257,3583.624686,7084.510517,2811.319676,11529.95606,6960.7821,2740.207969,1895.713043,31591.75946,28785.41061,583644.0091
,2007,23692.52435,2099.983808,815.0335918,254.5581505,13101.88998,2761.490427,8411.284813,7422.944177,2565.344316,2780.252144,197006.7927,10516.02105,3513.732386,1162.487681,5243.334606,3071.710625,1098.95658,7451.400118,1394.202758,15411.71098,103747.468,69332.60675,323.5826922,310.2459205,3250.226925,7533.122576,2742.201801,12512.6613,6891.113918,2679.875749,1862.092657,31742.72645,28363.05526,581066.6353
,2008,22391.04763,2041.527715,737.4900645,232.9397029,12400.11869,2806.943474,8001.709437,6626.020951,1915.66456,2085.129722,200478.0934,8827.356527,3453.069669,962.0231592,4731.887156,2719.399323,883.8003163,6547.919255,1211.392645,12086.77263,100970.8702,66488.27848,220.346247,229.6748367,3274.157355,6143.899221,2564.086455,11389.81939,6616.790212,2293.600104,1711.547129,29167.58596,25655.38983,557866.3515
,2009,24196.03947,2434.471742,630.0395605,227.9551702,10937.21633,2459.389238,7336.019001,6677.947117,1373.199504,2097.149297,184989.1748,7510.319511,3337.169168,788.8647436,3800.417749,1498.405405,841.9399222,5647.623531,1321.895336,9268.771089,97098.61145,61352.011,220.3305357,255.7295419,2882.548008,5429.74043,2262.986993,9169.076687,5626.504212,1728.244745,1747.101243,24532.50885,18194.45268,507873.8541
,2010,22789.71323,2160.867235,564.4771614,182.0806895,10697.57937,2167.687308,7304.873596,7421.806152,1280.461595,2135.217799,201962.328,6960.25016,3178.694597,692.8567609,3441.712743,1341.569796,771.0907168,5050.371858,1323.920913,8102.943542,94529.23589,59977.35739,247.3797668,220.395146,2904.436261,5288.108844,1969.433718,8655.684976,5489.674964,1547.994168,1632.303178,23528.47808,17662.18648,513183.1721
,2011,23828.25532,2049.879503,663.6454262,243.2581473,9966.479979,2346.318003,7490.290953,7299.295917,1374.886838,2049.092196,171991.7129,7602.239668,2378.660784,688.401212,3770.488356,1401.951503,685.4086536,5679.472473,1415.068481,7999.525421,95520.7039,63383.60924,237.9889971,246.8549921,2912.064505,5502.472289,2045.314831,9327.805309,5676.256941,1645.588089,1512.609675,22789.71442,18511.48291,490236.7978
,2012,24090.59528,2036.464891,827.7599732,203.7457662,9685.329387,2250.299521,7765.460885,6308.068439,1323.647905,2182.021303,188859.8519,7239.553965,2406.761342,738.9967563,3863.574943,1374.058941,745.9267925,6265.793936,1383.409662,7754.888453,95304.6776,63481.59717,250.5495565,310.4162357,2889.067163,5407.964417,2089.246671,9080.172448,6167.402942,1534.439774,1639.361295,23733.88933,19018.05859,508213.0532
,2013,24324.60672,1884.807717,953.5832378,183.7734313,9585.642829,2312.418589,7315.959766,6339.012287,1394.869306,2085.863138,187362.2301,6968.798683,2778.247845,728.330218,3816.105324,1084.425441,709.6349908,6143.563083,1462.152672,7460.382261,94753.73975,62333.79255,190.6432049,334.8155312,2724.292629,5357.152395,2203.95571,8899.838009,5782.598517,1566.908025,1768.386167,23583.40975,18457.61895,502851.5589
,2014,24369.82683,1947.07459,804.3815422,172.2281893,9153.360607,2458.546285,7180.050254,6092.896159,1374.100619,2233.324426,158740.1927,7580.75922,2586.561424,800.6298766,3456.396118,553.5527725,680.9329569,6165.174236,1398.302755,8324.403504,92187.32287,65792.47263,218.6975356,293.0177592,2754.776794,5560.394324,2591.349885,9473.978686,5924.715096,1317.06099,1808.524092,24133.15056,18496.02937,476624.1856
,2015,24284.39317,1886.141701,705.555941,194.3688326,8896.547873,2275.422792,7344.200424,5620.319195,1287.307044,1985.766558,154870.0133,7288.594855,2858.560283,818.5273971,3242.501057,502.9799115,610.1900328,6170.343351,1360.300024,8351.059081,91281.9387,66875.87107,316.5116065,302.9151636,2491.011353,5177.282326,2949.95862,9055.047654,5579.412339,1278.831153,2041.011965,23527.90773,17668.89503,469099.6875
,2016,22866.50786,1678.998044,668.3777336,175.4387499,7534.40418,1837.887208,7039.005889,5171.269153,1168.085106,1727.482051,144168.0792,6031.50554,2459.590492,674.4733316,2960.066047,422.2135246,538.9997062,5560.163027,1287.638722,7948.70445,91146.82392,65209.93336,292.6845073,371.5608337,1948.823757,4513.965973,2918.782681,8110.48781,4861.912367,1121.851847,1954.972182,21863.63019,15915.08648,442149.4059
,2017,22132.15105,1566.884666,594.4364588,165.5194984,6480.667736,1642.51259,6722.645352,4932.595906,1085.427966,1634.058177,131802.1548,5551.998003,2509.763762,677.3753442,2755.827136,400.5191818,461.6942026,5364.603318,1121.004546,7202.948531,89552.18989,60818.87755,291.3696491,307.4857841,2064.858168,4267.926463,2771.36349,8091.511534,4680.700254,1031.073931,1865.769645,20533.10079,15679.01078,416760.0262
,2017,20540.80228,1195.568398,692.9391686,184.7025246,6523.337641,1537.254238,6471.130347,4361.81349,1123.724565,1511.346293,133205.8429,5563.864749,2266.257529,757.865145,2892.447967,406.573997,490.5188031,6112.685661,1159.001495,7548.986856,90195.29391,65876.95501,333.5054465,307.2533956,1991.517405,4496.878264,2874.366258,8369.351321,4781.570407,1095.908417,1905.713172,20670.48192,15944.07617,423389.5351
,,,,,,,,,,,,,,,,,,,,,,,,,,,,,,,,,,,
Energy - NRG - Ktonnes oil equivalence,,,,,,,,,,,,,,,,,,,,,,,,,,,,,,,,,,,
,,Food,Non-alcoholic beverages,Alcoholic beverages,Tobacco,Clothing,Footwear,Actual rentals for households,Imputed rentals for households,Maintenance and repair of the dwelling,Water supply and miscellaneous dwelling services,"Electricity, gas and other fuels","Furniture, furnishings, carpets etc",Household textiles,Household appliances,"Glassware, tableware and household utensils",Tools and equipment for house and garden,Goods and services for household maintenance,"Medical products, appliances and equipment",Hospital services,Purchase of vehicles,Operation of personal transport equipment,Transport services,Postal services,Telephone and telefax equipment,Telephone and telefax services,"Audio-visual, photo and info processing equipment",Other major durables for recreation and culture,Other recreational equipment etc,Recreational and cultural services,"Newspapers, books and stationery",Education,Restaurants and hotels,Miscellaneous goods and services,Total
,,FOO,DRI,ALC,TOB,CLO,SHO,ACR,IMR,DIY,WAT,ELG,FRN,TEX,APL,GLA,TOO,GOO,MED,HOS,VEH,OPP,TRS,PST,TEL,TES,AVI,MRC,ORC,RCS,NBS,EDU,R&H,MSC,Total
,1990,8839.273526,973.3202756,1049.516582,233.0104599,2538.578374,402.5641288,94.56171342,7.044662346,1646.292746,998.4375123,42337.92174,1999.797859,1253.68618,606.6654131,1060.776396,473.2930639,891.9627154,2643.392804,733.058847,3254.966411,30733.26994,20814.31883,121.1648291,36.63623204,660.360507,1697.658597,351.35252,4587.574492,1797.543945,1591.543412,504.1029483,5156.634921,8572.837987,148663.1206
,1991,8814.064723,957.5704074,1026.078498,232.9017023,2540.917626,408.5620752,96.11862893,7.10064101,1582.348438,1023.944587,46317.0867,1964.887031,1222.358623,564.7225588,964.1833766,454.5784445,875.1340793,2602.925458,741.8857506,3448.995069,30479.97714,20651.7258,127.1804024,36.27147467,694.5372143,1682.684644,351.3920324,4537.464748,1820.993067,1571.237519,533.6292968,5269.199546,8628.732788,152231.3901
,1992,8356.490347,895.5012477,949.4778331,216.3495479,2317.169115,383.8819771,90.09205543,6.53342796,1405.345088,897.9926145,45503.21132,1745.433835,1077.502175,471.3616621,817.2008904,396.3953605,795.9820564,2293.254241,696.6157774,3424.643734,30441.57083,20704.71169,128.3373376,32.08274709,677.8650273,1497.575156,328.0917459,4106.443034,1709.585154,1407.624121,545.585831,5096.750766,8109.031116,147525.6889
,1993,7530.132668,762.515538,811.4788327,181.9058441,2199.353053,357.494713,90.58280747,6.497405216,1234.727263,897.6148496,46782.18713,1629.857252,983.5924695,368.5698433,679.2163515,349.7716284,751.7470052,2077.781463,789.3710557,3272.237085,30307.89681,20863.96349,137.6660378,28.4669946,740.1240727,1354.960465,299.8803184,3782.453965,1744.559943,1310.474464,560.984361,5181.19481,8027.464082,146096.7241
,1994,7313.474517,717.1509518,728.173024,182.663831,2147.159447,355.0702958,93.49187072,6.640231816,1110.908767,997.4551757,45183.22788,1589.699884,924.4265138,280.1014675,599.5006572,332.7734405,724.0542884,1977.332325,962.1903916,3643.957992,29605.78232,20902.71745,155.4028698,27.01492786,813.0964437,1290.197938,305.0132348,3643.931468,1778.902864,1262.466687,597.8863355,5098.478263,7984.043052,143334.3868
,1995,6858.808624,667.6663183,495.5959903,144.4942232,1965.991093,340.8964887,89.84348304,6.225509659,975.6888837,962.9116586,43814.88832,1393.639873,808.9760804,193.3725256,468.7807675,290.1708277,646.9633063,1860.853876,982.3172819,3620.826628,28364.65015,20093.43271,163.9144595,22.65420094,869.8279754,1146.212212,287.2106614,3322.581302,1846.598715,1150.016751,668.9766939,4800.567791,7583.316758,136908.8721
,1996,6817.651189,723.2147281,646.4319574,32.96783077,1779.566781,369.9708291,72.25011997,4.420879845,834.9518123,953.6538559,49453.47805,1556.726551,904.0009721,238.6945455,662.6724209,393.789827,575.3838182,1336.151947,781.8418855,4430.172867,28408.85981,20993.39451,165.0378404,23.98254148,996.7757432,1127.484718,388.0384421,3152.295895,1719.589482,1010.18877,686.1678909,4494.006805,6883.121486,142616.9368
,1997,7688.90477,689.9373953,350.94549,151.0710039,2693.531666,509.3014171,1740.396141,2577.164033,743.7143925,617.7188033,46211.90266,1894.452943,1092.598184,415.5622675,922.6508704,500.7324102,511.1599805,2080.910031,417.5951017,4937.92054,28699.1029,23099.46392,289.3149921,36.92133684,983.4616785,1575.238409,502.7773036,3424.125865,1251.19653,1153.327689,630.6140676,7080.157438,8165.252092,153639.1243
,1998,7837.106684,733.6991645,362.4132433,162.6609645,2545.299725,497.5108936,1877.797193,2564.007445,824.7858169,622.7593128,47401.22277,1869.847101,1052.467142,404.3484234,1045.761153,518.9298584,565.8900959,2468.705354,457.2554086,5198.538962,28732.98568,24770.83244,154.035865,47.07152999,1032.440508,1627.548613,544.5420044,3525.13564,1423.797326,1206.026827,656.6036573,7349.555542,8879.568174,158961.1505
,1999,7732.329083,777.2200361,326.0102592,157.8901472,2538.317955,521.8933323,1838.958569,2551.490505,697.3677856,584.1629832,47398.41659,1871.568496,1026.619768,405.9464076,1074.731662,542.9209588,545.3115021,2263.504213,425.963161,5195.531397,29271.71464,25624.36556,135.2917151,52.75854761,1000.501505,1689.414443,675.2507369,3388.106241,1411.020985,1183.972137,689.2457064,7407.91504,8908.062522,159913.7746
,2000,7545.775006,780.492268,319.4893919,145.9007832,2779.954893,571.3242281,1928.197748,2552.358767,720.4246906,631.7880401,48183.73638,2113.130076,1095.116242,390.4538903,1166.554748,521.5889973,555.1372354,2187.0939,402.0138348,5236.963808,28897.70563,26480.00731,105.7868352,62.51732688,1022.667214,1715.418203,662.4701515,3544.540035,1537.207275,1088.833805,723.2501425,7672.048818,9064.022546,162403.9702
,2001,6843.523889,848.7427825,320.8973906,145.9129429,2660.639677,510.9386067,1898.334784,2640.757505,730.4212061,675.9896197,49464.65409,1984.518881,1024.085399,389.0491538,1065.383432,536.0278544,558.2536608,2464.130023,434.4817032,5373.360706,28543.85626,26557.83388,110.7385475,59.01467002,911.4361967,1606.762117,677.1425469,3413.278977,1452.284523,978.2012559,745.7416406,7711.206299,8736.490924,162074.0911
,2002,5442.244624,893.9773948,379.2309315,128.6602487,2609.592266,498.0916569,1947.269402,2496.150345,658.4431117,644.0306245,48698.83,1880.213948,977.5885423,346.1660793,1009.72024,533.0562802,462.7517893,2457.607169,405.0335351,5020.590237,29224.50089,27764.64778,74.66116907,60.54959501,895.6169972,1623.271865,663.5673195,3309.013447,1527.637159,891.7731308,710.2714724,8265.332985,8334.428494,160834.5207
,2003,6897.456306,815.0855766,271.7552048,98.79748104,2383.956824,570.139015,1945.432601,2486.616559,688.6775579,766.0945321,49302.37973,1778.490841,836.3291335,323.9796274,1029.955666,543.9007655,447.3752518,2875.36561,388.8932528,4804.053332,28914.61363,27607.68927,113.9849182,76.62650014,940.5742165,1782.76781,676.7264509,3385.808346,1575.312312,934.0304947,649.497074,8188.800398,8704.217311,162805.3836
,2004,6526.464512,823.459425,262.896197,85.59303491,2579.987172,531.9677074,1974.331628,2487.606577,994.9462202,808.4655496,50400.00449,1670.870334,748.7560211,306.1801247,794.249158,489.1762966,457.4632247,3881.806126,460.3861478,4644.262471,29018.81078,28807.93014,114.9554457,62.67296558,973.570916,1882.379048,701.1326479,3414.455319,1628.14687,1125.55946,646.1900054,8182.574907,9319.96114,166807.2121
,2005,6462.043387,796.2644099,209.7803874,66.14958512,2501.027806,486.699598,1970.020356,2551.421105,1114.582606,749.814509,48872.7909,1466.957307,598.4314108,295.8807806,471.9965901,447.5469816,524.8887391,5069.149725,562.6828949,4217.942948,28997.03934,30423.53369,95.25391742,60.20830316,911.9387137,1885.093145,640.9945487,3578.07628,1645.437273,1289.998562,629.1286512,8040.427912,9727.334304,167360.5367
,2006,6040.651853,761.4206528,225.4599073,75.65425124,1682.747695,492.706622,1990.987064,2259.466464,271.0468784,700.3572358,47447.61484,1404.917288,536.4346051,272.6761918,1322.447529,554.3840051,144.0028126,31.62187003,267.0133411,4166.809294,28490.42054,30770.9681,73.30289895,51.07064894,864.7313802,1298.77608,663.7028094,2083.890056,1433.660444,647.8513177,609.3956587,7614.110258,7897.072219,153147.3728
,2007,6248.75945,675.9597404,176.356729,69.13895766,1922.53955,530.1909119,2095.999851,2144.465894,807.514752,704.5655373,45971.30238,1585.221399,625.2539316,235.9144,831.7971288,551.1454198,368.6818446,3330.734306,513.0809219,3370.025716,28557.22136,31341.16284,74.07240829,54.85798612,745.2341667,1513.623106,553.6316096,3134.910662,1444.884857,969.5584315,625.8895067,7267.640083,8725.688599,157767.0244
,2008,5769.328792,696.0569876,179.7003558,64.51399438,1593.786362,476.5832569,2107.166291,2173.249113,365.0983296,511.4480449,47079.17668,1239.610372,569.659906,199.3348532,964.3644858,518.1388636,202.6205161,1312.560041,333.7450291,2806.109922,27956.92911,29704.99008,51.77988969,38.99557667,756.6808525,1130.223212,545.1383689,2311.941926,1420.653871,639.9939479,600.5045149,6841.180943,7462.945493,148624.21
,2009,6300.844531,841.5797825,174.1622024,59.36925942,1514.301376,491.3852445,2096.271088,2446.429479,257.1706667,507.5820265,45631.63251,1109.495579,610.5777915,176.4757736,841.196438,316.8376776,201.6379848,1082.491805,362.5818791,2414.555862,26907.85662,27869.2798,54.13164382,46.65916678,708.0393092,1055.197897,528.9759019,1933.165853,1277.668959,503.5840378,621.310733,6162.81639,5519.453764,140624.719
,2010,6219.776117,766.5709383,165.4546883,60.43609672,1505.211757,471.3912678,2150.649447,2703.813969,296.4096938,567.4659943,50579.91886,1055.733787,585.9327293,156.7330784,809.4584138,297.9976855,213.3519049,1317.215321,406.4084234,2218.90821,26327.50253,27773.18301,64.14286554,41.64261747,774.6777527,1067.78899,486.0745684,1991.584933,1279.935967,497.3806612,598.9499451,5958.294664,5583.102181,144993.0991
,2011,6876.446298,760.6393544,221.1520009,93.75843041,1566.411085,515.4580399,2096.277781,2457.633437,289.5104206,514.5333208,41954.6376,1066.429398,468.9171705,136.7369133,813.6208378,284.6394317,178.7975717,1305.709538,389.4082011,2005.040079,26244.98732,28428.58588,62.3061032,43.30754422,722.0770398,1030.572264,451.7834368,1977.252501,1320.055191,492.956469,543.918008,5745.73237,5469.115966,136528.407
,2012,6752.670208,710.6467343,257.2472591,73.73052841,1369.601806,511.0546357,2163.122545,2448.925075,284.0314571,517.1911429,45478.75889,1040.443666,425.2212223,156.3506402,875.5999207,282.0704792,198.6953903,1545.049696,388.1461776,2019.717152,26121.75344,27792.01561,63.29392407,56.48272233,723.307578,1060.267389,481.4746179,2037.11446,1464.645907,457.4399021,597.3808273,5825.667313,5700.845304,139879.9636
,2013,6746.081917,672.8668014,300.4633922,66.94666499,1388.540942,538.9666168,2168.173829,2499.340217,318.1745135,504.7647445,46019.28659,996.8074607,475.7824191,154.2156638,889.525913,221.3493894,192.6133036,1506.555975,418.1649452,1930.315926,25521.41719,27596.59908,47.80215165,61.47451488,698.8332783,1062.364252,519.471645,2036.019596,1451.375817,478.5286105,655.2280933,5902.184447,5619.166763,139659.4027
,2014,6626.801975,662.1787064,235.730951,59.56203925,1400.616468,575.2139968,2135.422562,2250.245299,300.3835418,541.5843375,39713.53974,1021.268662,471.6907123,161.7616566,754.9091541,95.53786045,179.594894,1456.80392,402.6278421,1990.360212,25151.22296,28207.04448,52.9671524,52.5204076,660.8243335,1067.408821,572.0175566,2117.272878,1468.766154,401.8348617,678.1513061,5883.949544,5584.483454,132934.2984
,2015,6782.011853,746.7664908,233.8359803,59.66883535,1208.225432,653.0172388,2433.805966,2448.961115,298.0541455,559.7460694,41413.52429,1120.427333,570.7790033,184.7651629,826.5576598,96.34912331,177.9711656,1506.721344,417.3661752,2216.793718,25131.44094,28700.68141,79.05371441,58.98040171,681.8787786,1083.892974,716.7992978,2132.999532,1559.650731,419.4469735,760.9153866,6251.571947,5836.360212,137369.0204
,2016,2181.437117,-2539.178373,-486.1016091,40.42041435,1429.814148,821.6051786,2510.209494,2564.462415,396.9005385,509.8410785,42300.75862,1235.208416,689.548358,183.1360801,2058.32485,103.91395,236.9632035,2449.194407,526.5491283,2543.518692,25767.57482,29449.06136,79.82829389,92.30580282,639.5637425,1216.833392,851.1769444,3387.946038,1638.553864,527.760853,837.344869,5178.109832,6477.972377,135900.5583
,2017,6385.342454,580.1413983,181.9038968,59.72186909,1076.291574,504.6248819,2375.878077,2526.5415,254.9775215,495.7004446,40656.4191,897.811496,512.1026804,168.4560225,669.6194922,83.6567945,151.6317784,1422.074336,396.4841704,1950.609205,25393.11488,28552.2786,78.72453491,66.16398154,659.0890522,991.7317856,690.8296001,2052.537216,1463.615395,373.7706313,753.3867434,6023.283187,5806.693951,134255.2082
,2018,5834.788795,453.8126726,211.1851629,64.41490638,1076.291574,482.0494154,2328.712582,2362.405771,279.5186872,491.6827699,42439.88571,940.7601397,463.1596071,191.4943206,726.4419058,89.27224161,163.1078415,1620.388535,409.8420545,2050.962272,25187.76086,29283.34731,83.4682489,68.39520887,631.6848982,1086.812501,731.9243064,2153.713189,1482.857871,400.9301486,777.3692156,6107.160025,5994.459454,136670.0602
