period-start,uk,england,wales,scotland,northern ireland,england and wales,england n,england s
01/01/1960,27.14415,24.64386,35.06545,30.032,22.23431,26.06658,26.79021,23.5084
01/02/1960,17.83668,13.77846,28.9899,22.29,14.20045,15.85508,14.19135,13.56004
01/03/1960,12.76997,11.8585,14.52343,13.54895,14.07658,12.22231,9.87165,12.90959
01/04/1960,16.36431,10.93572,21.80597,24.43519,13.65248,12.41969,10.46949,11.18237
01/05/1960,18.24084,16.66913,20.91762,20.73555,14.41033,17.24912,19.03601,15.41701
01/06/1960,16.96688,17.1422,22.7193,14.91564,18.42604,17.90356,9.11519,21.38863
01/07/1960,19.01312,18.6978,19.9719,18.51216,22.97315,18.87173,25.07504,15.32412
01/08/1960,25.18061,21.76677,29.59297,28.52943,32.41462,22.83517,19.53345,22.94823
01/09/1960,22.5211,23.96234,26.57424,19.80263,17.99281,24.31891,18.77458,26.70676
01/10/1960,24.755,26.7203,28.79215,19.21735,31.31634,27.00314,24.02375,28.14683
01/11/1960,22.09456,19.11024,32.5656,25.45941,15.33634,20.94712,21.36786,17.91592
01/12/1960,28.85928,28.54315,52.37525,25.26046,17.07705,31.79663,28.24435,28.70123
01/01/1961,20.12261,17.29999,25.86444,22.96962,21.6939,18.46918,17.89815,16.98355
01/02/1961,15.41867,12.77029,16.78639,19.66719,14.24187,13.31855,11.47281,13.45668
01/03/1961,10.73291,5.8698,8.55539,19.76121,8.96265,6.23643,11.97006,2.64265
01/04/1961,17.25796,15.25152,22.84402,18.42949,20.77546,16.28802,14.02581,15.89994
01/05/1961,14.15858,12.85455,19.92232,14.67391,15.02351,13.81942,16.56134,10.89359
01/06/1961,16.45279,16.73201,19.87922,16.10598,10.86274,17.16165,17.9208,16.10311
01/07/1961,24.14019,19.28646,22.59222,32.60967,24.67953,19.73776,27.91895,14.71972
01/08/1961,25.81222,18.1239,32.79013,38.06563,18.23423,20.12609,22.80481,15.64762
01/09/1961,21.32302,17.46896,22.46049,27.10634,23.32516,18.15039,18.11284,17.12834
01/10/1961,22.3031,17.7848,27.21466,27.85809,25.93146,19.07213,19.80263,16.71732
01/11/1961,17.94007,14.98442,24.75762,21.0746,17.3314,16.31862,15.74394,14.58262
01/12/1961,20.84918,19.28819,22.40027,22.93087,21.11827,19.71304,18.68863,19.60536
01/01/1962,23.1363,15.65255,27.89646,35.54608,16.44555,17.32405,16.12945,15.40026
01/02/1962,20.47262,9.97462,22.01857,38.86501,13.67761,11.61882,17.01064,6.25244
01/03/1962,14.2512,12.11236,20.33692,16.40976,13.19855,13.23514,10.45642,12.98838
01/04/1962,18.00702,15.52163,32.11822,19.70888,10.79217,17.78734,23.87042,11.10496
01/05/1962,17.26938,12.34625,19.40852,24.72058,18.22943,13.31037,14.48261,11.21607
01/06/1962,9.36567,4.48915,10.97154,16.91872,10.20604,5.37411,7.10806,3.1037
01/07/1962,19.57019,19.25989,14.61807,22.02852,15.8683,18.6262,22.10168,17.75653
01/08/1962,31.5137,31.24046,33.04516,33.4665,21.03676,31.48683,31.31591,31.20054
01/09/1962,27.21388,22.82648,41.36448,30.38026,29.66686,25.35723,24.263,22.06654
01/10/1962,14.31566,11.95517,18.45326,17.23241,13.50361,12.84227,12.16325,11.84509
01/11/1962,18.20911,15.39677,20.12643,22.35015,17.97074,16.04245,17.25378,14.41437
01/12/1962,20.96091,14.60082,22.99225,29.39398,30.14651,15.74639,15.66008,14.04046
01/01/1963,9.06285,8.73278,8.91669,9.27218,11.12531,8.75789,9.50353,8.32504
01/02/1963,10.45339,8.18167,13.21162,11.09872,23.90201,8.86834,8.17876,8.18322
01/03/1963,19.86495,17.06879,25.34517,23.37378,17.8805,18.19865,16.99402,17.10834
01/04/1963,15.49657,12.60988,24.63524,17.59693,17.22638,14.25154,14.54851,11.58431
01/05/1963,12.61389,10.17834,13.36494,16.31768,13.29613,10.61336,11.77222,9.33515
01/06/1963,19.33141,16.98856,19.4778,21.953,26.30267,17.32839,22.22482,14.21849
01/07/1963,16.18831,15.1584,12.42043,19.25276,14.09713,14.78462,14.11186,15.71204
01/08/1963,22.0253,21.01787,19.64837,24.27637,20.47678,20.83091,24.54513,19.15188
01/09/1963,21.59888,17.99176,24.43624,27.36333,18.67981,18.87153,22.78857,15.45415
01/10/1963,17.30557,13.81038,14.04845,23.83767,18.02633,13.84288,14.85933,13.25547
01/11/1963,26.40354,23.37104,36.65784,28.10925,29.97623,25.18491,22.6768,23.73831
01/12/1963,11.16954,8.84749,14.91852,14.45072,8.73169,9.67628,10.67237,7.88209
01/01/1964,10.95834,7.73423,11.00205,16.0834,12.4056,8.18034,10.49718,6.27258
01/02/1964,10.41566,8.65462,10.40479,13.57232,9.39986,8.89355,9.29684,8.31488
01/03/1964,24.48193,27.05532,22.26238,21.34944,21.17809,26.401,28.56525,26.25654
01/04/1964,14.91116,12.27826,15.80781,19.91754,10.11678,12.7601,10.93487,12.98894
01/05/1964,15.90298,13.20009,17.26573,20.66984,12.40391,13.75511,12.37806,13.63495
01/06/1964,16.95151,16.1278,14.47664,18.66107,18.43433,15.90238,13.68689,17.41908
01/07/1964,18.21157,14.69485,31.10474,21.93322,10.9558,16.93507,21.61144,11.03584
01/08/1964,20.41494,13.12032,20.88455,31.44522,25.60653,14.18027,17.92441,10.57887
01/09/1964,14.97573,9.06019,14.48717,24.68798,16.36521,9.80107,11.35589,7.84573
01/10/1964,20.1375,16.1019,21.10466,25.05526,28.35059,16.78486,17.96224,15.11774
01/11/1964,16.26399,11.55044,23.04783,22.99167,12.54418,13.12002,10.65232,12.02556
01/12/1964,24.37075,19.26521,56.43098,25.34912,19.02137,24.33896,27.87587,14.71002
01/01/1965,21.04621,16.77778,29.81936,25.98018,20.16471,18.55817,19.77119,15.19421
01/02/1965,7.45468,4.69104,5.10245,13.27607,4.16673,4.74721,6.97394,3.48335
01/03/1965,16.57151,15.12752,18.56348,18.37149,16.4583,15.59658,15.17577,15.10199
01/04/1965,16.10746,11.43616,27.34955,21.55334,12.29427,13.6086,15.34707,9.36722
01/05/1965,14.3186,11.61292,20.52489,17.39599,12.91902,12.82955,15.12452,9.75522
01/06/1965,18.92293,16.15426,28.39722,21.57005,15.86964,17.82563,17.0836,15.66262
01/07/1965,21.58973,20.89464,22.30661,23.82287,14.64938,21.0874,21.22963,20.71743
01/08/1965,20.48251,18.19595,21.52512,23.80007,21.87211,18.65044,17.3848,18.62506
01/09/1965,32.40321,30.80731,36.81012,34.95983,26.46657,31.62679,30.76068,30.83197
01/10/1965,19.51075,11.03443,24.03343,32.0782,21.60403,12.80901,17.17267,7.78719
01/11/1965,20.54618,18.96559,25.02262,21.87674,21.00821,19.79247,19.33967,18.76769
01/12/1965,21.7278,19.67877,42.88581,19.88728,19.55907,22.84692,21.22226,18.86223
01/01/1966,14.82827,11.55173,17.03194,19.75362,14.3294,12.29987,11.5635,11.5455
01/02/1966,21.06089,19.86015,26.7607,21.46692,20.98235,20.80219,26.62423,16.28183
01/03/1966,13.35685,8.38615,18.6885,20.21862,13.33112,9.79259,10.52764,7.25327
01/04/1966,17.99013,16.99441,25.28471,17.57587,18.02272,18.12618,20.6416,15.06498
01/05/1966,18.27078,14.97599,17.83,24.30903,15.68721,15.36561,17.67668,13.54728
01/06/1966,25.73801,22.21602,25.92223,29.96469,35.05973,22.72198,24.10055,21.21907
01/07/1966,15.23874,14.81503,21.84416,14.93224,11.28265,15.77463,13.91406,15.29167
01/08/1966,27.77169,27.60744,23.79205,31.18707,15.25404,27.08657,29.04395,26.84749
01/09/1966,17.89433,13.75526,20.76797,23.09145,22.67188,14.71261,18.11828,11.44715
01/10/1966,25.75158,22.99646,29.41306,29.83833,23.35451,23.87243,23.06547,22.95995
01/11/1966,20.9281,17.99103,26.07873,24.00329,23.56068,19.09514,16.41964,18.82233
01/12/1966,26.98316,17.72673,39.70344,40.34338,20.05029,20.72692,19.53824,16.76841
01/01/1967,14.35293,10.98516,16.99664,19.39035,13.43507,11.80582,10.61887,11.17893
01/02/1967,25.55594,23.23892,43.10891,26.64606,14.69794,25.9515,28.39559,20.51095
01/03/1967,19.04543,14.84313,17.03368,27.40613,14.45766,15.14218,13.49727,15.55512
01/04/1967,14.75852,11.94728,18.93084,18.39894,14.25027,12.90065,10.10334,12.92276
01/05/1967,21.81928,22.66334,26.32612,19.82012,18.36771,23.16337,24.61138,21.6328
01/06/1967,16.6292,18.25308,16.44592,14.79617,12.00036,18.00637,20.01914,17.3188
01/07/1967,20.19695,19.08225,31.64216,16.96201,31.76887,20.79688,23.48416,16.75355
01/08/1967,19.49875,15.55254,22.85007,25.13129,19.90531,16.54878,21.72188,12.28885
01/09/1967,20.4601,16.29239,29.41852,24.4708,23.45336,18.08432,16.86882,15.98745
01/10/1967,32.29887,31.18019,50.28338,30.55262,25.9465,33.78809,39.07428,27.00406
01/11/1967,21.92027,19.41177,20.31309,26.05091,25.07699,19.53482,23.12644,17.44664
01/12/1967,18.4107,15.84967,29.51414,20.25364,15.71574,17.7151,15.80535,15.87311
01/01/1968,21.10848,17.30188,30.87176,23.4318,29.18096,19.1544,15.17527,18.4269
01/02/1968,14.62528,13.86459,17.46804,15.91237,10.2188,14.35652,16.47398,12.48418
01/03/1968,22.15342,12.46365,40.12053,34.35757,17.80063,16.23928,22.08439,7.37411
01/04/1968,14.69433,13.82626,18.56605,15.75405,10.96331,14.47332,16.30117,12.51699
01/05/1968,19.40499,15.58322,26.59093,24.46347,15.9286,17.08596,15.58701,15.58122
01/06/1968,18.24777,18.5263,26.91922,15.02884,20.34642,19.67207,18.89053,18.33362
01/07/1968,34.65005,38.91526,40.12167,28.35393,19.36646,39.07996,33.80099,41.62081
01/08/1968,18.86461,17.26823,23.27128,19.46623,23.96968,18.08775,18.24922,16.74927
01/09/1968,28.3193,32.77879,26.29976,22.88444,19.75552,31.89429,32.70669,32.81693
01/10/1968,28.33437,21.12169,28.89556,36.16118,50.26548,22.18296,28.29391,17.32746
01/11/1968,19.85412,17.58168,25.20077,20.92196,27.17953,18.62181,20.34466,16.12001
01/12/1968,18.29011,17.75537,22.49488,17.49804,21.39979,18.40239,15.97047,18.69961
01/01/1969,20.11985,17.57056,32.11718,21.15122,19.70531,19.55641,23.5642,14.39982
01/02/1969,14.59658,13.47285,14.15824,16.79037,13.40498,13.56641,14.0323,13.17688
01/03/1969,17.23149,20.32063,27.20896,9.24111,18.15883,21.261,19.96865,20.50684
01/04/1969,15.35094,12.861,19.37483,18.54364,14.75985,13.75024,15.84801,11.28081
01/05/1969,18.32325,18.61987,26.76206,16.15324,15.21884,19.73141,15.35442,20.34735
01/06/1969,18.81601,17.93127,29.29451,17.75355,17.27187,19.48254,24.42405,14.49647
01/07/1969,29.24372,36.93156,33.71785,18.22678,12.87742,36.49283,24.08093,43.72977
01/08/1969,20.88834,20.29906,31.85868,20.72389,11.10262,21.87714,14.15035,23.55184
01/09/1969,18.78265,13.91063,22.06742,27.77357,8.45079,15.02417,20.26474,10.5492
01/10/1969,12.09286,4.95852,13.78976,23.65613,11.71178,6.16413,7.02897,3.86322
01/11/1969,28.34789,25.49761,34.95593,27.93686,47.7213,26.78883,30.41268,22.89746
01/12/1969,18.86967,14.65968,31.20132,22.53503,18.44253,16.91789,15.98309,13.95957
01/01/1970,16.29344,14.25756,25.44546,16.96696,17.51697,15.7849,14.37061,14.19776
01/02/1970,18.71322,12.35809,19.37032,28.57897,21.90817,13.31538,14.17061,11.39924
01/03/1970,14.15138,11.58627,16.43792,18.02387,13.13745,12.2486,11.08509,11.85141
01/04/1970,18.30983,18.08533,26.17084,17.41116,13.26534,19.18913,27.03723,13.34961
01/05/1970,10.08045,8.06538,9.80699,13.96584,7.73924,8.30314,5.97636,9.1705
01/06/1970,15.97602,12.37773,17.05837,22.11288,13.406,13.01671,12.14483,12.50094
01/07/1970,20.06889,13.87427,17.45025,31.22904,18.99292,14.36245,17.98576,11.69922
01/08/1970,32.35232,25.0395,33.39929,37.66321,70.18127,26.18075,25.11032,25.00204
01/09/1970,18.36244,15.75314,21.08162,21.80012,19.43553,16.48056,14.834,16.23938
01/10/1970,19.91924,11.65541,28.73791,31.19053,20.96653,13.98745,17.42819,8.6015
01/11/1970,26.88962,25.98381,35.65301,27.8312,16.96597,27.30382,22.46213,27.84684
01/12/1970,12.61012,10.11583,15.1652,17.0629,7.20934,10.80515,9.902,10.22895
01/01/1971,18.57047,15.63054,22.82453,23.08558,14.4716,16.61264,13.71261,16.64516
01/02/1971,14.31061,9.60486,20.20757,20.45972,14.91704,11.05231,13.92017,7.32199
01/03/1971,18.09471,16.38495,23.02256,20.27715,13.45595,17.29109,15.97245,16.60317
01/04/1971,25.35883,24.86984,27.15355,24.38026,32.31317,25.18161,32.00558,21.09491
01/05/1971,13.67245,11.82416,15.46194,16.19081,14.47361,12.32078,12.15558,11.64883
01/06/1971,22.65985,25.83414,40.9796,13.04113,19.75071,27.90174,15.69523,31.1978
01/07/1971,18.09096,14.62122,19.83009,23.85261,15.96558,15.33232,18.04595,12.80948
01/08/1971,25.3334,25.07882,35.49359,23.04686,25.50717,26.50061,33.15187,20.80804
01/09/1971,11.43296,8.67926,19.16639,13.82115,12.00106,10.11092,9.57385,8.206
01/10/1971,27.62661,20.91215,41.33448,38.20683,10.73183,23.70014,22.58598,20.02667
01/11/1971,26.07775,20.74089,37.10029,30.70322,32.7142,22.97422,23.11813,19.48329
01/12/1971,14.9124,10.78319,18.11378,21.92547,9.51221,11.78394,9.22339,11.60835
01/01/1972,19.67118,16.73601,24.58028,23.271,18.91655,17.80688,20.02071,14.99834
01/02/1972,16.71303,13.7797,25.8915,18.79531,18.76472,15.43316,15.05001,13.10768
01/03/1972,15.67634,15.07713,23.2714,13.5301,21.69909,16.19578,16.30389,14.42815
01/04/1972,16.47954,11.55386,24.16268,23.24396,13.01431,13.27517,13.75247,10.39075
01/05/1972,17.14579,11.77823,22.24184,24.71116,17.45325,13.20668,14.527,10.32408
01/06/1972,17.61798,14.92042,26.80287,19.72388,17.17671,16.54257,19.1423,12.68696
01/07/1972,15.75082,15.3184,24.26413,14.00277,16.74682,16.53964,17.187,14.32988
01/08/1972,16.16972,12.55773,19.6155,19.83404,24.64387,13.52123,11.35143,13.19588
01/09/1972,19.85793,25.12792,35.59838,9.82435,3.66248,26.55731,21.82968,26.87274
01/10/1972,15.02683,12.87803,20.93095,16.98023,15.44862,13.97738,11.1881,13.77203
01/11/1972,23.36897,20.92122,34.61138,25.17837,18.8943,22.79015,26.98952,17.71097
01/12/1972,22.57229,21.33022,31.35622,23.35876,16.52561,22.69893,18.86881,22.63235
01/01/1973,17.32236,12.80664,17.93991,22.13171,31.20659,13.50741,15.31743,11.47838
01/02/1973,12.71429,8.8276,18.85005,17.46482,13.58199,10.19583,9.67215,8.38081
01/03/1973,10.28468,6.36524,12.49855,16.81449,7.10311,7.20254,7.09216,5.98068
01/04/1973,19.72746,16.98596,31.60703,21.64043,16.77918,18.98198,19.36251,15.72872
01/05/1973,17.85615,15.74685,19.66023,20.95957,17.69482,16.28109,14.00338,16.66917
01/06/1973,25.90981,26.78264,11.31219,30.37314,13.80929,24.67067,19.49743,30.63665
01/07/1973,26.19873,28.30907,32.76069,21.72004,22.37278,28.91679,40.41425,21.90522
01/08/1973,24.77645,22.21888,63.7093,20.45243,15.18207,27.88301,27.61746,19.36293
01/09/1973,24.14215,21.99442,38.03409,24.76689,19.86173,24.1841,18.21397,23.99435
01/10/1973,15.61449,14.1936,18.2675,16.91936,17.17139,14.74975,14.48397,14.03998
01/11/1973,20.16959,12.67289,30.25975,29.16284,25.07508,15.07379,13.80575,12.07359
01/12/1973,20.56378,14.61646,20.8202,29.99295,22.81071,15.46337,19.44685,12.0611
01/01/1974,23.95599,16.11409,34.15147,34.64249,22.10915,18.57649,16.10214,16.12041
01/02/1974,20.18789,18.24093,26.57712,22.45355,16.26798,19.37896,13.78931,20.59591
01/03/1974,13.33441,11.2339,16.59829,15.97692,13.02305,11.96623,12.19665,10.72459
01/04/1974,8.04788,6.93734,7.97784,8.55845,15.34757,7.07938,8.28165,6.22617
01/05/1974,13.09292,9.69465,18.56559,16.56152,17.07314,10.90568,8.77333,10.18204
01/06/1974,17.31853,17.82479,21.56934,15.80644,15.06633,18.33598,13.2603,20.23949
01/07/1974,19.01916,17.75445,29.39912,18.72037,17.13264,19.34414,21.86021,15.58243
01/08/1974,18.68211,19.1566,19.67837,18.15555,15.42563,19.22783,16.53439,20.5438
01/09/1974,23.1173,22.68327,32.1512,21.44138,22.70114,23.9758,20.23373,23.97912
01/10/1974,16.30013,15.46997,20.36294,17.35978,11.95083,16.13794,16.39006,14.98322
01/11/1974,25.85501,22.49633,33.81148,30.71588,18.33014,24.04103,19.97258,23.83144
01/12/1974,18.53218,14.12543,24.70596,24.82564,15.27365,15.56984,16.61441,12.8087
01/01/1975,21.77138,16.61866,30.90235,28.47387,18.40331,18.56862,16.25981,16.8085
01/02/1975,11.4991,9.37154,14.55988,14.30167,10.53022,10.07983,10.02174,9.02757
01/03/1975,14.77802,15.48441,15.9399,13.98222,10.73704,15.54659,13.58475,16.48937
01/04/1975,14.83524,13.35093,19.81297,16.96775,9.41611,14.23311,14.09744,12.95602
01/05/1975,14.4353,15.38015,15.45759,13.9724,6.66908,15.39072,14.73444,15.72174
01/06/1975,11.89387,7.9141,9.89532,19.1236,11.40557,8.18457,9.97659,6.823
01/07/1975,19.23284,17.90501,22.21317,21.22524,16.12235,18.49315,21.64335,15.92736
01/08/1975,17.63231,14.80429,20.71889,22.57096,11.60577,15.61174,20.70759,11.68134
01/09/1975,30.82257,27.39465,30.27511,38.17424,21.83654,27.78788,22.506,29.98084
01/10/1975,15.33988,11.50486,18.89002,19.3714,22.86867,12.51306,16.13054,9.05779
01/11/1975,19.29601,15.19155,23.09593,26.14411,13.40362,16.27063,12.1004,16.82682
01/12/1975,22.20122,22.39538,40.71231,19.46997,7.958,24.89594,28.1142,19.37001
01/01/1976,18.91881,12.57212,21.88767,28.34204,21.01023,13.84384,18.69479,9.33311
01/02/1976,15.86385,11.52679,20.86376,22.25692,13.17241,12.80144,10.69522,11.9667
01/03/1976,17.65731,12.70663,25.02484,23.98442,16.68971,14.38827,12.21862,12.9648
01/04/1976,10.37635,7.46176,10.71521,15.38023,8.94631,7.90591,11.02878,5.57475
01/05/1976,14.93202,11.51294,16.29742,20.37243,14.27623,12.1661,16.57826,8.83329
01/06/1976,11.58875,9.1682,12.50874,14.07697,19.08321,9.62424,6.90257,10.36677
01/07/1976,14.25704,12.69853,13.57946,16.97678,14.15471,12.81879,11.53061,13.31638
01/08/1976,13.74639,17.07139,12.96696,9.3149,8.91887,16.51107,9.607,21.02019
01/09/1976,35.03019,33.86927,46.9237,34.51578,30.444,35.65142,41.19824,29.99211
01/10/1976,27.6104,22.68176,32.31401,32.50079,38.96266,23.99672,27.04264,20.37477
01/11/1976,18.49931,15.70858,20.01869,23.30562,14.67441,16.29698,11.54547,17.91095
01/12/1976,17.53036,16.21771,21.61067,18.29518,19.23773,16.95393,14.88922,16.9205
01/01/1977,21.85246,21.24547,22.57178,22.48148,22.35419,21.42653,22.90005,20.37017
01/02/1977,22.31495,19.25289,33.83807,23.78909,25.13452,21.24401,21.30325,18.16821
01/03/1977,17.14569,12.09345,21.37949,24.4371,16.78113,13.36115,11.76189,12.26885
01/04/1977,14.31086,9.79338,17.71925,21.11922,13.34145,10.87539,11.81278,8.72508
01/05/1977,17.34563,13.51213,16.14847,25.67395,8.40918,13.87204,14.32733,13.08088
01/06/1977,19.20883,20.14666,27.50279,16.89013,11.19814,21.15089,20.14963,20.14509
01/07/1977,11.33283,7.82236,12.71034,16.85071,10.97306,8.48965,8.96529,7.21773
01/08/1977,25.90762,25.47204,30.2931,25.72878,24.26875,26.13019,17.87578,29.4906
01/09/1977,16.58083,10.1671,22.90291,26.08586,14.09111,11.90575,14.11789,8.07706
01/10/1977,25.03573,15.04354,44.19796,36.9292,21.37448,19.0236,21.43062,11.66465
01/11/1977,22.72804,18.92835,36.67477,26.65895,15.76405,21.35103,19.99052,18.36644
01/12/1977,19.53293,19.76532,23.76545,18.41276,17.11379,20.31141,18.9011,20.22251
01/01/1978,23.00558,19.66399,23.05219,28.39796,23.62234,20.12654,19.87276,19.55355
01/02/1978,18.03034,13.98449,24.33925,22.70488,19.24334,15.39809,14.45942,13.73324
01/03/1978,17.09257,13.21228,23.11422,22.33584,15.05008,14.56406,15.58704,11.95598
01/04/1978,12.65899,11.0292,19.08083,14.54313,8.00171,12.12838,11.7743,10.63503
01/05/1978,14.61542,18.50042,10.17061,10.5936,7.47108,17.36326,14.95124,20.378
01/06/1978,15.54867,15.15761,16.42267,16.33548,13.50667,15.33032,16.54954,14.42126
01/07/1978,23.79505,23.88005,27.22289,23.75265,16.94231,24.3364,18.94719,26.48962
01/08/1978,16.61986,14.25356,24.36829,18.54123,16.4254,15.63439,17.84029,12.35611
01/09/1978,18.80461,12.46707,18.16905,28.92527,22.22492,13.24549,18.29921,9.38176
01/10/1978,10.08018,4.7846,8.73409,19.35694,9.59394,5.32377,8.06359,3.04995
01/11/1978,19.67195,12.257,28.66048,29.08919,22.93466,14.49635,16.06354,10.24327
01/12/1978,25.41784,24.41843,28.35133,24.39916,34.77072,24.95533,32.77225,19.9991
01/01/1979,17.4848,15.83728,22.97609,18.80502,16.71704,16.81184,16.31534,15.58437
01/02/1979,14.44693,14.37361,22.20376,13.83279,7.05503,15.44256,13.06871,15.06393
01/03/1979,25.5748,21.84818,29.99133,31.48615,20.78652,22.95986,28.26994,18.45096
01/04/1979,14.92295,13.67006,16.38526,16.74509,14.12492,14.04073,13.18599,13.92614
01/05/1979,19.57601,20.83236,31.7358,15.51384,12.63741,22.32086,20.5256,20.99464
01/06/1979,12.67535,10.62184,12.27821,16.20403,13.03983,10.84796,10.38318,10.74809
01/07/1979,15.56861,14.06607,15.89922,18.78284,11.29611,14.31633,13.73697,14.24018
01/08/1979,22.85715,20.7894,31.04606,24.44351,21.17531,22.1896,22.54829,19.85891
01/09/1979,15.20754,11.62,17.96974,19.65454,19.47771,12.48685,14.12721,10.29364
01/10/1979,22.01958,17.58462,22.24096,28.60287,26.34845,18.22029,18.08935,17.31761
01/11/1979,21.9527,15.48639,24.94713,30.02803,32.82809,16.77794,23.65266,11.16629
01/12/1979,34.2674,33.86568,53.9974,32.15196,19.20609,36.61399,28.70391,36.59635
01/01/1980,19.71467,16.47647,23.70525,23.76607,21.10815,17.46332,17.86469,15.74208
01/02/1980,17.31761,15.10634,30.90944,16.712,20.79937,17.26373,18.77677,13.16462
01/03/1980,18.75888,17.09802,25.95142,19.82688,17.3955,18.30665,20.67184,15.2074
01/04/1980,6.81808,7.60349,8.33941,4.71693,9.11824,7.70396,3.72069,9.65757
01/05/1980,10.36499,11.09586,13.94492,8.27225,9.72661,11.4848,9.67014,11.85009
01/06/1980,25.36124,24.46831,30.37687,26.83658,17.62694,25.27493,28.10312,22.54543
01/07/1980,20.2081,16.20116,20.54659,27.60027,15.90947,16.79439,15.21795,16.7213
01/08/1980,25.24398,25.87742,25.97538,25.93393,14.38325,25.89079,27.61828,24.95647
01/09/1980,22.32357,19.24521,22.58592,27.88407,19.0659,19.70127,15.15938,21.40669
01/10/1980,28.24071,25.48264,38.46996,28.81855,34.71756,27.25563,27.59692,24.36415
01/11/1980,22.59616,17.51974,35.79682,28.85935,15.56018,20.01487,19.6637,16.38555
01/12/1980,20.54387,14.25285,30.47536,29.15309,16.43003,16.46749,17.53448,12.5168
01/01/1981,15.72102,10.17759,17.4812,24.27696,16.84226,11.17465,13.27464,8.53919
01/02/1981,20.58214,15.96419,29.5466,25.47556,23.25677,17.81841,23.99447,11.71602
01/03/1981,25.74621,24.14597,52.32465,22.38591,20.00492,27.99283,28.4914,21.84716
01/04/1981,18.44266,23.27369,17.7842,11.08285,15.21477,22.52428,29.43853,20.01238
01/05/1981,13.88767,12.90563,18.07472,12.41256,25.2518,13.6113,12.14153,13.30986
01/06/1981,16.722,14.95913,20.68634,18.85459,15.23396,15.74099,11.95866,16.54643
01/07/1981,16.70204,15.64258,17.00807,17.52331,21.13516,15.82899,16.12993,15.38476
01/08/1981,18.00691,21.33692,17.34988,13.92235,10.56459,20.79262,21.92834,21.02404
01/09/1981,33.3644,25.26893,37.46778,46.02692,31.84573,26.93428,24.63994,25.60168
01/10/1981,29.52248,22.25934,35.14497,38.74196,35.24059,24.01844,28.66992,18.86803
01/11/1981,20.87347,13.31053,27.54257,32.12046,18.54909,15.25344,18.05812,10.79898
01/12/1981,18.7036,16.81366,24.01265,20.37745,18.7981,17.79644,14.20014,18.19626
01/01/1982,24.08978,16.65764,38.78954,32.55758,23.97688,19.67901,23.57971,12.99574
01/02/1982,14.29758,9.80624,21.19613,19.48877,16.91838,11.36115,10.61464,9.37859
01/03/1982,23.93357,21.26492,34.62273,27.04609,15.41325,23.08849,23.91862,19.86107
01/04/1982,10.2666,8.58363,16.31645,12.04407,6.91615,9.63929,7.06275,9.38821
01/05/1982,17.79366,13.20635,16.06448,26.7895,12.81692,13.59653,15.25139,12.12448
01/06/1982,21.64067,24.24766,25.90743,15.90317,22.61307,24.47425,32.67562,19.78912
01/07/1982,15.82427,15.79297,21.24545,16.43803,4.85048,16.53733,14.73053,16.35502
01/08/1982,22.26238,17.99028,27.10814,28.40273,20.575,19.23502,21.11008,16.33986
01/09/1982,21.94301,16.54397,31.98415,29.27678,15.26075,18.65181,15.79317,16.94116
01/10/1982,24.78785,22.60653,28.05231,28.07202,21.4737,23.34997,18.81419,24.61275
01/11/1982,23.62179,19.0701,31.42069,29.82057,19.40294,20.75616,17.55693,19.87059
01/12/1982,25.60642,20.58522,34.30874,32.13528,23.09817,22.45871,20.60381,20.57539
01/01/1983,20.51108,16.57049,31.22578,25.45918,13.72236,18.57118,16.66296,16.52158
01/02/1983,13.25118,9.25262,14.31586,19.51671,13.72513,9.94383,12.861,7.34372
01/03/1983,14.72437,10.74127,14.90323,21.43939,13.76909,11.30945,15.11847,8.42564
01/04/1983,17.2777,18.07384,18.69458,15.94517,15.12712,18.15858,20.74175,16.66247
01/05/1983,20.10565,20.10392,22.55243,20.51335,13.53844,20.43818,20.77523,19.74878
01/06/1983,15.7416,12.25134,21.59957,20.20212,14.80678,13.52753,13.74143,11.46305
01/07/1983,15.40477,16.44025,12.12052,15.76019,8.50977,15.85054,18.93207,15.12203
01/08/1983,14.33292,12.18154,30.24629,14.7509,8.448,14.64768,16.24071,10.03417
01/09/1983,23.87945,18.67787,41.36284,28.79128,19.04371,21.77474,23.53672,16.10745
01/10/1983,23.50541,19.32619,34.61873,28.59482,17.49545,21.41388,21.35978,18.25039
01/11/1983,19.22083,22.6122,30.68921,11.96248,10.75431,23.71484,20.47178,23.74452
01/12/1983,27.67379,21.50558,36.70851,35.41001,27.87832,23.58103,32.86878,15.49423
01/01/1984,23.46293,19.71019,31.51921,28.06829,20.75756,21.32231,22.81305,18.06871
01/02/1984,15.10367,11.52462,20.80104,18.50597,20.76657,12.791,13.20546,10.63542
01/03/1984,22.06974,17.97338,21.11804,27.72034,30.54193,18.40268,15.89361,19.07362
01/04/1984,8.26298,3.71344,4.74423,16.68844,8.36696,3.85416,5.02925,3.01735
01/05/1984,14.08334,18.63589,14.16574,7.69626,7.37391,18.02564,13.29715,21.46018
01/06/1984,14.31375,13.11017,16.04981,16.118,12.67931,13.51148,15.5917,11.79739
01/07/1984,12.61289,9.1559,11.43648,17.93627,17.00885,9.46724,8.74297,9.37435
01/08/1984,18.26137,17.87235,23.57635,17.62987,17.61103,18.65104,20.15051,16.66716
01/09/1984,26.84717,25.17681,33.87606,29.49562,16.48125,26.3644,32.10548,21.51142
01/10/1984,23.28605,16.92804,29.0352,32.88089,20.42848,18.58086,15.75158,17.5504
01/11/1984,29.00772,23.59916,32.50994,39.08772,17.6233,24.81563,28.93514,20.77633
01/12/1984,18.23031,11.63939,23.35727,28.2586,16.07789,13.23907,10.91558,12.02229
01/01/1985,17.66417,14.13414,18.7536,23.50616,15.87021,14.76478,13.91846,14.24824
01/02/1985,12.81978,9.92879,18.78977,16.16451,12.27397,11.13846,4.18651,12.96657
01/03/1985,15.00557,11.44188,22.91616,18.50726,17.12607,13.00831,14.20306,9.98117
01/04/1985,15.36507,13.86937,19.83555,17.2773,11.83307,14.68385,17.19408,12.11053
01/05/1985,20.07187,20.62976,17.86069,20.03519,18.09741,20.25173,25.14317,18.24208
01/06/1985,19.66462,19.68435,32.75345,17.02605,14.99444,21.46849,15.80499,21.73659
01/07/1985,21.96058,16.79778,18.49501,30.08567,29.85723,17.02948,23.69833,13.14726
01/08/1985,25.29632,20.77447,33.19739,31.01261,23.52478,22.4704,22.81035,19.69745
01/09/1985,22.41471,13.23849,20.16773,36.02564,35.2991,14.18445,19.02038,10.17976
01/10/1985,20.32479,19.56687,36.81855,18.58963,12.61449,21.92201,21.12999,18.73996
01/11/1985,21.39798,14.76005,24.21424,32.29909,17.89313,16.0507,16.60945,13.78168
01/12/1985,26.67026,24.30685,37.4443,29.37388,17.42623,26.10033,24.306,24.3073
01/01/1986,21.74048,18.72674,27.06242,25.94057,18.48942,19.86469,18.63781,18.77378
01/02/1986,5.55592,6.01893,3.9632,5.87494,1.89019,5.73829,7.71367,5.12238
01/03/1986,17.58652,13.01912,25.16364,23.64438,15.01753,14.67705,16.29935,11.28382
01/04/1986,18.3209,15.53062,26.88336,18.47398,30.62589,17.08046,21.98973,12.11363
01/05/1986,19.41892,18.86859,16.79593,21.94033,14.30486,18.58564,21.47019,17.4923
01/06/1986,17.79037,14.33909,22.59485,23.23428,12.55881,15.46614,16.0663,13.42537
01/07/1986,17.69703,14.15768,22.15015,22.954,14.29594,15.24878,14.50913,13.97175
01/08/1986,37.80689,40.08425,65.74588,26.51297,38.41462,43.58749,46.76761,36.54863
01/09/1986,15.38428,17.84053,11.7545,14.41726,3.42545,17.00968,15.52819,19.0638
01/10/1986,21.62986,19.84444,26.98781,23.50442,19.20408,20.81963,22.30018,18.5453
01/11/1986,23.8789,18.85849,34.55084,29.58649,23.08586,21.00076,18.08808,19.26605
01/12/1986,26.3582,18.21519,46.01949,35.34268,23.15969,22.01094,24.11771,15.09265
01/01/1987,13.13176,8.9876,14.08721,20.37591,9.83982,9.68378,13.49517,6.60301
01/02/1987,17.67722,13.66536,26.85627,21.88205,17.76937,15.46614,16.7269,12.04575
01/03/1987,23.29023,17.62072,41.26646,29.11324,16.85348,20.84876,22.71459,14.92597
01/04/1987,18.1454,17.57307,22.17943,19.01086,12.72853,18.20192,17.95001,17.37367
01/05/1987,12.5441,9.66383,13.42311,17.8618,8.55743,10.17703,9.39609,9.80547
01/06/1987,21.69237,19.39571,26.63492,24.03577,22.05408,20.38398,20.50505,18.80885
01/07/1987,21.32697,19.2304,25.08858,24.01416,18.68181,20.03014,24.57063,16.40532
01/08/1987,23.05214,19.60547,17.16469,29.4768,28.08106,19.27226,22.17735,18.24489
01/09/1987,17.04776,14.08287,19.59286,20.87228,18.85538,14.83508,19.22618,11.36197
01/10/1987,30.70118,27.60213,41.1332,29.5231,51.00324,29.44935,24.57948,29.20117
01/11/1987,19.29209,18.85917,26.56256,18.62214,16.18753,19.91081,17.6115,19.51921
01/12/1987,18.53317,12.61321,25.10886,27.51719,13.76365,14.31908,16.4066,10.60644
01/01/1988,25.72241,20.38509,35.02984,31.0799,31.60419,22.38434,21.70416,19.68728
01/02/1988,17.0339,11.9632,20.2168,23.41205,24.21482,13.08996,14.23839,10.75959
01/03/1988,20.37995,14.55549,26.45775,28.76477,18.83898,16.18035,14.09995,14.79649
01/04/1988,15.24399,10.51147,18.97513,22.69576,11.93772,11.6669,11.10943,10.19515
01/05/1988,13.17415,11.10225,18.20899,15.76602,10.60882,12.07243,10.35949,11.49518
01/06/1988,13.5351,13.46975,14.00893,11.82694,23.34184,13.54336,15.14742,12.58224
01/07/1988,24.23028,21.973,28.77997,27.9934,17.17305,22.90226,26.61901,19.51517
01/08/1988,21.92163,20.42207,26.49869,23.37306,21.02768,21.25163,19.65058,20.8302
01/09/1988,18.87466,13.82651,25.37068,25.21399,20.72263,15.40248,15.05903,13.17448
01/10/1988,25.36106,20.08707,27.23598,33.58661,25.36778,21.06302,18.32456,21.01947
01/11/1988,18.89562,18.11406,23.32593,19.73551,14.76085,18.82557,19.75125,17.24796
01/12/1988,16.86751,12.05759,21.03697,22.88553,21.75878,13.28343,17.5051,9.17576
01/01/1989,18.60383,10.0294,19.0549,33.97184,11.8963,11.26153,11.49025,9.25658
01/02/1989,25.765,18.27781,27.98649,39.87942,13.66815,19.60321,21.43262,16.60886
01/03/1989,19.7529,15.99115,30.98755,23.90929,14.90975,18.03841,16.84466,15.53963
01/04/1989,16.24054,15.93461,18.85643,15.06193,21.22886,16.33349,16.94016,15.40265
01/05/1989,11.00747,8.88085,9.18398,15.37707,9.1446,8.92223,9.21529,8.70392
01/06/1989,18.13581,16.36742,20.03116,20.39665,19.2266,16.86758,23.81164,12.42929
01/07/1989,15.73273,15.80524,22.02255,14.23951,14.50837,16.654,12.29295,17.6633
01/08/1989,20.71792,15.71398,22.85803,27.8883,23.49467,16.68926,16.26045,15.42489
01/09/1989,20.27903,17.1683,19.81712,26.80237,13.42258,17.5299,8.56992,21.717
01/10/1989,22.79959,17.36909,40.45317,26.55334,26.76946,20.52045,16.46834,17.8456
01/11/1989,17.17853,17.68247,28.09171,14.2421,12.24823,19.1035,19.02419,16.97267
01/12/1989,29.94659,25.8125,37.30836,36.27878,22.17272,27.38188,21.73579,27.96915
01/01/1990,24.39476,19.83688,38.1877,28.33648,24.63503,22.34207,23.48131,17.9089
01/02/1990,26.40834,22.0169,35.16471,32.16593,22.44265,23.81179,24.51918,20.69315
01/03/1990,15.3722,7.55203,8.23702,31.08152,11.31794,7.64554,8.31115,7.15044
01/04/1990,10.61859,8.42888,9.59708,14.36138,11.68414,8.58836,7.46859,8.93689
01/05/1990,11.28166,8.72716,15.63662,14.1895,12.3696,9.67041,10.85989,7.5989
01/06/1990,20.56275,14.78233,17.88213,31.17849,19.04174,15.2055,16.36921,13.94283
01/07/1990,14.99301,12.30221,17.40756,18.67161,15.61927,12.99917,16.12092,10.28203
01/08/1990,17.96389,14.25877,15.74102,24.57248,19.07416,14.46112,15.40713,13.65127
01/09/1990,22.21491,16.15871,31.72794,32.0622,9.73305,18.28416,14.65823,16.95249
01/10/1990,27.78559,21.28426,28.65953,37.59009,32.33947,22.29111,23.3941,20.16812
01/11/1990,18.90218,14.49159,28.82565,21.51335,30.5229,16.44843,13.85813,14.8267
01/12/1990,21.936,17.78714,30.26262,27.08909,19.41653,19.49025,24.86234,14.04423
01/01/1991,24.09487,18.53269,32.53509,31.61406,21.32635,20.44425,19.90405,17.80722
01/02/1991,18.96678,16.9396,37.22773,19.12238,9.77454,19.70927,24.04151,13.18256
01/03/1991,21.46938,14.32733,27.64829,31.67124,21.49682,16.14586,17.1242,12.84774
01/04/1991,24.78314,22.335,35.92199,27.25385,17.44213,24.18985,17.69865,24.78772
01/05/1991,7.04671,5.45417,7.22343,10.29411,3.20198,5.6957,5.77614,5.28383
01/06/1991,17.03607,16.30839,20.43806,17.79677,14.20504,16.87216,12.00682,18.584
01/07/1991,18.77054,18.65064,25.1674,18.44146,12.33929,19.54028,13.52358,21.36295
01/08/1991,12.72401,9.59387,19.09614,17.16816,7.69689,10.89109,10.07117,9.34137
01/09/1991,25.05759,24.0845,28.54215,27.66106,14.39872,24.69304,16.24018,28.23429
01/10/1991,23.24239,16.15738,31.40074,31.8466,28.82096,18.23835,18.84027,14.73809
01/11/1991,24.23828,18.09593,23.78187,35.19814,21.01829,18.87215,21.17637,16.46632
01/12/1991,18.55163,13.18938,19.56652,25.27062,29.7236,14.05996,22.37883,8.32798
01/01/1992,28.76321,18.88148,32.15495,44.29653,29.66121,20.69353,18.59686,19.03205
01/02/1992,15.83006,10.02754,15.93539,25.88563,13.29227,10.83406,12.91569,8.49965
01/03/1992,21.61562,14.09542,22.04618,34.41558,19.863,15.18083,20.19048,10.87102
01/04/1992,17.6272,16.55622,16.69072,19.94677,15.7506,16.57459,19.0867,15.21756
01/05/1992,17.20118,16.02565,21.13607,19.16592,10.9942,16.72331,14.30308,16.93693
01/06/1992,14.79445,14.06427,26.10749,12.07008,20.40505,15.70837,11.7815,15.2719
01/07/1992,20.72949,24.29044,22.03216,15.12901,16.50786,23.98215,22.08364,25.45787
01/08/1992,27.62292,24.24232,39.60981,29.93882,28.77848,26.34024,24.73672,23.98078
01/09/1992,25.98137,25.56243,24.6466,28.28612,18.74256,25.43741,23.83619,26.47565
01/10/1992,21.15849,20.31915,19.81286,23.53281,17.7666,20.25004,21.47979,19.70516
01/11/1992,20.98666,17.58143,29.86831,25.04624,17.03306,19.2588,15.30949,18.78333
01/12/1992,25.9385,19.65684,38.71163,34.13821,19.55811,22.25813,22.84783,17.96874
01/01/1993,24.30992,17.31151,28.49637,35.78623,19.4531,18.83843,16.94045,17.50781
01/02/1993,8.93659,6.11765,11.04165,13.34602,7.48276,6.78986,6.44292,5.94557
01/03/1993,16.62303,9.92412,9.19238,29.04786,19.82815,9.82423,6.39129,11.79306
01/04/1993,20.76462,18.33469,22.6911,23.63641,24.24106,18.92941,20.30154,17.29419
01/05/1993,25.49217,23.29939,27.90244,28.39354,25.79202,23.92779,28.98495,20.29163
01/06/1993,18.98471,17.59224,32.64261,17.86372,18.18983,19.64687,11.91659,20.59476
01/07/1993,17.20988,14.83213,23.18569,19.06917,19.87511,15.97253,16.01157,14.20819
01/08/1993,16.53549,17.24287,20.25706,14.63519,14.97848,17.65436,21.80216,14.83093
01/09/1993,24.56112,26.41521,26.18876,19.89285,30.75801,26.3843,28.92559,25.08718
01/10/1993,25.22872,25.29471,17.26686,29.20395,14.02161,24.19878,18.54897,28.86333
01/11/1993,20.16602,20.24979,30.43313,18.06518,15.81528,21.63998,22.10782,19.26685
01/12/1993,25.3224,21.97391,35.04789,29.01841,21.4478,23.75872,26.5709,19.54202
01/01/1994,20.13071,16.42835,24.82856,25.43727,17.95168,17.57512,18.26823,15.45502
01/02/1994,18.37714,15.46417,23.75973,20.73046,24.21344,16.59665,17.23802,14.52577
01/03/1994,19.35082,14.41024,31.28382,25.51945,13.06523,16.71376,14.78142,14.21387
01/04/1994,17.99093,13.70445,23.69233,24.74096,11.84909,15.06796,13.07691,14.03643
01/05/1994,13.1637,15.02197,18.08206,9.18262,10.7738,15.43973,12.83352,16.1797
01/06/1994,13.92146,10.22642,17.36158,18.71002,16.59382,11.20048,10.87824,9.88159
01/07/1994,14.07107,13.38959,16.00866,15.0905,11.66801,13.74713,17.44123,11.24619
01/08/1994,21.51837,21.82718,20.09645,21.77835,19.13288,21.59091,24.11499,20.61689
01/09/1994,25.4442,28.68866,23.13193,22.65891,14.04902,27.93008,26.41395,29.89203
01/10/1994,21.52992,19.91807,26.00615,23.79275,16.09836,20.74919,18.04304,20.91
01/11/1994,21.33861,18.4816,34.25016,23.34682,17.56846,20.63427,20.94695,17.17738
01/12/1994,26.74367,18.73581,47.33863,36.3687,17.45867,22.64057,19.94084,18.09833
01/01/1995,26.37276,23.80204,30.73541,30.25893,22.00095,24.74856,29.43275,20.82329
01/02/1995,19.51854,14.08172,26.29532,27.44848,15.40001,15.74908,18.42689,11.78304
01/03/1995,16.44767,13.48643,14.83401,21.00357,21.23105,13.6704,10.41132,15.11322
01/04/1995,12.2893,9.93754,16.5089,15.55211,9.83657,10.83464,11.12195,9.31096
01/05/1995,15.0937,14.08287,22.91638,15.37466,11.23528,15.28879,14.10143,14.07305
01/06/1995,9.73665,7.43072,8.57027,12.75633,16.27645,7.58628,8.77115,6.7216
01/07/1995,17.54754,12.04042,28.5401,24.37635,13.98592,14.2929,11.38899,12.38504
01/08/1995,6.17347,4.35524,6.91407,9.62516,2.76959,4.70456,4.38054,4.34185
01/09/1995,29.30674,25.23049,23.7513,40.00247,16.14738,25.02855,26.42516,24.59848
01/10/1995,21.97584,13.91955,30.03991,31.41343,32.37175,16.12024,13.27876,14.25854
01/11/1995,23.03296,18.05065,20.45762,31.18028,26.92989,18.37924,21.98983,15.96675
01/12/1995,19.61938,21.36092,29.26677,13.88523,21.20351,22.4402,17.36574,23.47445
01/01/1996,15.30213,14.13522,20.32631,15.04887,20.17042,14.9804,10.63206,15.98845
01/02/1996,21.66882,15.94489,25.34973,30.34296,20.01309,17.22881,17.79887,14.96411
01/03/1996,16.15363,11.09158,18.42739,23.35398,18.59474,12.09304,11.14765,11.06192
01/04/1996,16.10301,13.69132,20.28602,18.84833,16.70219,14.59161,15.59972,12.68174
01/05/1996,15.48204,12.47534,30.77034,16.78951,13.5401,14.97292,12.23619,12.60186
01/06/1996,12.18972,10.55091,14.30629,14.32139,12.36869,11.06358,10.01668,10.83352
01/07/1996,14.10456,11.22601,13.28958,18.68777,16.68879,11.50772,13.50123,10.02238
01/08/1996,19.9015,19.97711,22.50915,15.39605,41.2507,20.32277,17.96672,21.04064
01/09/1996,16.52375,12.22355,29.91471,20.87625,12.35643,14.63869,18.17441,9.07544
01/10/1996,19.80802,12.31969,26.97253,30.02796,21.86253,14.32005,14.04615,11.40636
01/11/1996,25.29227,22.39612,26.99086,30.59298,19.72494,23.02337,24.39824,21.33696
01/12/1996,20.8811,17.5292,20.35916,27.60739,15.25081,17.91553,25.37939,13.3763
01/01/1997,8.86202,4.51614,3.21473,17.543,9.43423,4.33848,4.08074,4.74648
01/02/1997,23.57893,17.76739,34.20983,31.67418,16.64277,20.01206,23.20843,14.88898
01/03/1997,15.57576,8.8641,13.95079,28.27258,9.84133,9.55852,9.94641,8.29154
01/04/1997,16.01751,9.05706,14.53935,27.72683,17.5489,9.80549,8.63579,9.27993
01/05/1997,19.75766,15.93082,20.57315,25.73498,20.93882,16.56458,20.14616,13.70083
01/06/1997,24.15024,23.89183,28.85135,23.49492,23.52839,24.56888,25.78944,22.88795
01/07/1997,14.49276,11.46305,12.21019,19.68001,16.99407,11.56504,15.74063,9.20012
01/08/1997,21.6088,21.27385,25.69351,20.40511,25.72904,21.8772,18.38387,22.8027
01/09/1997,15.14926,8.55001,23.01511,24.93142,9.91714,10.52473,10.61914,7.4554
01/10/1997,19.05806,18.66138,26.03743,17.72982,19.89616,19.66833,16.33623,19.89143
01/11/1997,22.51615,17.28303,32.7981,27.7272,26.83552,19.4011,15.03432,18.47264
01/12/1997,23.08308,17.30312,26.27661,31.75209,23.48545,18.52815,19.77915,15.99326
01/01/1998,24.31247,19.24947,32.14524,31.56021,18.96854,21.00996,20.85085,18.40231
01/02/1998,15.31772,5.85643,11.94417,32.99592,10.03456,6.68751,8.51028,4.45249
01/03/1998,21.50252,18.98551,40.12755,22.01381,14.75286,21.87175,22.80571,16.96456
01/04/1998,21.75424,21.80086,22.88063,21.84192,18.85842,21.94827,20.62144,22.4248
01/05/1998,12.28809,12.14522,10.42964,12.95745,12.82725,11.91102,17.14678,9.49931
01/06/1998,21.88539,21.38762,29.87637,21.05185,19.18101,22.54648,27.8538,17.96689
01/07/1998,19.00331,13.12312,19.39274,28.54928,20.05973,13.97902,15.96777,11.61824
01/08/1998,18.57151,14.73583,21.32487,24.42644,17.45812,15.63535,15.7228,14.21371
01/09/1998,21.54172,20.27843,24.27937,23.97134,15.50351,20.82463,17.80009,21.58952
01/10/1998,34.21378,27.65402,47.48747,42.46828,29.58366,30.36161,29.15616,26.85936
01/11/1998,21.22723,16.01136,21.16943,30.14285,20.1844,16.71552,20.46667,13.65442
01/12/1998,19.05,13.49019,20.31368,28.0859,18.52606,14.42171,11.44618,14.5715
01/01/1999,25.73882,22.65879,38.8111,27.78651,23.89987,24.86385,24.96335,21.43964
01/02/1999,15.27128,10.57287,25.1406,20.4855,15.49358,12.56161,14.06221,8.72694
01/03/1999,19.5061,14.63292,23.05381,27.84005,12.99404,15.78251,21.05092,11.23769
01/04/1999,19.84887,15.57292,24.80989,26.22144,16.30184,16.83392,17.74825,14.42213
01/05/1999,17.32826,15.10829,18.3798,21.57139,12.68589,15.55491,17.93604,13.61237
01/06/1999,21.77484,21.34412,18.67268,24.96997,12.48234,20.97943,22.97731,20.48014
01/07/1999,13.00043,10.34591,12.4953,17.92878,10.9326,10.63933,11.64699,9.65761
01/08/1999,21.18314,23.39876,32.00732,15.09065,18.59434,24.57397,20.36485,25.00375
01/09/1999,30.08706,25.84122,45.2062,32.77926,31.79977,28.48486,23.55262,27.05193
01/10/1999,22.90473,21.31474,35.55395,24.09259,12.57072,23.25863,24.29688,19.73714
01/11/1999,23.81666,15.02839,28.14846,36.47056,28.74487,16.81949,18.78289,13.04219
01/12/1999,27.82921,20.99386,30.00609,38.17699,30.81211,22.22418,22.05366,20.4332
01/01/2000,19.96512,13.36912,26.19097,30.5124,13.06697,15.11952,22.11311,8.74339
01/02/2000,20.17243,16.56199,34.96235,23.24886,14.9927,19.07395,16.07771,16.81818
01/03/2000,16.95948,10.84076,22.08952,26.43841,13.28257,12.37641,16.38772,7.90632
01/04/2000,21.10086,20.66616,21.20203,22.20277,18.99581,20.73931,20.13595,20.94665
01/05/2000,18.21013,20.34761,19.19438,15.49406,11.70004,20.19017,20.51808,20.25742
01/06/2000,15.47274,15.18702,17.02985,15.97355,12.79501,15.4386,29.93351,7.38586
01/07/2000,17.83431,18.32815,20.54377,17.3309,11.91366,18.63062,16.72744,19.17495
01/08/2000,17.05379,14.6213,21.13283,19.68473,18.78995,15.51023,14.63189,14.6157
01/09/2000,26.84578,27.23004,32.4145,25.61592,21.80043,27.93781,29.06208,26.26086
01/10/2000,38.81037,36.90446,56.32808,38.69378,30.72968,39.5561,31.57025,39.72635
01/11/2000,31.78122,31.83211,41.71286,30.52118,23.46639,33.181,35.45839,29.91375
01/12/2000,25.31897,21.18472,37.62719,28.26255,28.58355,23.42939,18.87552,22.40632
01/01/2001,17.48081,15.687,20.56394,20.24061,14.2566,16.35278,14.28805,16.42706
01/02/2001,20.62676,18.6712,29.5286,22.75094,13.47842,20.15341,21.4033,17.22586
01/03/2001,16.11278,14.78089,18.91007,17.94691,13.59046,15.34459,11.84802,16.33243
01/04/2001,15.59384,15.22694,25.19068,13.77789,14.99321,16.58716,18.08045,13.71739
01/05/2001,14.11687,14.86635,21.23477,11.11019,13.11554,15.73574,13.65179,15.50887
01/06/2001,16.55188,14.87596,15.90448,20.31811,11.80497,15.01637,16.49531,14.01929
01/07/2001,24.20433,24.1433,41.6582,21.53861,13.75623,26.53437,18.45319,27.15347
01/08/2001,21.59339,18.05881,26.87741,26.28472,20.85485,19.2627,20.65263,16.68663
01/09/2001,19.89974,17.155,26.67678,24.51624,9.41563,18.45488,22.15176,14.51163
01/10/2001,30.42602,23.54928,34.94952,42.84641,17.25245,25.1056,22.24316,24.24024
01/11/2001,16.70732,12.79666,25.5425,21.46416,13.37296,14.53668,14.43845,11.92812
01/12/2001,16.88078,9.51699,18.11231,27.63592,23.26697,10.69039,11.86973,8.27235
01/01/2002,21.74664,16.70707,29.87163,28.94179,16.25645,18.50425,16.12916,17.0128
01/02/2002,26.33355,21.3652,43.11842,31.11571,20.86373,24.33487,26.78374,18.49869
01/03/2002,18.18778,10.97096,12.43773,31.67952,18.40171,11.1712,10.78534,11.06916
01/04/2002,16.789,11.84457,22.86758,21.35855,28.31467,13.34939,12.27853,11.615
01/05/2002,17.11253,15.33711,27.72453,15.95652,24.27306,17.0282,14.17788,15.95037
01/06/2002,17.21681,16.2625,15.54257,18.57783,21.12008,16.16421,17.79351,15.45256
01/07/2002,25.45338,24.97536,16.98039,29.32317,20.86679,23.88391,28.46122,23.13127
01/08/2002,21.92916,23.04486,23.26421,20.65384,16.73678,23.07481,36.92366,15.70272
01/09/2002,19.56806,21.54046,15.39796,18.38102,13.62376,20.70191,22.92549,20.80775
01/10/2002,36.63632,31.4886,49.89339,41.15561,38.38448,34.00116,29.98163,32.28581
01/11/2002,23.68767,20.13922,32.57811,27.47393,22.36649,21.83734,18.38666,21.06636
01/12/2002,21.84751,24.9592,27.22984,15.86989,18.04952,25.26918,26.70509,24.0356
01/01/2003,19.83728,17.14297,19.21105,25.28704,15.2568,17.4253,15.03542,18.25791
01/02/2003,13.57785,10.11711,18.78388,15.82892,25.53033,11.30026,11.03201,9.6331
01/03/2003,14.83069,11.38634,17.96737,20.32787,11.33211,12.28476,13.00923,10.52781
01/04/2003,13.70524,11.35899,24.38173,15.22766,11.20337,13.13681,12.95888,10.51263
01/05/2003,15.75109,12.25626,24.92787,19.29564,14.72862,13.98614,15.17077,10.71443
01/06/2003,19.66828,22.8075,14.47688,15.70829,20.19817,21.67023,30.62023,18.67442
01/07/2003,18.2091,16.59763,41.1788,14.26563,21.65639,19.95337,15.90059,16.96637
01/08/2003,10.62008,9.25237,14.44569,12.54548,7.18886,9.96134,9.1955,9.28245
01/09/2003,14.576,11.98898,13.78201,18.98603,15.28169,12.23376,17.56432,9.03952
01/10/2003,16.49064,15.86987,21.64814,17.62386,8.29416,16.6587,11.9314,17.95339
01/11/2003,20.91336,17.36586,23.09069,26.11905,21.62367,18.1474,13.92562,19.18581
01/12/2003,25.54526,19.8599,36.63465,32.98985,20.46247,22.14993,22.6105,18.40477
01/01/2004,25.75294,19.42069,33.922,34.13532,25.76261,21.40036,23.63726,17.19005
01/02/2004,18.34081,13.3774,33.66023,22.72744,17.48923,16.14634,17.23296,11.33773
01/03/2004,14.37261,10.59206,20.28149,18.40366,18.16262,11.91483,11.12206,10.31168
01/04/2004,18.65069,17.50313,21.00985,20.83608,13.637,17.98186,20.64568,15.84066
01/05/2004,13.91986,12.21683,19.11454,15.06942,15.65985,13.15848,11.32957,12.68621
01/06/2004,23.31341,20.06947,31.9047,25.49547,28.18802,21.68517,20.00378,20.10422
01/07/2004,17.31971,19.38039,16.56246,14.7725,13.50279,18.99569,15.49881,21.43382
01/08/2004,35.74854,33.68176,28.58505,43.47,22.2658,32.98597,44.10235,28.16907
01/09/2004,19.08752,12.04912,29.23364,28.06174,19.44091,14.39509,13.4585,11.30353
01/10/2004,28.21469,24.07581,48.11351,30.68493,23.1748,27.35736,24.43118,23.88782
01/11/2004,17.64505,15.42318,19.81144,22.21119,9.6062,16.02225,13.31273,16.53965
01/12/2004,19.93481,16.03616,27.27089,25.66212,13.53451,17.56989,14.00378,17.11132
01/01/2005,26.89049,16.05236,28.23157,43.19284,34.3969,17.71502,28.97131,9.21799
01/02/2005,16.43449,11.81123,22.7809,22.06007,18.76605,13.30877,16.78015,9.18257
01/03/2005,20.01168,15.78211,19.67203,27.91924,16.01438,16.31315,14.17004,16.63492
01/04/2005,20.14156,15.1518,27.48002,26.26564,20.67718,16.83481,20.66319,12.23618
01/05/2005,15.50361,11.25703,13.75418,22.3387,19.16803,11.59793,10.52011,11.64688
01/06/2005,18.2215,15.54623,17.68133,24.34513,9.94212,15.83771,14.3062,16.20223
01/07/2005,19.12789,21.43538,29.83345,13.54829,12.47746,22.58185,23.62965,20.27457
01/08/2005,20.36734,15.87535,17.47508,28.05641,23.66495,16.09374,20.33298,13.51718
01/09/2005,20.03099,16.05169,19.83369,27.74511,13.94695,16.56799,19.32114,14.32209
01/10/2005,31.24386,23.34757,43.5013,40.85233,32.5987,26.09889,27.8344,20.97396
01/11/2005,23.10625,18.08614,36.74602,29.94481,11.45002,20.63352,20.18074,16.97806
01/12/2005,18.83762,17.24536,24.20007,18.95501,24.66326,18.19479,11.62544,20.2184
01/01/2006,13.84582,8.50025,20.83984,21.31847,11.35207,10.18481,13.10253,6.06555
01/02/2006,15.87377,13.92209,21.22169,18.72872,10.22333,14.91861,13.23739,14.28431
01/03/2006,18.1209,13.72273,23.99805,21.75051,29.5955,15.12548,17.50334,11.72272
01/04/2006,12.48268,10.19534,13.16374,16.0009,13.15364,10.60057,10.82845,9.86041
01/05/2006,19.7145,19.09249,27.54474,19.29612,16.21211,20.24636,20.02705,18.59808
01/06/2006,13.75074,10.22832,11.65975,20.78636,10.44458,10.42373,8.26608,11.26637
01/07/2006,16.78592,15.56119,15.88417,19.31155,15.16223,15.60528,15.65951,15.50918
01/08/2006,21.18142,19.18708,23.1472,25.04965,15.37845,19.72771,22.2874,17.54696
01/09/2006,24.40969,20.11559,18.16605,32.32805,29.451,19.84944,23.56857,18.28889
01/10/2006,28.03215,22.6372,30.12772,35.21985,34.85877,23.65978,23.82245,22.01018
01/11/2006,24.98491,18.2723,27.65063,35.63004,23.97849,19.5526,17.47623,18.69344
01/12/2006,26.97789,18.66817,39.5116,39.27636,17.36413,21.51364,22.15553,16.82329
01/01/2007,21.52407,17.10421,29.08482,27.4631,18.42516,18.73976,19.60292,15.78235
01/02/2007,20.57124,15.32124,18.77306,31.02393,13.36528,15.79247,14.98062,15.50143
01/03/2007,20.17982,16.2695,28.4303,25.49983,14.58093,17.92965,14.0718,17.43213
01/04/2007,9.95607,5.82565,15.57706,14.65875,13.98804,7.15688,9.92594,3.65652
01/05/2007,26.94233,29.54368,29.11532,24.56106,13.08375,29.48521,22.2558,33.39911
01/06/2007,28.74487,30.6689,32.03329,24.01208,31.8647,30.85516,39.65621,25.91444
01/07/2007,27.70902,27.66158,36.34621,26.94201,19.74166,28.84718,23.22152,30.01046
01/08/2007,22.32635,15.88154,18.88582,33.87801,23.00369,16.29167,15.77957,15.93548
01/09/2007,17.71208,13.4713,25.58545,23.4313,13.71695,15.12508,15.17946,12.56765
01/10/2007,21.18681,20.02082,19.06708,24.77243,15.24734,19.89062,14.20981,23.09495
01/11/2007,21.72147,19.3007,20.2407,27.24792,14.96237,19.42902,17.48269,20.26245
01/12/2007,20.40048,17.04018,31.45419,23.59869,17.21482,19.00793,23.1082,13.83008
01/01/2008,27.86476,22.36064,40.46329,34.24523,24.95298,24.83196,25.91219,20.48181
01/02/2008,16.11467,10.44565,20.46346,25.33502,11.13889,11.81325,12.6517,9.2786
01/03/2008,22.3004,22.27928,31.79795,20.7719,16.80837,23.57874,16.18207,25.50482
01/04/2008,15.62279,14.39276,17.96921,18.46588,7.68364,14.881,14.97465,14.08493
01/05/2008,14.09801,17.67945,14.03399,9.89185,4.34429,17.18179,9.51883,21.99658
01/06/2008,19.8417,17.69987,23.41599,22.70284,17.86431,18.48021,23.79573,14.47504
01/07/2008,24.13359,23.35881,28.94663,24.37596,22.97618,24.12164,26.28446,21.81109
01/08/2008,24.79946,19.55529,29.50105,28.85786,44.23691,20.91305,23.19347,17.63063
01/09/2008,26.11914,26.96789,38.07483,21.55627,24.84797,28.48417,39.35367,20.41559
01/10/2008,28.00456,23.5411,44.70086,32.39475,20.40717,26.42976,28.52207,20.90608
01/11/2008,20.02892,18.90625,24.40653,21.82049,14.01709,19.65713,15.57649,20.66776
01/12/2008,23.26878,19.27604,28.3342,29.40176,18.51164,20.51263,19.1162,19.36059
01/01/2009,21.45544,15.38767,29.87721,28.23285,27.6028,17.36573,17.21677,14.42004
01/02/2009,17.19038,20.12196,8.43676,16.4236,7.26289,18.52674,14.23529,23.23612
01/03/2009,15.99938,13.26636,17.72016,21.2114,9.36784,13.87437,11.0076,14.46128
01/04/2009,13.82595,11.14362,15.70928,17.23998,16.96592,11.76691,13.68918,9.79697
01/05/2009,15.62205,13.28464,16.17786,19.79354,13.35683,13.67961,14.66691,12.55339
01/06/2009,20.19822,19.40086,31.32074,18.39358,21.28554,21.02812,19.8167,19.18087
01/07/2009,26.19271,25.02203,38.21751,26.34671,18.3636,26.82344,32.45488,21.08992
01/08/2009,22.72716,17.5544,16.68674,31.40139,30.87023,17.43595,18.27783,17.1717
01/09/2009,22.86516,15.23957,24.37739,37.21507,10.75212,16.48703,17.4069,14.09301
01/10/2009,22.79607,16.21872,30.33375,31.6903,23.20178,18.14566,16.46658,16.08761
01/11/2009,30.11657,22.6899,36.52592,41.54972,25.84385,24.57875,29.69602,18.98354
01/12/2009,17.49792,15.6967,25.73051,17.99476,19.13971,17.06648,14.87492,16.13143
01/01/2010,17.49643,13.99066,22.75089,22.11572,15.79185,15.18657,14.51617,13.71265
01/02/2010,16.40311,13.65761,11.04388,22.55899,15.34852,13.30079,14.55898,13.18077
01/03/2010,18.53607,13.53545,20.56853,22.67049,39.12444,14.49558,17.53785,11.4181
01/04/2010,12.53328,8.02067,12.87491,19.4585,15.23562,8.68335,8.57306,7.72844
01/05/2010,11.58089,10.63113,13.79025,12.88655,9.73995,11.0624,6.48403,12.82502
01/06/2010,13.49896,13.4953,17.38467,12.29654,14.74022,14.02626,13.16115,13.67207
01/07/2010,21.39476,14.58283,34.46903,28.17876,27.95893,17.29762,20.75153,11.31947
01/08/2010,23.46613,25.17146,30.85429,20.55059,13.15704,25.94726,15.33812,30.37348
01/09/2010,24.33219,18.55747,33.06444,28.89417,39.90441,20.53791,23.44567,15.97152
01/10/2010,21.3607,18.10459,24.10402,26.5612,18.35515,18.92361,19.06953,17.59412
01/11/2010,21.66754,17.89231,23.74791,27.05175,23.07045,18.6917,21.94126,15.75035
01/12/2010,11.60848,9.36169,12.89532,12.91924,23.2548,9.84409,10.15226,8.94345
01/01/2011,20.66487,16.65241,28.39237,26.61907,13.44311,18.25511,18.50244,15.67372
01/02/2011,20.29586,15.96592,28.83836,24.01858,27.11705,17.72323,23.09996,12.19189
01/03/2011,12.06314,6.76221,9.96714,20.82044,15.78922,7.19973,8.9849,5.58636
01/04/2011,11.52463,5.35858,12.17365,21.91642,9.948,6.28895,9.8262,2.99513
01/05/2011,18.38095,13.44333,16.68915,27.59246,15.28218,13.88643,15.61022,12.297
01/06/2011,19.04789,16.51329,23.0369,21.73111,20.87193,17.40387,14.99425,17.31689
01/07/2011,18.9791,14.57885,24.05167,25.75628,14.28763,15.87205,19.34534,12.05728
01/08/2011,25.76167,19.99286,20.16531,38.63403,16.11864,20.01641,25.47507,17.09268
01/09/2011,18.42629,12.24285,22.26515,27.52761,19.78876,13.61106,16.71351,9.87779
01/10/2011,20.22949,13.46423,21.13659,28.71632,34.90467,14.51163,17.00369,11.59178
01/11/2011,20.44174,13.91849,16.01004,31.68418,25.36655,14.20402,10.54729,15.70192
01/12/2011,20.90899,16.53956,27.49422,26.96864,18.32493,18.03506,15.44144,17.12049
01/01/2012,20.11073,13.11383,27.65365,29.8608,19.96704,15.09875,15.79435,11.69578
01/02/2012,14.62805,11.13059,15.38391,20.19453,15.01132,11.71124,12.30577,10.5089
01/03/2012,12.02179,11.66021,10.07251,14.26209,5.75906,11.44346,10.64365,12.19799
01/04/2012,22.23337,22.92691,23.72402,22.06225,14.59017,23.03573,25.23392,21.70646
01/05/2012,19.90908,16.22414,26.07777,25.59851,13.50128,17.56932,21.28627,13.54618
01/06/2012,29.03134,27.61035,38.58341,27.29909,36.84759,29.10836,33.27288,24.61477
01/07/2012,22.5468,22.58018,22.46574,23.40486,17.36948,22.56455,21.32203,23.24576
01/08/2012,20.3649,17.24679,23.57676,24.90921,18.50362,18.11094,21.54773,14.97152
01/09/2012,32.73116,34.76438,36.7479,27.48737,36.04048,35.03516,41.09864,31.41344
01/10/2012,25.88464,20.64903,22.92906,35.70488,23.57741,20.96029,24.44477,18.64101
01/11/2012,26.82791,26.68946,33.45653,26.70334,18.52047,27.61328,28.77157,25.588
01/12/2012,27.6296,22.92374,32.74175,35.72889,18.13103,24.26406,24.07199,22.31629
01/01/2013,19.01863,14.50349,27.38759,24.39774,17.59925,16.26238,16.43959,13.47925
01/02/2013,19.06764,15.67413,28.25682,23.11451,13.57483,17.39188,17.53032,14.69218
01/03/2013,16.83129,17.43282,23.21366,13.44522,19.78813,18.222,14.33256,19.07292
01/04/2013,13.90721,8.62198,14.71422,22.60282,13.51463,9.45367,8.17484,8.85852
01/05/2013,22.52943,18.95015,36.11722,24.74174,23.95022,21.29374,21.41706,17.6451
01/06/2013,12.41759,8.99845,12.59233,16.55464,21.08801,9.48907,12.52625,7.13218
01/07/2013,21.72721,22.65177,20.43051,20.60034,21.29511,22.34853,32.61051,17.38342
01/08/2013,19.07348,18.92591,40.54303,14.96879,11.7903,21.877,20.95142,17.85437
01/09/2013,18.79234,16.65427,19.24734,22.77665,14.72558,17.00826,19.08909,15.3662
01/10/2013,26.48719,24.63093,31.12186,28.77974,23.50398,25.51705,19.91164,27.12753
01/11/2013,19.57811,16.26458,18.29408,26.67144,12.59104,16.54164,17.61058,15.55252
01/12/2013,29.36161,26.15641,33.02571,34.90289,22.10214,27.09419,18.32181,30.30107
01/01/2014,21.93326,18.15698,25.1738,27.16627,22.70553,19.11489,16.90632,18.8186
01/02/2014,23.69873,19.94687,31.5759,28.12324,22.19643,21.53442,17.74009,21.11429
01/03/2014,16.69493,12.74949,15.1437,24.04506,14.30438,13.07634,15.51129,11.28845
01/04/2014,14.73423,12.52639,16.82506,17.98123,14.28069,13.11323,11.26539,13.19349
01/05/2014,17.99875,16.52933,24.21102,19.51867,13.56603,17.57801,16.44662,16.57308
01/06/2014,14.52999,12.92609,14.42758,17.35906,13.85524,13.13107,12.14044,13.34171
01/07/2014,16.18037,16.07141,16.25462,17.08183,12.14107,16.09642,18.74433,14.65738
01/08/2014,32.82438,26.15199,28.3201,46.27299,26.84853,26.44798,25.94896,26.2594
01/09/2014,7.97063,7.21123,6.98805,10.28956,3.4923,7.18076,7.38874,7.11733
01/10/2014,31.95266,22.30707,29.84798,48.81686,29.13857,23.33653,23.22862,21.81956
01/11/2014,23.5256,16.77411,24.3771,31.98585,38.01171,17.81205,16.15137,17.10356
01/12/2014,22.98705,17.99811,28.25142,30.29144,21.21307,19.39786,19.28072,17.31959
01/01/2015,21.63316,15.55204,26.22859,31.26799,17.34448,17.00956,15.76071,15.44165
01/02/2015,16.2666,11.93671,18.51614,23.07938,15.04611,12.83491,11.52531,12.15435
01/03/2015,18.43839,11.65337,20.71068,29.5271,15.96737,12.88984,17.60572,8.50447
01/04/2015,10.47499,6.733,10.41434,16.55624,11.38229,7.23556,7.99965,6.06291
01/05/2015,19.88748,16.04528,21.58852,23.22603,34.27013,16.80202,20.3589,13.7633
01/06/2015,18.72994,14.44915,33.82094,23.19784,11.40614,17.09372,16.99699,13.1013
01/07/2015,23.80668,23.51051,16.44193,27.06612,18.8049,22.54553,18.52326,26.14886
01/08/2015,21.65212,20.77118,23.05026,21.91484,26.34634,21.08231,18.47447,21.98618
01/09/2015,16.6412,16.66667,19.60139,15.77301,16.48825,17.06731,14.41285,17.85898
01/10/2015,18.06444,15.62903,17.59754,22.35899,17.2889,15.89776,17.63576,14.56743
01/11/2015,23.90823,17.54868,29.08325,31.41803,33.72745,19.12334,28.57654,11.71474
01/12/2015,32.6746,23.6849,38.22278,45.47344,36.2513,25.66956,40.9268,14.56361
01/01/2016,26.53167,18.748,35.65972,38.08173,20.78836,21.05673,21.65166,17.21191
01/02/2016,22.68906,17.16219,27.54714,30.82289,20.88637,18.57991,17.87142,16.78699
01/03/2016,20.57363,21.38056,24.72232,19.5212,12.69593,21.83676,18.61976,22.84107
01/04/2016,15.14065,12.52138,17.31896,19.02371,14.5455,13.17633,16.10486,10.62565
01/05/2016,16.84716,15.97652,18.44694,18.27184,14.93438,16.31378,13.00012,17.5511
01/06/2016,19.65408,19.52501,25.57259,19.19172,14.74039,20.3506,15.76355,21.51489
01/07/2016,13.79445,9.53574,16.34889,20.26192,13.66327,10.46585,13.84577,7.25565
01/08/2016,22.76342,20.32337,30.33031,26.77105,11.67164,21.68948,22.94195,18.93809
01/09/2016,20.35005,17.17507,23.4678,25.5826,15.93521,18.03413,16.36324,17.60455
01/10/2016,13.78351,11.10073,14.51618,17.44087,16.89251,11.56699,10.68083,11.32286
01/11/2016,25.71922,26.66867,31.60883,23.29038,21.45146,27.34309,29.35452,25.24781
01/12/2016,17.14929,10.64649,18.01558,28.05764,15.67577,11.65249,12.61846,9.60328
01/01/2017,15.01138,13.125,15.575,17.90218,15.65387,13.45947,11.1762,14.15595
01/02/2017,16.5293,12.16781,22.22831,22.60248,13.62818,13.54123,14.32594,11.02612
01/03/2017,17.33616,13.40857,25.72377,20.67621,22.85017,15.0898,18.08232,10.93607
01/04/2017,9.7616,7.28737,8.68178,15.22148,3.96781,7.47773,6.35678,7.77966
01/05/2017,16.16567,16.53961,24.71787,13.20554,16.22212,17.65608,15.1834,17.25708
01/06/2017,28.50046,26.86584,34.40958,31.17917,19.58769,27.89568,30.71784,24.82806
01/07/2017,20.24776,21.10858,24.4313,17.29768,22.5888,21.56219,17.26109,23.14397
01/08/2017,22.19002,20.38745,22.43787,23.35762,32.07151,20.66737,23.8799,18.53988
01/09/2017,19.18606,15.67163,22.50882,23.25095,24.08754,16.60502,19.55494,13.6173
01/10/2017,18.20798,13.51323,20.11976,24.52821,23.87366,14.41513,18.37666,10.94038
01/11/2017,19.50881,16.12153,26.00754,24.22088,14.68618,17.47114,24.65911,11.605
01/12/2017,21.2698,20.16676,24.6379,23.05393,16.46696,20.77714,17.77605,21.43148
01/01/2018,19.08644,13.94645,22.3821,27.06071,17.4061,15.09806,16.69239,12.4938
01/02/2018,13.49099,10.37351,17.73682,16.43976,19.88541,11.37872,11.76627,9.63671
01/03/2018,18.23235,16.40758,22.18965,19.91967,19.77003,17.19693,15.62864,16.81965
01/04/2018,17.62672,17.68977,25.35018,16.25562,12.93957,18.73555,18.83694,17.0829
01/05/2018,15.64276,14.95875,22.84667,14.76906,16.23305,16.03558,11.15825,16.96928
01/06/2018,12.63111,6.69347,6.27422,23.0368,19.45016,6.63623,12.3175,3.71825
01/07/2018,18.05203,14.60632,27.47217,19.45448,28.72086,16.36272,15.99001,13.87432
01/08/2018,17.65071,17.47,26.78563,15.89405,15.49212,18.74174,15.62607,18.44547
01/09/2018,26.3566,24.68524,45.9613,26.9209,9.76188,27.58978,36.00146,18.69875
01/10/2018,28.66211,21.35099,57.02638,35.25201,17.69289,26.22128,24.7052,19.57656
01/11/2018,21.44653,17.88015,25.43152,25.80563,23.80079,18.91104,18.51884,17.54228
01/12/2018,22.45222,15.92033,26.74746,31.07368,28.30555,17.39841,15.97263,15.89266
01/01/2019,13.14849,8.56177,17.54921,20.10624,10.28986,9.78871,9.47985,8.07609
01/02/2019,15.30818,11.50786,18.71068,20.10594,18.78741,12.49117,13.43968,10.4859
01/03/2019,20.91546,16.40606,26.99063,26.1157,24.8077,17.85103,20.40658,14.28971
01/04/2019,14.50901,10.93196,24.08441,17.4518,17.24815,12.72749,12.28448,10.21645
01/05/2019,15.46998,11.88451,11.7853,23.21297,11.2306,11.87097,13.05022,11.26783
01/06/2019,25.65299,28.66837,33.98239,17.6826,30.29411,29.39383,28.30036,28.86306
01/07/2019,22.81924,22.09299,17.45732,26.03161,19.07147,21.46015,28.24215,18.83998
01/08/2019,27.13337,19.55291,29.4937,38.46208,30.67271,20.90999,24.05028,17.17371
01/09/2019,24.95365,25.34421,39.07805,21.39413,19.36501,27.21911,27.23459,24.34417
01/10/2019,30.44744,27.29059,56.63514,30.20877,22.42691,31.2966,30.20365,25.74952
01/11/2019,21.30127,21.12586,26.95626,20.27902,20.29542,21.92181,25.51485,18.804
01/12/2019,23.16722,18.31882,27.09364,31.1051,18.23019,19.51673,17.43316,18.78735
01/01/2020,20.61098,16.33664,25.08216,27.97715,12.72842,17.53055,16.86387,16.05773
01/02/2020,34.05,28.54776,57.06586,36.73423,36.64645,32.44095,37.55499,23.78276
01/03/2020,16.30848,12.83016,25.75732,19.93807,14.66119,14.59493,14.11031,12.15293
01/04/2020,10.074,9.69468,13.62594,9.24771,12.88933,10.23136,5.39862,11.96737
01/05/2020,10.56747,4.41799,7.19395,21.82389,10.10725,4.79695,6.82438,3.14496
01/06/2020,24.52859,24.23761,27.55544,25.06041,19.81521,24.69055,22.65062,25.07715
01/07/2020,18.63751,15.32985,27.1019,22.25804,16.45617,16.93693,21.14217,12.25503
01/08/2020,28.17005,25.69461,38.74731,29.79911,26.17403,27.47652,27.38541,24.80015
01/09/2020,21.08109,15.3729,22.36472,31.27167,15.37797,16.3274,17.14518,14.43533
01/10/2020,36.43785,31.67281,33.38329,46.69755,28.33581,31.90632,32.16587,31.41197
01/11/2020,19.58017,16.3531,25.79016,23.66696,17.77849,17.64141,18.40224,15.26906
01/12/2020,29.04618,25.77884,34.10026,34.79205,20.04162,26.91485,22.56222,27.48049
