period-start,east scotland,north scotland,west scotland,northern ireland,east midlands,east of england,london,north east england,north west england,south east england,south west england,wales,west midlands,yorkshire and humber
01/01/1960,31.84629,25.32785,35.26959,22.30906,22.70025,12.91494,16.84235,24.95064,34.00181,23.44261,29.69796,35.0001,29.05239,23.04676
01/02/1960,19.47864,23.76759,23.17536,14.27632,13.04001,9.87646,7.62682,11.03776,18.32859,11.91273,19.78217,28.90305,11.74555,12.0668
01/03/1960,11.51002,12.99122,16.8843,14.1812,9.84208,13.22957,13.31475,10.37908,8.99412,14.32222,14.65849,14.49111,8.8696,10.63523
01/04/1960,19.53652,27.43342,25.26505,13.71615,6.77315,4.12671,3.95015,6.8089,16.69872,8.40916,20.75109,21.76278,12.60902,7.81305
01/05/1960,31.52298,13.34508,19.7152,14.50687,15.04563,9.84741,18.92017,24.49698,23.31588,14.91144,16.72119,20.88043,21.54371,14.03089
01/06/1960,12.05745,15.81076,16.8286,18.33215,18.97175,17.55484,9.63152,7.06605,12.10659,21.76243,21.59122,22.65326,24.03684,7.18136
01/07/1960,21.96356,15.51356,19.20869,23.07622,17.6768,11.90437,11.7607,26.6393,27.18817,13.33863,19.9359,19.91962,14.10946,25.30806
01/08/1960,28.1005,33.6227,20.46654,32.39827,18.00765,18.28926,26.60339,16.82651,21.7329,28.95183,25.2121,29.52053,20.68366,18.87407
01/09/1960,17.7987,16.1907,27.96689,18.15156,22.14952,23.62053,25.79732,14.1282,18.56743,21.82393,34.18513,26.52548,27.27218,20.47013
01/10/1960,25.93678,12.42302,22.13701,31.37498,19.335,22.11816,25.31889,26.6821,18.35002,33.16429,39.41029,28.73391,17.65925,27.80118
01/11/1960,28.77679,19.28448,31.42096,15.46557,16.73171,14.4146,15.5446,16.74599,27.1297,20.75356,19.03244,32.48654,17.9492,20.62245
01/12/1960,22.47549,21.42596,34.7544,16.99374,32.32476,19.90209,18.82759,17.82354,32.02531,26.25787,35.21383,52.19915,33.21535,27.40793
01/01/1961,21.5968,21.87372,26.37781,21.79761,11.69109,9.58289,13.78253,16.97905,22.38922,23.91441,23.21248,25.80256,11.51445,16.00917
01/02/1961,14.40673,22.05718,22.06305,14.21924,7.75434,11.66708,16.38502,10.6625,15.93562,16.6802,16.23419,16.74873,9.77904,9.45335
01/03/1961,13.45649,22.77098,22.31006,8.92381,4.34914,2.74111,1.40565,15.83804,15.92442,1.49787,3.78117,8.51531,2.65904,8.30226
01/04/1961,16.26505,16.03778,24.9125,20.78543,12.33406,8.8049,9.52403,11.52824,16.46066,16.28507,21.21681,22.83867,19.40254,13.68402
01/05/1961,11.33558,16.71661,15.24546,15.03165,7.3423,13.18663,19.86631,16.7466,20.29222,13.98108,8.92095,19.89233,9.20366,16.16036
01/06/1961,10.27178,20.84847,15.37645,10.85508,10.26563,16.35739,24.37739,23.75077,18.82905,20.30272,14.7808,19.86773,14.64299,17.40338
01/07/1961,35.68287,28.83759,34.98475,24.5052,15.35128,13.64148,11.17619,35.04832,32.59232,14.63342,15.8194,22.5308,15.26405,24.62197
01/08/1961,40.76598,30.16896,47.3923,18.17559,12.02809,13.49621,15.37724,20.05575,35.14434,8.80358,26.51768,32.78333,12.93278,16.59863
01/09/1961,21.97532,26.83459,33.70528,23.27935,12.92889,19.52867,17.23522,13.18306,22.59742,18.61607,18.93273,22.42682,11.41213,18.62951
01/10/1961,24.08302,27.27262,33.22024,25.87198,11.24321,15.26119,13.4741,16.53104,25.7391,19.10101,21.0024,27.15328,12.78664,19.00477
01/11/1961,16.94532,22.10895,24.27864,17.34605,13.61212,18.58339,24.56639,9.46227,23.54159,16.48361,11.67192,24.67283,9.4087,14.06693
01/12/1961,22.99601,20.04542,27.41281,21.12442,19.00618,17.20632,16.94434,16.9648,22.21957,18.81668,22.65338,22.34669,18.06881,17.27356
01/01/1962,33.41317,34.64489,39.36823,16.40308,10.08179,9.76078,18.96398,12.74966,24.35987,18.96543,21.24443,27.81772,11.58766,12.4772
01/02/1962,29.01065,44.32765,41.38721,13.60202,6.25579,5.3919,7.66081,13.67765,27.47139,5.53391,6.97054,21.91321,7.99684,13.25386
01/03/1962,13.58913,16.324,19.92636,13.22766,7.39963,9.22806,13.83888,9.16668,16.27378,13.73408,18.19415,20.30338,11.83867,6.9322
01/04/1962,15.65792,17.72155,27.73481,10.75439,14.55046,10.77626,9.29531,19.67682,33.26481,8.88248,12.35069,31.98417,11.59656,20.75412
01/05/1962,12.00105,38.41008,17.36173,18.13298,9.95693,7.96685,9.3927,13.59422,16.91386,11.33497,14.25,19.37717,12.12696,14.09426
01/06/1962,10.99683,21.40888,16.70044,10.17265,2.62915,2.52115,3.91106,5.632,10.72818,3.11537,3.36554,10.9613,4.24892,6.1384
01/07/1962,27.8844,17.00935,23.09949,15.99215,13.48869,27.06149,30.0119,27.39653,19.95053,17.7324,12.76083,14.60795,15.97171,23.94106
01/08/1962,28.61938,34.84117,36.86716,21.07146,27.9116,14.48123,21.54158,20.83219,40.89763,34.2706,40.59864,32.97965,38.54587,28.64531
01/09/1962,35.03136,20.2037,41.25521,29.70459,17.14941,13.62357,17.86441,31.00308,28.25219,22.92815,30.64312,41.2787,21.70179,19.56124
01/10/1962,11.42927,20.31064,19.08202,13.5239,8.91546,10.82481,15.62985,6.07842,20.51337,17.32236,11.18656,18.41264,8.92343,8.58356
01/11/1962,23.20412,19.3475,26.18703,18.07916,9.7184,10.95726,8.36993,22.23482,18.74594,16.52185,19.42225,20.10737,11.57793,16.14523
01/12/1962,25.34547,26.43937,38.83039,30.05447,10.49923,10.97291,11.905,13.47728,21.07284,14.06598,18.76982,22.93582,12.99902,13.77197
01/01/1963,10.12228,9.055,8.57775,11.14837,7.61334,6.99533,5.81398,13.33855,7.08513,8.38115,10.1197,8.90467,7.41242,10.66299
01/02/1963,17.68934,5.44223,12.32544,23.99842,4.457,3.63993,3.20683,11.44189,6.67594,6.75762,15.57441,13.19694,7.15002,8.90441
01/03/1963,19.96789,20.44963,32.16351,17.99595,17.06036,14.83907,14.42798,13.43495,24.93348,17.50742,18.9819,25.27875,14.51229,13.47461
01/04/1963,16.11618,16.67072,20.77415,17.10321,9.01828,7.8578,10.57438,11.30698,21.74092,12.99035,16.02487,24.57914,9.77912,11.33551
01/05/1963,12.57441,17.9714,18.05401,13.28283,7.5146,10.6005,9.02774,9.50181,18.80678,9.95488,8.54829,13.32511,9.9056,7.96405
01/06/1963,19.58814,25.29185,19.19467,26.23857,14.3434,12.26769,12.08301,20.75346,19.02861,14.04454,17.3977,19.45684,13.72568,27.82845
01/07/1963,15.43801,19.34246,23.63632,14.04264,11.97828,18.49026,22.01553,11.79328,14.5393,19.01878,15.46218,12.38122,10.10345,14.96315
01/08/1963,29.35487,22.71074,20.62822,20.69006,24.24097,21.99163,13.49768,30.87146,18.75174,18.23467,19.58479,19.65645,13.09668,26.30535
01/09/1963,25.16193,25.32376,33.15898,18.64197,18.79698,12.69962,13.29859,17.46193,33.36557,18.18592,16.18923,24.36713,12.96163,17.09126
01/10/1963,17.5339,25.27655,28.9479,18.06679,13.11181,12.70198,9.05924,13.91884,20.73388,12.29285,13.42,14.01999,15.15897,11.31467
01/11/1963,27.59111,23.3765,36.32585,29.94304,15.96103,17.21111,23.49627,23.38478,27.33748,27.85475,30.41895,36.5714,20.74949,20.48276
01/12/1963,11.37419,15.92707,15.65954,8.72597,4.13383,5.1959,7.16187,9.71997,15.95485,7.76166,13.50904,14.8788,4.58886,9.03011
01/01/1964,9.76644,19.90804,17.41333,12.3558,6.81209,5.89118,6.00125,7.89764,13.36535,7.59287,6.23573,10.96767,5.42142,10.28533
01/02/1964,13.23478,16.6801,8.83827,9.46896,5.78089,6.63295,6.6689,10.01967,9.1127,7.66196,11.83297,10.39065,7.72346,10.22773
01/03/1964,30.57336,15.44068,19.79985,21.31822,30.58217,32.70503,24.80762,28.19591,22.71097,32.6146,20.37721,22.23652,16.43823,32.53168
01/04/1964,20.32092,22.2634,15.43984,10.13341,9.46994,14.95311,15.68124,12.05128,12.79311,14.95294,12.7221,15.78391,9.78717,9.19823
01/05/1964,14.50416,25.1191,20.72264,12.36472,6.41222,7.65102,15.18734,9.15776,20.46601,17.84309,19.25345,17.23197,11.35861,8.74475
01/06/1964,17.30818,16.63418,23.57815,18.434,12.27121,18.42115,25.34465,17.50181,15.29823,22.56603,14.58592,14.46818,15.5818,11.05831
01/07/1964,12.8966,26.58122,25.0774,11.00736,10.30011,7.74698,12.36782,19.52189,28.87635,10.12852,15.86056,31.01655,10.26689,19.85886
01/08/1964,25.27765,35.5297,32.0868,25.69801,14.50021,7.79427,13.87679,16.89808,24.24645,10.70997,11.44574,20.84482,11.14342,13.11949
01/09/1964,15.60848,27.2981,31.3174,16.37012,5.85601,5.80272,5.97109,12.72155,16.15681,7.6414,11.3624,14.46249,6.27272,8.6553
01/10/1964,19.44117,21.80432,37.07452,28.46065,9.25016,9.35113,8.86391,13.09199,32.57971,18.19293,21.47274,21.05942,13.23106,10.30538
01/11/1964,16.43541,27.65794,23.19105,12.53136,7.32275,10.85521,9.6294,8.02481,17.19455,11.69181,17.41143,22.96842,8.3129,7.15993
01/12/1964,23.12009,23.40023,31.0902,19.08499,13.37668,7.77717,9.66071,21.40912,44.97428,12.92592,20.28421,56.22098,21.96661,19.50361
01/01/1965,20.28142,27.74104,29.84297,20.16753,12.88548,9.52965,10.43118,16.17426,30.01382,14.91842,21.65032,29.71602,14.42528,15.24202
01/02/1965,8.19189,17.33669,12.7178,4.21178,4.97204,5.12372,3.97152,10.02745,6.40423,3.47537,2.0065,5.09369,2.96116,6.50666
01/03/1965,13.28657,20.82843,20.39172,16.53207,16.98277,14.0008,11.15057,17.15384,13.94234,13.70464,15.51901,18.52762,16.66798,14.80634
01/04/1965,15.90817,23.81025,24.53233,12.31816,11.40469,10.24853,7.90259,11.91002,20.62903,7.16829,10.09302,27.28666,9.86282,13.23409
01/05/1965,14.31225,20.95247,15.16591,12.98897,10.02434,7.49893,9.72463,17.08921,18.72739,9.68875,12.85686,20.47092,9.6369,11.07851
01/06/1965,16.90187,23.51842,23.87111,15.83786,14.94321,13.82442,14.29814,12.02799,20.33724,17.36541,17.23648,28.32952,15.45724,16.33542
01/07/1965,20.66548,22.00755,30.46274,14.66185,14.32345,15.71946,20.76861,21.98665,25.31081,19.42986,30.39232,22.27834,16.56564,20.09874
01/08/1965,20.72453,21.25204,31.59987,21.85394,10.82073,16.02672,17.45071,15.87529,22.22511,26.44904,22.59032,21.4584,9.50342,16.38689
01/09/1965,38.32053,33.70102,32.81013,26.50291,31.021,33.72512,36.64183,28.37957,34.83001,34.67612,20.58487,36.75885,37.43389,29.39103
01/10/1965,27.89305,31.23913,38.39952,21.63738,8.14068,7.33369,7.91722,18.58889,22.81019,7.63626,8.06571,23.96093,8.47872,14.71495
01/11/1965,20.23689,24.73176,19.05306,21.1377,14.61357,12.19899,13.66485,26.40399,18.07462,20.02271,26.73102,24.99472,15.98849,18.16757
01/12/1965,15.38031,21.01774,23.40428,19.53481,21.07872,15.97534,12.35746,10.48911,27.32197,16.41013,23.80742,42.72521,19.25246,19.61139
01/01/1966,15.56825,20.60033,23.48687,14.38537,8.93315,5.46744,8.38658,8.32441,14.94933,10.37561,19.59159,16.99883,10.87732,10.37285
01/02/1966,19.65828,18.05424,29.10759,21.08069,19.02468,10.49628,12.3678,18.68943,30.11453,17.80976,20.92933,26.69436,15.271,29.03407
01/03/1966,13.36734,23.33562,23.33477,13.34005,6.46611,3.63708,2.48829,7.17919,14.8305,4.64297,12.44339,18.64375,9.28671,9.15218
01/04/1966,19.95148,12.40192,23.09534,18.1114,15.57279,10.04804,15.92667,22.16301,22.04589,14.87432,19.6124,25.24247,14.87178,20.05998
01/05/1966,21.63222,28.28793,20.95647,15.70693,10.999,8.86979,11.80722,17.54487,22.38205,13.95076,15.70545,17.80322,17.97283,16.16566
01/06/1966,32.37707,31.45654,24.41928,35.30202,27.48789,24.73137,29.23481,16.31574,30.45303,24.98592,14.89358,25.86333,17.77342,20.35273
01/07/1966,10.31303,19.33675,13.24269,11.30394,13.79029,16.76659,20.54676,10.3797,15.96228,16.51045,14.39691,21.81962,13.93694,13.5518
01/08/1966,37.59346,19.06078,43.09341,15.32643,25.27822,24.10734,31.57731,37.39827,32.3598,29.32317,26.15964,23.77229,25.58449,25.86862
01/09/1966,17.69179,20.31689,34.05175,22.68832,12.59486,10.49199,9.77853,12.53928,30.1908,12.78919,11.15237,20.70989,11.48273,12.01634
01/10/1966,35.09397,26.75997,28.32779,23.53308,17.63388,14.36718,18.52808,29.51396,26.11758,27.24644,30.53912,29.37391,18.87426,19.75663
01/11/1966,19.71043,26.49204,24.92509,23.82066,12.8206,13.55902,11.38539,13.19986,20.92005,15.04649,28.52703,26.05882,19.04139,15.70641
01/12/1966,27.21579,52.96061,35.14317,20.02108,13.22924,13.477,12.39562,19.25567,27.70684,13.48828,22.1734,39.55332,18.42076,15.78912
01/01/1967,18.04226,21.25164,17.87098,13.48556,7.96843,6.41649,9.11606,8.58464,12.22715,13.52159,16.33554,16.94982,8.64212,10.63925
01/02/1967,27.25656,27.41706,24.45893,14.81767,16.93903,12.23874,14.36485,29.88102,36.18257,21.34965,28.75713,42.96291,19.90258,25.12532
01/03/1967,19.89516,37.50646,19.8059,14.48999,13.16719,11.37672,11.67906,12.4615,15.20815,16.95325,18.2965,17.00568,16.52246,12.75887
01/04/1967,13.52182,17.86683,25.03184,14.25115,12.70643,15.64101,15.50479,11.44384,10.69536,16.42057,11.04239,18.87611,5.80266,8.72216
01/05/1967,25.56143,15.27157,20.26577,18.45406,25.59993,14.73358,17.08644,16.6112,20.34908,20.16694,26.69253,26.30275,23.65026,31.51138
01/06/1967,10.82646,16.73519,16.42801,12.02034,17.47524,19.57489,28.5482,15.9431,26.43718,22.92672,12.2198,16.42637,12.7345,18.21598
01/07/1967,15.00439,15.27152,22.07368,31.73994,11.87468,15.90803,20.14773,29.3979,29.06471,16.40524,22.11251,31.56847,11.84613,20.05328
01/08/1967,21.43712,30.67933,20.36441,19.81526,11.38915,10.34893,10.20879,21.03476,22.92138,13.77074,13.49922,22.80585,12.13925,25.23504
01/09/1967,19.61198,26.43902,26.98205,23.49203,8.13114,9.42469,11.80109,12.67727,24.19768,16.7799,24.23247,29.38667,15.95371,15.69431
01/10/1967,25.04922,31.28583,35.85615,25.9349,32.08272,18.12336,22.52205,41.76674,40.81338,24.45799,31.06032,50.1614,35.69542,37.03635
01/11/1967,25.23458,29.00528,22.09789,25.21248,15.38486,14.91352,17.10938,36.99408,18.23802,21.1932,18.65,20.27773,15.87606,22.63458
01/12/1967,13.55547,24.02949,22.06237,15.70601,9.69379,9.45963,18.41651,14.68106,21.67716,19.27871,22.62482,29.42501,12.73963,12.90135
01/01/1968,20.26132,26.95935,21.35786,29.36264,10.85303,10.32932,17.81032,9.63156,23.0941,17.4094,28.56851,30.82499,18.91645,12.35488
01/02/1968,15.0787,15.39402,17.74339,10.21656,10.5369,8.73128,8.23783,15.67468,21.49581,13.74141,14.67468,17.44101,15.23834,13.95095
01/03/1968,17.65081,46.84263,33.98139,17.80778,6.06771,4.64481,5.17286,18.45565,30.83376,5.68677,10.35424,39.92856,10.80818,22.092
01/04/1968,19.6939,13.4459,14.69897,11.03561,14.63503,11.08137,10.59524,16.36456,18.9805,11.41984,13.47872,18.52534,13.52242,14.31785
01/05/1968,26.73922,24.73153,21.12243,15.89016,13.05528,11.46996,13.23057,10.90591,18.21757,14.86304,18.41394,26.5256,19.29485,16.99817
01/06/1968,12.96502,17.88277,12.80945,20.3562,14.90293,16.12989,12.26665,21.7956,20.484,15.64054,24.95688,26.8614,16.33263,17.64518
01/07/1968,24.1051,25.79972,37.50009,19.53025,60.3724,31.89088,20.10555,22.94786,36.94343,30.67484,48.14332,40.09466,45.36908,28.70409
01/08/1968,19.13373,15.60493,26.11837,23.96031,20.68445,20.61224,13.59542,19.94003,23.11207,16.26494,13.92686,23.20807,13.02708,13.1842
01/09/1968,23.95385,19.38497,27.22873,19.78202,22.99304,46.74416,53.14428,28.89204,39.14498,43.57431,23.45814,26.25993,19.58945,31.65763
01/10/1968,33.31553,35.88259,39.80143,50.19461,14.61472,14.641,15.4404,34.67548,38.12621,19.52214,20.44427,28.83205,14.63875,21.66489
01/11/1968,17.92435,16.31495,31.98421,27.24562,26.76473,11.38107,12.5057,17.69165,16.31752,14.8669,16.49139,25.17573,18.1607,22.03731
01/12/1968,18.23008,15.44539,19.88221,21.37626,9.40419,13.51508,25.44297,26.05877,14.40194,19.8503,26.14211,22.46947,16.22242,14.81196
01/01/1969,22.91643,21.01939,19.15385,19.77411,15.7709,10.18329,9.19016,17.13936,30.87082,14.09866,18.51156,32.05315,14.2133,23.06805
01/02/1969,15.05465,17.95098,16.94174,13.37455,13.33945,10.60564,13.1345,12.9664,15.06059,14.48204,15.71156,14.14314,11.13325,13.28471
01/03/1969,9.98768,8.40364,9.65249,18.09456,20.85095,16.02405,17.66667,21.26036,17.67051,18.36834,22.78635,27.17752,25.95995,21.05455
01/04/1969,20.63816,18.65896,15.68461,14.72826,11.74949,7.04571,4.3085,15.333,17.88078,8.39804,17.0061,19.34286,12.77956,15.24111
01/05/1969,18.8104,14.00245,16.40903,15.25896,19.0787,20.7446,8.58149,17.43287,17.05348,14.05204,19.56242,26.74383,29.7152,13.33534
01/06/1969,18.70299,14.34476,22.14401,17.28625,17.59045,15.51227,13.13076,23.23085,26.80597,11.23118,18.76819,29.24129,10.23049,24.17517
01/07/1969,14.94435,19.02858,20.78103,13.05999,33.75277,28.86623,36.50347,17.42934,18.76331,36.43589,71.91699,33.66821,33.11493,27.65642
01/08/1969,18.48144,23.20907,19.18269,11.1059,15.60427,16.60229,35.90574,13.7117,15.1846,30.21507,24.87559,31.77074,24.37896,13.55909
01/09/1969,17.00071,40.39211,19.96974,8.47538,8.54176,1.78267,1.45804,22.29986,24.77524,8.3534,19.99394,22.02538,13.38067,18.93861
01/10/1969,14.94366,31.1434,21.93103,11.65563,3.59442,3.11112,2.42966,4.67962,10.14575,2.24082,6.11902,13.75583,4.39399,6.30433
01/11/1969,28.64652,26.47923,29.32806,47.66029,27.36007,17.43366,17.55248,28.40835,33.115,22.00552,31.76037,34.88717,18.75893,26.24293
01/12/1969,20.33481,17.46771,33.46085,18.4513,11.99439,10.60827,11.12637,10.80524,23.345,15.27104,18.55709,31.12579,11.32825,12.89215
01/01/1970,20.35985,12.64622,19.85676,17.59806,9.17299,9.97772,10.51484,16.09352,18.68359,14.90234,20.54216,25.38633,11.68775,11.667
01/02/1970,25.69778,30.64584,28.39546,21.89434,8.55327,9.05428,8.53606,14.14526,18.6647,10.56593,16.46951,19.312,9.70708,12.02152
01/03/1970,11.14101,24.50699,15.57028,13.10102,10.96729,11.8511,10.88033,9.96529,12.72646,12.66807,10.77628,16.39993,12.53207,10.88832
01/04/1970,13.37625,16.06375,24.37257,13.35189,23.9344,12.69614,11.42857,13.33346,29.35425,10.9084,15.62721,26.0839,11.87198,29.61232
01/05/1970,11.03619,16.39485,13.48249,7.71263,5.5472,9.09688,7.6746,7.33378,7.33964,8.20637,11.69969,9.78916,7.77088,4.92915
01/06/1970,19.79238,26.37894,17.69234,13.301,11.9238,12.58142,7.30471,9.32432,15.9113,9.41987,12.38254,17.04235,18.2199,10.2064
01/07/1970,34.75988,30.00457,28.8825,19.02012,13.12727,8.63537,9.7735,18.6212,20.33017,11.2794,15.34821,17.41155,10.05612,17.16542
01/08/1970,37.9976,38.19463,36.15245,70.10377,31.07003,14.30504,16.55372,28.38281,26.27269,18.83658,25.49588,33.34686,44.44459,20.5126
01/09/1970,18.0046,20.8959,27.83477,19.41397,9.8734,15.33682,15.67022,10.58028,21.76497,19.85949,20.26154,21.00844,9.59876,12.7237
01/10/1970,20.76809,37.20646,33.81092,20.85026,12.39515,7.81421,3.52109,14.88271,26.91459,5.44424,10.28464,28.64582,10.08119,11.78818
01/11/1970,24.1803,26.29101,34.65768,16.99398,19.37253,31.4866,31.88067,16.4345,29.14784,27.53021,29.93611,35.61682,23.93199,21.23742
01/12/1970,14.25886,18.53184,17.94824,7.17406,8.09925,10.6694,11.21445,11.15616,11.58111,10.39322,11.65751,15.12771,8.00606,8.46616
01/01/1971,22.44013,24.91473,20.78868,14.48165,14.45588,14.84045,11.39085,16.0863,14.21661,15.5638,21.78061,22.76738,13.08179,11.92535
01/02/1971,14.75815,22.97313,23.0456,14.80437,5.84201,4.915,4.5225,10.28184,20.97804,8.60354,9.85254,20.12489,6.54756,12.2912
01/03/1971,22.76184,18.779,19.65677,13.56872,12.12355,9.73424,15.00057,23.32642,16.1693,18.41224,23.85057,22.99183,14.69483,12.7786
01/04/1971,32.66252,13.8521,31.44396,32.43796,26.4893,12.65367,19.0018,33.99355,27.89009,21.8755,21.53001,27.12641,29.94609,35.56916
01/05/1971,20.42442,15.33832,12.45922,14.44099,9.02487,9.54498,23.22058,13.94555,13.42867,12.92541,11.74029,15.42477,13.85517,10.67665
01/06/1971,11.65715,13.78434,13.45058,19.71866,16.18107,20.86163,33.00165,15.97311,18.74816,39.91052,41.4147,40.91585,23.55326,13.33842
01/07/1971,27.05905,22.25792,22.50316,15.97643,13.3771,16.56444,12.74532,17.30797,23.11515,12.04582,10.83383,19.79384,11.93763,15.63301
01/08/1971,20.83883,24.05312,23.93291,25.58882,20.53564,18.91339,27.17115,43.41033,35.32005,19.08599,19.39361,35.47303,28.30172,30.89962
01/09/1971,12.32224,14.6243,14.37571,11.99196,8.86522,9.06985,8.11984,4.77506,12.79559,6.52407,7.02013,19.11762,11.07324,9.63876
01/10/1971,18.40004,56.10143,32.49146,10.68555,16.52903,15.88832,18.00408,11.80839,32.28637,20.32988,21.47995,41.21053,26.21083,21.70817
01/11/1971,19.99744,37.76741,31.90014,32.63117,18.75573,14.28565,15.0935,18.57537,30.0352,17.9033,26.57483,37.01104,18.42869,20.40109
01/12/1971,13.91436,28.68953,20.3644,9.51761,10.80083,8.45546,8.52603,6.49187,10.68844,10.33686,15.82277,18.06638,10.65525,9.17677
01/01/1972,22.24857,18.21487,32.62398,18.99425,11.92458,14.63349,8.38415,20.78338,23.35724,12.25709,20.51741,24.52407,13.88961,18.8533
01/02/1972,19.83418,16.98186,20.36395,18.79729,9.13607,8.0068,8.71665,16.90153,17.33644,12.16204,18.70394,25.83074,15.48593,14.01743
01/03/1972,12.3982,12.08781,17.19306,21.57335,13.67941,7.52964,11.62212,16.18258,21.33124,16.94641,19.13167,23.21305,13.76713,12.28382
01/04/1972,14.93909,24.14818,31.74461,12.97189,7.79329,8.01208,8.32636,9.99365,21.25379,10.76397,14.41512,24.10417,9.24368,10.52668
01/05/1972,24.02228,22.27207,29.42654,17.48772,9.77241,6.95607,6.85322,12.58736,16.52148,8.37938,15.46829,22.17828,11.255,14.38274
01/06/1972,14.31625,20.42852,25.01102,17.24331,13.60271,8.25574,5.35069,13.53264,26.06232,8.80016,20.39074,26.7762,11.81091,17.80771
01/07/1972,14.51728,10.81322,18.53204,16.73968,17.15955,14.57753,10.15502,13.21191,24.6161,12.30349,12.7807,24.2118,17.64472,13.1512
01/08/1972,14.25121,24.40323,19.10964,24.64907,8.43844,15.03117,14.08349,9.91122,13.1775,13.41986,14.88073,19.57947,10.68977,11.26672
01/09/1972,5.90821,13.29861,8.84495,3.62936,38.20686,18.84842,15.81549,11.79028,16.12633,21.76386,28.18986,35.57779,37.92914,24.80653
01/10/1972,10.75535,20.05605,19.43648,15.42182,8.04553,3.48276,9.66571,8.7739,16.79116,11.85177,23.21794,20.91291,18.09552,9.24593
01/11/1972,21.41149,24.91005,30.03194,19.01658,17.22648,15.72384,14.56391,18.95824,36.43153,17.83616,21.89904,34.52542,14.68908,26.11505
01/12/1972,20.40783,23.0175,27.33076,16.60267,19.85414,13.22039,15.39295,12.13817,25.83414,21.07005,33.23153,31.28653,20.55395,16.8716
01/01/1973,20.83877,19.0448,28.64839,31.3577,10.50986,4.12507,4.87905,14.49302,20.77094,10.4796,17.4752,17.90637,14.98379,12.26172
01/02/1973,9.19609,22.7942,18.62275,13.52538,7.00624,6.01845,5.11318,6.64126,12.86827,8.06807,11.81502,18.78827,8.01121,9.0342
01/03/1973,9.25211,22.36841,16.85493,7.08939,6.77753,4.61363,3.88301,4.90524,11.04953,6.02903,6.40686,12.46613,6.22767,5.31209
01/04/1973,19.21273,21.66771,24.42003,16.83977,14.11588,13.73058,12.6877,14.11169,23.69543,14.77585,20.2472,31.5129,14.26806,19.76229
01/05/1973,19.08953,21.14327,22.81807,17.72868,13.61519,13.85822,21.74384,19.52731,15.81873,15.76228,19.44615,19.62086,17.27804,10.42782
01/06/1973,23.99004,35.24602,29.98748,13.75324,39.72418,33.17726,38.3578,9.32566,13.49062,33.64212,26.93006,11.2967,19.70091,23.61054
01/07/1973,20.33945,24.00595,19.62448,22.29759,41.99884,19.79083,14.60292,26.82952,29.96353,18.84571,21.76667,32.69712,27.32171,48.16805
01/08/1973,13.56291,26.85768,18.21506,15.30614,16.41699,8.7239,17.28935,23.51399,33.40104,13.98776,30.708,63.52511,28.40932,26.04565
01/09/1973,16.95655,30.27397,25.08778,19.96158,16.45109,21.9386,49.15324,14.94507,18.93084,39.39723,18.11059,37.97412,16.94557,20.41846
01/10/1973,16.33007,16.38295,18.41182,17.25434,11.61488,8.6539,7.8751,11.23661,19.01988,15.51771,21.24983,18.20803,10.42792,12.29307
01/11/1973,19.57057,38.53974,25.26783,25.07777,9.33276,8.92795,7.18042,8.56964,21.13189,10.59238,15.79296,30.1918,15.13292,11.46035
01/12/1973,30.18778,28.16573,32.58373,22.95228,15.55929,10.53598,9.86341,19.6889,24.08812,9.96862,15.56111,20.77564,10.79924,15.18952
01/01/1974,30.03549,32.9358,42.64538,22.28012,11.00137,8.27212,10.03823,13.61331,20.47125,16.20771,25.67983,34.0551,15.12544,14.86619
01/02/1974,19.1594,26.02199,20.47999,16.22908,11.29607,11.19157,18.62841,11.80936,17.75104,27.1477,29.93471,26.5169,14.23049,12.21521
01/03/1974,13.83509,15.45272,19.41357,12.9941,7.16609,8.1077,19.63345,10.41398,17.03337,13.11242,12.44186,16.58179,9.78717,10.54071
01/04/1974,13.71497,5.79175,6.79011,15.38511,4.88135,5.38816,5.94054,13.02611,4.79406,7.606,7.10951,7.96839,5.08164,10.09273
01/05/1974,14.41966,18.70541,15.57542,17.24694,7.07963,5.65082,9.30814,8.25277,11.15617,8.20132,17.48466,18.5473,8.58049,7.59826
01/06/1974,15.71698,14.90503,17.38566,15.08791,17.55052,16.49489,18.50886,11.43511,15.81677,23.22854,22.35985,21.53227,17.5563,11.44626
01/07/1974,17.74058,20.16071,17.52393,17.15727,19.89625,13.90208,7.91154,21.18055,24.47005,12.71708,16.37029,29.348,20.43157,19.32633
01/08/1974,17.00423,17.02467,21.33981,15.4957,21.56314,17.55642,14.91076,13.43889,18.51201,20.4698,24.61026,19.64785,15.72091,15.73287
01/09/1974,16.15002,23.18325,24.89396,22.76722,13.53499,17.42942,27.96649,15.24435,25.74484,30.59397,31.95863,32.05222,16.34613,20.49953
01/10/1974,13.73736,21.03025,15.6621,11.98857,17.46785,15.70554,14.57458,12.19639,16.77573,15.91181,16.62519,20.30097,9.73992,16.40353
01/11/1974,30.21279,32.44203,28.31499,18.44399,17.41398,24.20514,31.12427,19.44887,24.94881,31.27857,21.63304,33.72701,18.87218,17.50296
01/12/1974,19.30452,28.00095,26.15598,15.25352,8.88726,7.15809,9.7042,16.69951,22.11376,14.43814,18.64478,24.60541,11.39598,14.60707
01/01/1975,23.54174,29.95739,31.84957,18.46406,10.88131,12.24225,15.80107,11.25441,25.79206,18.70417,24.33669,30.80327,11.57683,12.21927
01/02/1975,12.25281,13.71112,17.68014,10.56157,8.43139,7.48711,11.1793,10.48011,14.02658,10.06322,9.81282,14.54367,8.64964,6.61977
01/03/1975,11.56168,14.77829,15.57054,10.74997,16.38252,11.08174,10.70141,13.08271,15.49676,20.15693,18.09582,15.91696,15.28596,12.13474
01/04/1975,14.78486,20.4676,13.83832,9.38695,15.76931,14.92036,15.72188,10.08103,17.94702,13.74012,10.7288,19.80598,10.60351,12.16119
01/05/1975,11.2564,17.52814,11.34273,6.71557,13.50153,19.27567,35.63175,18.77633,13.47516,22.95269,10.43969,15.42839,10.08492,13.0332
01/06/1975,15.69699,19.77587,22.09998,11.35788,7.31734,10.4495,8.25936,15.44943,9.67567,6.75751,4.44791,9.87012,5.48423,8.3502
01/07/1975,19.62608,21.15456,23.1944,16.05967,12.07285,10.81829,6.86566,15.18374,28.83129,13.85413,24.94893,22.16004,13.07592,23.39983
01/08/1975,22.63969,24.08551,19.87605,11.61647,11.85571,6.7745,6.90132,32.78271,21.61968,9.26654,16.87593,20.70246,13.84332,16.77916
01/09/1975,38.8839,37.85683,37.75604,22.0062,12.46633,28.90475,43.92728,27.00925,34.06794,38.77783,38.11276,30.16823,13.2362,14.44963
01/10/1975,12.73773,20.58122,25.33452,22.9303,10.92761,5.91312,4.74798,8.68513,18.60986,7.92443,11.84252,18.86317,10.8035,19.22244
01/11/1975,20.66103,31.15183,24.45269,13.41825,11.58465,14.43526,20.17537,9.2596,15.80504,19.22409,21.72035,23.03969,11.14464,10.38451
01/12/1975,12.24976,26.12727,17.17071,7.89743,28.89648,13.44702,15.48118,10.63857,33.3592,18.62638,20.53143,40.57667,24.17889,29.95765
01/01/1976,21.58544,32.87569,28.92554,21.09855,11.84208,8.8928,6.91887,13.85406,23.20594,7.20103,11.85365,21.8097,9.22604,18.52379
01/02/1976,14.78236,29.46331,19.36139,13.16356,5.24653,7.90522,14.30045,10.74438,18.2253,15.3523,16.1003,20.78723,10.09355,5.73387
01/03/1976,23.22344,21.78261,28.40867,16.90963,6.15964,4.53882,3.74317,11.99511,20.19064,8.50244,25.10751,25.00042,15.96864,7.243
01/04/1976,12.42208,16.30691,17.33758,8.9148,5.89495,7.41621,7.48476,10.59767,17.31413,5.43573,4.18435,10.68536,5.54011,7.4802
01/05/1976,20.49664,17.14008,25.39531,14.35315,10.80532,7.21363,6.13303,15.94781,17.82638,7.21983,10.67729,16.2594,10.35365,17.40621
01/06/1976,9.83453,16.50042,15.2199,19.11808,5.24891,9.85064,11.08942,5.56493,12.19881,9.02963,14.17756,12.48562,8.47658,4.263
01/07/1976,13.77598,17.4085,20.1702,14.10731,9.83873,19.75478,17.21425,12.04885,14.46186,16.20228,8.49984,13.53921,9.49032,9.98094
01/08/1976,10.56391,8.89752,8.4725,8.8697,18.12683,21.68274,4.51888,12.63569,8.72226,13.91729,25.82606,12.95606,18.92664,10.41641
01/09/1976,33.65679,39.00843,27.91682,30.51726,30.01361,19.67596,22.19196,57.80829,33.67059,24.89482,36.06351,46.88684,43.53411,42.87884
01/10/1976,33.71801,34.03615,28.31603,38.99474,15.81167,17.55352,19.49059,28.02374,21.59418,19.95975,28.01567,32.25052,15.81902,35.13737
01/11/1976,21.30396,22.051,27.69494,14.73282,8.8615,19.28403,22.25239,7.83296,17.21529,23.57162,20.3046,19.97162,9.03171,9.37947
01/12/1976,17.86432,15.38684,23.56948,19.25489,16.65462,13.68695,13.24915,14.25642,15.10796,17.0373,20.27368,21.5727,15.56597,14.53923
01/01/1977,23.85789,19.22147,26.10886,22.41606,20.57148,14.48324,18.29195,24.94331,24.1889,21.48592,24.48387,22.54945,20.32109,21.19695
01/02/1977,28.58577,15.53239,31.37854,25.16877,23.55234,14.33379,11.45064,16.28989,23.10421,15.88654,21.51138,33.78521,19.24138,20.51378
01/03/1977,19.04312,21.70254,35.37159,16.915,7.42984,7.47571,9.9647,9.94157,15.22026,14.08057,17.9087,21.32088,10.08799,11.2824
01/04/1977,12.92163,24.16129,25.86768,13.35207,9.07114,8.51014,7.25773,8.54207,17.21668,8.68942,8.74397,17.66996,9.12588,9.75204
01/05/1977,17.26142,36.51491,18.00239,8.40751,12.29754,8.55875,8.6,15.00765,11.84686,10.65158,18.81243,16.13109,14.69553,16.4066
01/06/1977,19.26201,14.5901,17.70335,11.16473,14.34741,15.55267,24.82649,25.39824,21.65408,20.64338,22.94469,27.45714,23.67272,18.91363
01/07/1977,13.91602,17.99476,18.46963,10.93409,5.15951,4.19986,5.50502,5.93156,14.46778,7.4469,12.17904,12.66612,4.36041,6.88134
01/08/1977,23.37827,25.56352,28.67534,24.31805,18.90976,21.37238,45.22727,14.79251,24.18068,34.09614,36.21294,30.26305,26.7595,13.79115
01/09/1977,21.83532,24.05153,34.38451,14.03142,7.23803,7.71951,8.19666,8.92836,22.42338,7.13514,10.63278,22.82309,7.08298,11.3874
01/10/1977,36.73435,26.52795,53.95924,21.58681,6.82765,6.66372,14.3922,17.31761,39.11817,11.97385,18.21734,44.07724,9.63278,13.93431
01/11/1977,20.90807,31.45279,25.56871,15.71938,20.56503,12.70081,16.8995,19.56554,20.92299,19.37323,21.82521,36.56738,19.18768,17.65471
01/12/1977,18.62787,13.59479,25.93084,17.23715,15.86474,18.65408,21.69441,18.22856,23.17654,24.27425,22.9711,23.72364,14.17542,16.71185
01/01/1978,30.13058,28.19047,26.47874,23.59893,14.88338,15.67436,20.87663,22.99053,20.68365,18.91752,27.28943,22.98793,16.33657,18.36162
01/02/1978,26.08049,17.6766,26.72015,19.35958,10.42911,10.76286,9.51246,15.4823,16.94572,11.54984,20.55586,24.29232,12.30497,12.79356
01/03/1978,18.55262,24.25613,23.67949,15.05119,10.14606,13.2296,14.50554,10.31793,22.7125,10.56421,14.19429,23.03035,10.35526,13.17106
01/04/1978,23.79834,12.08277,7.28229,8.08464,10.00846,13.5829,9.9118,15.39282,7.59525,10.26829,10.50034,19.02428,8.26165,13.84575
01/05/1978,13.09989,11.77402,5.60211,7.5029,24.53953,24.26907,29.39294,16.36443,8.95093,20.4816,16.19417,10.15706,16.71478,16.61034
01/06/1978,16.33193,13.63639,20.63459,13.36788,26.46676,17.13523,12.00312,11.86705,17.64855,11.22402,11.99161,16.38496,14.61486,11.25936
01/07/1978,26.61938,20.42501,25.58821,16.99886,17.48934,20.12624,39.5893,17.09757,18.56583,32.78993,31.61551,27.21198,21.54388,20.94791
01/08/1978,20.42217,17.15766,18.42462,16.34928,13.87859,11.49078,11.50026,21.69137,22.23645,12.42605,12.29114,24.32921,11.94421,14.13083
01/09/1978,20.92847,28.54413,39.07412,22.07787,11.95937,11.26083,7.78164,13.84835,26.10255,7.93855,7.08192,18.10732,11.94877,15.99516
01/10/1978,9.65474,28.07094,16.8455,9.55833,3.39174,2.26926,1.12339,9.23421,12.05704,2.34887,3.75634,8.72991,4.76383,5.17018
01/11/1978,26.04848,30.32031,30.60698,22.82334,8.46252,5.90352,5.49114,12.60326,26.02084,6.19277,18.71375,28.54662,9.71255,11.49795
01/12/1978,35.9759,15.48027,24.83342,34.87214,21.70149,15.61861,18.89993,38.10171,29.49143,21.2493,24.62492,28.30564,18.10643,35.26455
01/01/1979,15.21155,19.65485,21.71758,16.79562,11.82532,10.8261,9.40234,17.40132,18.34616,13.27085,20.56121,22.9726,20.4471,15.53304
01/02/1979,7.45439,19.57299,12.11516,7.06237,15.26006,13.95812,13.31464,11.43031,12.45701,13.52605,16.55735,22.15877,16.39984,13.4025
01/03/1979,23.15473,37.61693,31.35844,20.82389,16.85395,16.84075,19.77153,37.79644,26.51829,18.0717,21.35981,29.90547,17.90737,28.87534
01/04/1979,16.06224,16.40449,18.08052,14.07955,14.86593,12.29836,19.63393,8.06246,14.9464,16.73086,13.102,16.37941,12.28223,13.63883
01/05/1979,15.48058,16.69912,13.58595,12.64058,22.92361,15.70777,20.1645,18.03636,16.94691,20.09603,24.12986,31.66578,22.85622,24.30628
01/06/1979,12.18949,20.52119,13.89781,13.00861,7.81648,9.91059,12.53419,9.48265,11.14906,11.4935,13.72067,12.25146,8.40568,10.26696
01/07/1979,15.49349,21.60185,18.17031,11.19572,15.84478,9.73478,10.47077,10.61845,13.63215,15.78869,18.85708,15.85597,9.69185,14.51061
01/08/1979,23.18545,21.15653,31.31268,21.28118,23.431,15.7323,14.9417,15.5354,23.01674,17.41155,22.71012,30.97385,24.14099,24.16612
01/09/1979,11.56205,23.84579,22.54071,19.51251,13.12743,10.22478,9.14078,13.91027,18.70862,8.09406,11.24452,17.92113,9.86488,10.68655
01/10/1979,34.24852,24.18627,28.96418,26.49236,20.75624,16.19435,23.0995,17.78695,17.77786,18.2383,18.14963,22.21732,12.34306,17.88338
01/11/1979,22.84623,32.14536,35.15611,32.76369,11.59218,10.39748,9.99471,24.94608,32.99907,11.54678,12.74615,24.88186,9.46354,19.10005
01/12/1979,30.04282,30.14951,37.7479,19.30382,24.34723,24.06657,33.4008,21.60392,40.834,42.12168,48.58593,53.84193,31.90619,24.62162
01/01/1980,21.89456,23.21879,26.75375,21.22877,16.17003,15.38729,12.71164,12.70028,22.01925,14.55371,18.83582,23.64173,13.62776,16.64545
01/02/1980,16.48635,14.81338,20.06152,20.90799,16.2719,7.86371,7.96718,15.42408,22.36701,10.68525,19.38458,30.83578,14.00959,16.55242
01/03/1980,22.95625,18.956,17.3883,17.47723,17.95478,14.71647,13.6977,22.04565,17.3005,11.90417,17.77011,25.92493,17.09097,21.88408
01/04/1980,3.52779,5.8336,4.32244,9.00482,6.35992,9.83684,12.76317,4.30208,3.33842,10.453,10.99544,8.34065,6.33371,3.60661
01/05/1980,10.02648,6.84159,8.4291,9.76164,15.53665,8.07953,15.57498,9.5417,9.23549,11.77071,12.58375,13.93582,12.4656,8.12272
01/06/1980,27.89431,24.97325,28.47784,17.63792,22.42961,26.28593,18.16856,35.07918,23.49144,20.25059,25.58344,30.33366,17.02422,29.64364
01/07/1980,19.34309,30.82346,32.11921,15.79877,13.51456,15.89789,20.73415,16.96382,19.56475,19.26093,13.6603,20.5254,19.48903,12.55548
01/08/1980,26.11526,19.97215,35.32046,14.39911,40.56143,20.78072,16.50308,21.99449,22.89471,29.63469,19.99844,25.94866,21.67485,31.07155
01/09/1980,16.26645,32.09598,34.97679,18.92847,9.60923,14.16256,10.06466,10.34115,18.94484,26.6733,26.50577,22.5618,25.33867,15.93312
01/10/1980,19.82766,32.00997,34.21432,34.77167,22.24034,21.30678,36.37674,15.6745,40.42507,28.36624,27.33231,38.34826,18.55357,23.90155
01/11/1980,20.40737,36.72914,26.07904,15.56136,13.11001,9.8729,7.49764,13.83234,28.83654,14.01545,28.65235,35.67642,11.49916,16.42632
01/12/1980,20.6316,34.48854,30.56015,16.42257,8.81484,9.03395,9.37582,12.70595,30.81206,12.00243,15.85658,30.37772,14.94142,12.05136
01/01/1981,13.32095,27.88422,31.55467,16.73667,8.72491,7.07061,5.24828,7.9955,20.00577,6.18497,12.39802,17.41479,8.35599,11.17363
01/02/1981,21.83858,25.90194,28.96749,23.16942,13.9242,7.93279,6.40194,17.98787,31.18452,9.03945,17.52008,29.43123,12.67859,22.73791
01/03/1981,20.30872,21.27707,26.59829,19.92066,19.84244,20.46117,13.28012,28.31389,33.77634,16.89002,28.85846,52.17949,21.49092,26.8967
01/04/1981,8.48192,11.35766,13.71898,15.24738,29.29954,25.66135,11.61029,25.68524,21.03177,17.79748,16.81575,17.78693,17.71371,37.34169
01/05/1981,11.6656,11.83071,14.2326,25.21048,10.28204,11.97962,12.1595,9.34221,13.80177,13.4211,16.16188,18.03805,12.58744,12.55247
01/06/1981,16.61378,20.82136,18.27673,15.31238,13.46697,10.34483,14.72367,11.86601,15.51399,18.09041,19.72431,20.67503,18.24074,9.36161
01/07/1981,18.34597,13.52172,22.971,21.11124,9.96506,17.3542,23.24194,21.91637,16.3765,16.55095,18.29926,16.95573,8.13505,15.44485
01/08/1981,7.76586,17.44899,15.60512,10.5157,25.78847,19.92298,32.87917,10.91229,23.90922,23.08182,14.41736,17.32066,24.10626,26.77641
01/09/1981,47.68688,45.95435,43.76789,31.88794,20.77643,15.68152,19.99288,26.12696,28.07039,29.76506,33.10961,37.39296,24.53813,22.02652
01/10/1981,38.1002,37.00976,42.02289,35.45605,18.50866,17.98013,19.07473,40.27118,35.63363,16.59581,21.78106,35.0675,18.45544,20.33033
01/11/1981,21.45177,42.51058,27.96082,18.78129,7.51508,8.78573,11.65019,14.95464,27.92326,12.56522,13.88181,27.45085,9.04109,14.29491
01/12/1981,17.78965,22.33918,20.29242,18.83573,11.71094,10.84327,16.90578,14.77326,14.66189,18.36995,28.11183,23.98667,15.87363,13.89947
01/01/1982,28.45114,31.4057,39.11773,24.00626,9.00859,8.09574,7.26391,28.20216,36.32956,9.72659,16.62429,38.69708,22.22188,15.31112
01/02/1982,16.32169,18.97766,24.05948,16.95287,7.79325,5.28226,6.78242,7.25409,17.48286,8.96902,14.33975,21.12511,8.79484,6.9878
01/03/1982,24.97093,26.87969,29.69321,15.41592,22.3464,12.00433,9.08927,12.15532,30.62069,17.80897,26.84825,34.50776,21.05668,25.05156
01/04/1982,12.7497,12.70292,10.04085,6.9694,8.27524,5.3099,8.46291,6.01013,7.94829,7.66471,12.65267,16.27948,12.95125,6.10183
01/05/1982,23.33913,26.74926,30.7982,12.78883,10.28773,16.05879,21.06208,17.4505,20.10224,13.64575,10.21059,16.02977,6.88585,12.46174
01/06/1982,18.49311,11.34619,20.10848,22.76272,30.86373,17.66372,18.34804,27.31609,23.54466,17.12711,21.42701,25.8674,20.3525,41.7173
01/07/1982,15.58129,17.33316,15.91104,4.83487,8.74439,10.33926,13.28794,20.38701,20.6225,11.13983,23.65813,21.23305,23.77498,9.74467
01/08/1982,27.66264,34.08706,19.7831,20.54341,22.55461,13.16704,10.32581,13.64222,25.0858,12.40431,16.21145,27.06274,22.83853,21.52496
01/09/1982,27.44697,28.03815,33.42677,15.40549,14.64659,14.80107,16.85768,13.27475,20.14196,13.68342,20.44128,31.93696,20.33308,13.27536
01/10/1982,29.56403,23.22876,34.00179,21.52965,17.81707,34.13976,32.90468,18.00864,21.80333,28.18225,23.37612,27.99212,11.93775,16.28817
01/11/1982,25.5535,29.98231,34.5668,19.48809,14.27252,17.17968,14.36276,15.25703,22.71307,19.28883,27.37507,31.36561,15.47799,15.42263
01/12/1982,31.09341,29.72679,37.1485,22.9392,16.169,17.37699,20.28544,19.5974,28.48223,21.44163,25.15551,34.22385,18.02517,16.33879
01/01/1983,21.73996,28.46591,24.85077,13.72888,12.69801,9.11905,14.43825,13.85264,22.37082,17.23779,26.21209,31.12061,13.75162,12.69464
01/02/1983,16.00048,20.15042,22.58858,13.73064,7.58298,8.65252,7.93385,15.18738,15.60272,7.53704,7.68925,14.28213,5.4817,10.41391
01/03/1983,16.09759,24.61943,22.54602,13.7416,7.71504,7.12042,5.28833,14.63427,19.31783,8.38424,11.29769,14.88076,7.25561,13.79629
01/04/1983,22.16907,12.3121,14.30609,15.11518,19.80753,14.09794,15.29844,24.08954,17.3048,13.93654,18.44971,18.67307,19.94605,21.79281
01/05/1983,24.76023,14.45518,25.13482,13.698,21.33609,19.45821,25.11815,27.19527,19.2487,19.23346,19.69517,22.52269,19.19244,18.41675
01/06/1983,21.84148,19.41614,19.47596,14.65095,6.65304,10.88453,4.80897,19.60899,15.56067,16.14438,12.8918,21.52659,7.16283,11.79182
01/07/1983,9.96434,17.25519,20.28181,8.5099,26.61966,12.93875,17.18544,15.76438,21.15017,13.77924,12.77868,12.09416,16.83187,14.96007
01/08/1983,9.78718,19.25507,13.34624,8.45588,6.7425,6.87966,7.17227,11.79144,22.1321,12.50407,10.75195,30.15905,13.10846,16.86688
01/09/1983,25.38904,32.95135,25.8751,18.9268,19.86901,12.37539,8.36111,26.12623,22.53619,11.50155,19.67242,41.20323,21.24142,23.8247
01/10/1983,20.6142,32.85907,31.11872,17.52492,11.41167,10.84965,16.39586,18.06153,32.86606,23.98947,23.20825,34.50275,17.00575,16.50283
01/11/1983,8.61726,13.94036,12.76678,10.76267,24.03114,29.49442,24.4681,8.72341,28.63033,23.11523,22.1235,30.59555,18.91736,17.82842
01/12/1983,26.01483,45.35949,30.24057,27.97571,13.0555,8.88723,9.26489,26.80998,37.03999,15.1522,24.38429,36.61814,15.07805,38.60362
01/01/1984,25.70529,27.422,31.82627,20.72984,15.82219,15.00997,11.67229,20.83063,24.72863,17.09425,25.86773,31.43554,13.5041,23.96618
01/02/1984,14.89626,18.78654,22.29061,20.76981,10.53076,9.26503,6.65955,9.30234,15.76764,8.48161,14.50048,20.74652,10.58558,13.05355
01/03/1984,34.41376,24.60283,24.54554,30.53366,14.31442,10.74561,19.43684,18.46699,14.31526,23.87803,24.8149,21.08681,17.32994,16.11247
01/04/1984,7.15539,23.57405,16.94691,8.34905,3.37352,4.76578,2.88241,4.95643,6.32889,1.8207,3.02099,4.73971,2.20595,4.45681
01/05/1984,10.91673,6.36211,5.9818,7.37293,23.70117,23.71095,19.27916,6.71576,10.07617,20.48212,21.80731,14.1558,17.43192,15.45485
01/06/1984,16.75446,15.64417,16.08152,12.71348,11.04525,15.91328,9.48146,15.86731,20.77549,9.39974,10.1193,16.02138,12.94601,12.82414
01/07/1984,13.46942,19.96381,20.0544,16.93325,5.88411,8.91214,6.45104,10.09442,10.64564,11.2957,10.17175,11.41937,9.03227,7.1238
01/08/1984,11.52565,18.87592,22.86489,17.79294,18.54337,14.83806,9.83701,22.20477,20.3722,10.67681,21.97807,23.54955,19.75547,17.98351
01/09/1984,28.419,29.40582,30.80862,16.52267,19.51534,23.57878,25.78824,27.42585,31.8471,20.7669,23.49752,33.83454,18.4425,39.20335
01/10/1984,27.76188,35.74845,34.21208,20.33581,9.90616,16.05389,31.90436,13.48586,20.03713,20.24058,20.87584,28.96789,13.62706,15.17454
01/11/1984,50.9425,31.95934,36.24201,17.69911,18.63464,17.20206,14.42588,35.37207,34.36995,19.88427,23.6945,32.43325,24.63901,24.57939
01/12/1984,24.08524,34.03742,23.79927,16.12494,6.97862,8.64908,11.76679,8.49176,17.11441,14.96964,15.7087,23.32061,9.62114,8.05677
01/01/1985,20.26935,28.63547,18.9176,15.98884,12.13879,10.28023,12.87421,12.51525,15.0539,14.52064,20.30995,18.71578,11.34031,13.47163
01/02/1985,7.93392,21.69826,17.0037,12.3623,6.25542,7.78494,10.86456,3.97558,7.539,13.76404,16.73003,18.7803,15.19366,1.93504
01/03/1985,17.19755,17.23554,22.09678,17.13496,8.29721,7.44945,10.61763,16.62782,16.98465,9.41312,14.27818,22.84665,8.59502,12.20769
01/04/1985,13.9103,19.53119,17.64415,11.83954,14.45179,11.57316,7.86554,11.19515,17.30897,10.10066,13.43857,19.80252,14.55452,19.75341
01/05/1985,19.71527,20.08164,20.31606,18.06023,19.90176,14.64562,25.76339,23.76852,25.54139,23.23357,15.92104,17.84262,19.76697,26.66513
01/06/1985,19.51572,15.36227,16.61498,15.03718,23.63349,20.14191,17.72022,12.15637,19.82635,17.56004,22.13763,32.69522,25.98162,12.72736
01/07/1985,38.75776,24.56505,28.50243,29.92592,13.05255,12.16887,13.63361,27.33291,27.47484,12.3396,15.42106,18.47484,12.01913,22.6471
01/08/1985,27.34623,31.84454,33.97702,23.45991,12.63026,10.2571,17.36305,24.00933,26.68156,25.8511,27.62054,33.11219,15.5097,22.73601
01/09/1985,32.7585,31.17322,47.72788,35.34383,6.45595,4.93632,3.65902,22.53308,28.29202,9.72836,18.24191,20.12844,7.97148,13.42995
01/10/1985,12.62681,21.12686,21.55347,12.65063,24.65524,7.06379,6.22919,7.77939,22.87209,12.66852,25.9255,36.74194,30.66018,23.92416
01/11/1985,28.84041,31.80969,37.15935,18.02744,14.9195,10.35035,11.05929,14.59077,22.03911,13.84586,13.55675,24.17791,18.18306,13.95129
01/12/1985,26.98878,26.844,36.18533,17.37962,18.78789,20.83393,28.99504,17.43416,35.68451,26.20262,31.04979,37.34344,18.53046,19.09942
01/01/1986,20.85858,29.27127,26.41995,18.51602,13.56868,10.15563,20.1226,16.87453,21.11899,21.51624,24.98346,27.00121,19.84589,19.11477
01/02/1986,9.32941,5.32739,2.56326,1.91671,10.93992,5.72669,5.68233,8.45954,2.25169,5.82785,3.34452,3.95578,3.3938,10.09858
01/03/1986,14.76538,28.47937,26.30547,15.00534,9.88081,8.66492,7.8064,13.95135,23.05793,11.71441,15.09719,25.09285,9.37256,13.83336
01/04/1986,20.44434,13.68734,23.88143,30.59957,13.31759,9.59668,9.11166,30.99447,19.53861,11.67236,14.15965,26.83375,13.87937,21.71516
01/05/1986,20.43344,20.85053,25.45742,14.29023,24.31946,14.08283,10.97395,21.86872,18.90165,13.1253,22.90359,16.75342,15.00563,22.44517
01/06/1986,23.89413,23.80531,21.39367,12.5973,12.52863,6.54669,6.35045,14.393,18.83941,8.11227,21.75346,22.55644,19.91584,14.06959
01/07/1986,24.71324,20.25014,25.12549,14.30144,12.70809,16.26952,16.5153,16.54584,20.95367,12.46698,15.45665,22.09678,9.81671,8.95029
01/08/1986,23.77644,27.15251,28.67905,38.52585,43.19708,31.22184,29.21843,46.71989,39.98339,33.31974,36.54204,65.66997,47.49216,52.70237
01/09/1986,13.93432,13.00973,17.29898,3.40814,10.75993,19.89654,18.18672,22.7057,16.57635,20.34564,24.53694,11.72998,9.78566,14.23516
01/10/1986,17.68275,24.33191,29.03569,19.2432,15.15875,16.20597,20.53294,14.63513,26.76172,19.90437,21.79319,26.92531,17.51887,24.36791
01/11/1986,23.95511,29.63981,36.19065,23.12876,16.49181,11.59841,12.38441,11.20196,22.79162,21.33565,28.2237,34.43443,15.37329,16.94048
01/12/1986,31.01865,38.77524,34.75771,23.01455,14.04171,11.38377,10.20805,19.97776,35.52132,13.44982,20.89718,45.87214,15.4842,18.88689
01/01/1987,18.85441,20.00376,22.7686,9.92264,9.29543,6.3915,6.97578,21.18764,14.12629,6.58336,5.90165,14.03088,6.86843,10.1251
01/02/1987,19.78108,22.61335,23.10463,17.87173,11.39639,7.2232,11.08823,17.37796,22.47066,11.09115,17.92535,26.78854,10.81998,13.0265
01/03/1987,26.14225,28.23098,34.04403,16.91598,11.31177,8.13734,6.95771,22.04736,32.27468,13.93616,23.24122,41.11502,15.20484,18.7992
01/04/1987,22.47828,17.58614,17.02918,12.76159,16.51302,13.58605,11.53263,19.80656,14.42542,14.16213,21.71544,22.15743,21.32717,20.35835
01/05/1987,14.26501,16.11919,25.05001,8.50499,7.95152,9.63961,10.66453,8.47787,12.31888,10.42868,11.43185,13.38162,7.77382,7.43914
01/06/1987,24.5795,19.36299,30.83596,22.16931,18.88509,15.09089,15.41937,16.51782,25.87734,14.72696,22.79328,26.58919,24.51941,17.41458
01/07/1987,21.07045,20.1726,33.73376,18.73649,11.72767,17.11463,16.93935,25.34941,36.83311,19.56922,16.61615,25.04574,14.29784,17.93683
01/08/1987,23.80504,25.52522,42.81862,28.05567,17.68232,28.15201,20.4454,20.35586,28.93109,15.60562,9.77201,17.15283,23.64626,18.60835
01/09/1987,14.80119,22.51131,25.47218,18.91472,14.86715,10.92999,8.97534,15.89914,21.87693,9.78046,12.84889,19.55004,11.23791,19.22527
01/10/1987,23.56795,31.95731,32.8012,50.77181,22.97661,28.70771,36.81002,22.42511,27.54683,40.10134,27.64444,41.03207,19.98363,23.72555
01/11/1987,14.02332,21.41189,19.50681,16.18245,11.24867,15.57514,22.62373,21.49897,18.58997,24.83813,25.42918,26.51372,13.21275,16.19867
01/12/1987,21.08206,29.0124,32.7305,13.78222,9.65165,7.75523,6.50698,16.88089,24.5032,9.92846,14.8046,25.01892,9.58621,11.42564
01/01/1988,31.44545,30.6913,31.07943,31.72572,17.34803,17.27012,15.72662,21.66457,27.09662,19.51578,23.20935,34.93077,19.43666,18.42982
01/02/1988,17.5862,25.36513,27.08255,24.1273,8.35165,7.318,6.35393,13.01651,15.68271,11.01177,15.74795,20.15111,9.1077,15.61499
01/03/1988,27.89812,28.33857,30.2976,18.82475,11.77337,10.54922,12.25667,13.39581,17.58365,14.54351,21.1225,26.40453,13.06347,11.59188
01/04/1988,29.50117,17.84494,22.34527,11.99374,8.43004,10.52491,7.26346,10.26687,16.52313,10.55545,11.51609,18.93313,8.20205,7.92465
01/05/1988,14.62491,15.33042,17.79669,10.61769,8.67009,8.87262,15.57557,10.79061,12.69699,10.45213,16.48559,18.17308,9.29679,8.59271
01/06/1988,8.65306,13.57571,12.7854,23.43667,14.48939,12.27122,9.51911,9.8838,15.50583,9.6338,13.34636,14.0044,14.97518,18.06554
01/07/1988,24.83993,28.99062,29.99622,17.17874,18.99944,19.49921,12.98779,30.51766,35.06964,16.3775,20.23605,28.76054,23.00662,20.85235
01/08/1988,18.8151,23.6964,28.22203,21.14509,13.40653,17.8968,21.10993,12.77199,24.29009,20.54114,29.13771,26.43955,15.77448,21.51397
01/09/1988,23.26835,25.33617,27.21355,20.60964,12.01336,13.41499,9.21641,11.52664,20.40027,14.26693,14.41782,25.28102,11.04451,12.73023
01/10/1988,30.01889,37.35241,31.55347,25.45904,13.26291,16.6135,19.49108,19.80504,21.82772,21.34962,30.45804,27.20907,15.76838,15.97945
01/11/1988,19.8726,17.7481,22.76398,14.83113,18.22036,16.11623,12.18747,22.99768,19.41612,14.18707,20.10371,23.27996,18.48861,18.63058
01/12/1988,13.14206,26.60474,28.41947,21.84675,6.01965,6.0484,6.83675,15.66719,29.5807,8.41343,15.01769,20.97878,7.04598,12.22126
01/01/1989,21.46579,44.32634,31.79466,11.87603,6.60099,8.87417,5.63986,8.96714,18.46654,7.68425,13.34238,19.00572,6.91971,8.62757
01/02/1989,28.20485,55.21209,28.56105,13.62941,14.6357,11.62644,12.72365,23.60154,23.6747,15.2692,21.19041,27.94045,21.14615,19.58349
01/03/1989,19.67655,27.15061,23.5374,14.9003,11.0049,13.33709,16.42426,10.83274,25.11059,16.48638,21.22736,30.881,10.67882,14.53364
01/04/1989,11.991,14.68753,19.35016,21.19995,15.09918,12.18135,14.82973,11.19232,22.5652,17.24528,16.32986,18.83482,16.31296,15.40119
01/05/1989,18.49529,15.4768,11.37679,9.1304,11.72294,4.8441,3.04464,6.20252,12.16543,7.70303,9.72625,9.17159,11.31567,8.06423
01/06/1989,15.64,21.03212,25.05889,19.46938,21.07536,14.21198,11.61814,14.73968,25.94787,11.76036,10.39702,19.97376,12.32393,25.18931
01/07/1989,8.41938,15.98521,18.37011,14.43478,14.16196,18.72931,12.52329,6.43491,12.30324,15.44126,18.41079,22.02388,18.99657,16.19437
01/08/1989,24.35272,26.90395,33.70448,23.42935,13.37081,11.24294,14.35708,18.52461,24.3188,11.45989,20.96307,22.83997,16.99936,10.36254
01/09/1989,21.46126,30.43031,27.18728,13.40605,22.45114,12.75648,10.19471,5.58245,8.44533,15.43618,31.79048,19.81368,22.43546,7.46457
01/10/1989,17.273,34.88793,24.12074,26.6509,13.02684,8.87306,11.2442,11.29004,21.55552,16.41935,27.4189,40.32087,20.6332,15.21927
01/11/1989,10.95749,15.86538,15.53904,12.34665,23.37075,11.72867,9.77673,10.57791,23.71373,14.27363,21.80782,28.01716,16.87725,17.03267
01/12/1989,39.46041,29.02471,43.99319,22.25963,23.00196,24.11737,26.47859,20.96442,24.16652,30.46153,30.05785,37.24767,29.28856,19.50572
01/01/1990,25.44515,29.6414,29.53749,24.58646,13.39736,8.86853,13.6746,16.68057,28.04759,19.96007,21.02527,38.15105,28.37197,25.50965
01/02/1990,24.47877,36.83457,33.61058,22.41481,17.14392,19.31017,17.34299,23.62599,30.58434,18.928,25.27977,35.04667,20.31889,22.09405
01/03/1990,17.97152,41.52438,29.58336,11.27975,6.30413,8.97557,3.32538,10.43862,10.44038,4.73769,8.47236,8.21331,6.26208,6.30787
01/04/1990,10.42634,16.71552,15.20525,11.67149,6.54507,10.02549,11.4949,4.4339,10.5294,9.66004,8.99676,9.56723,7.74379,6.49015
01/05/1990,10.3328,16.8803,14.36482,12.37024,7.67143,9.32003,6.34547,12.95292,12.68131,5.20644,7.70511,15.6062,9.69849,8.4289
01/06/1990,34.15737,30.66571,28.21124,18.99253,13.95858,9.75775,13.77059,13.03377,14.98772,17.29135,15.37922,17.84569,13.2946,19.92166
01/07/1990,13.70611,20.46973,21.70435,15.687,11.00346,7.01918,5.00366,16.01611,20.73089,7.09192,17.5886,17.36543,7.09109,13.78105
01/08/1990,19.28779,28.54209,24.29459,19.05055,17.24824,13.31603,13.02484,15.6622,15.39384,11.3853,16.84527,15.70977,10.25716,13.62483
01/09/1990,20.85259,43.01434,27.60782,9.71607,9.87691,10.04084,10.37541,15.14682,18.57793,17.33662,25.29791,31.6746,17.47868,12.24287
01/10/1990,36.69969,34.61072,43.29355,32.32489,23.73263,12.61689,13.62383,21.03567,28.87987,27.95677,20.84532,28.60797,19.32086,17.59411
01/11/1990,16.65574,26.03468,19.82913,30.72132,10.73644,12.88242,7.74029,13.22049,18.40009,13.51471,19.61431,28.79919,13.5094,12.23069
01/12/1990,21.41178,27.8471,32.50348,19.35956,13.79455,9.76498,14.93993,25.8247,22.25822,13.44385,18.58196,30.16012,14.71009,30.19499
01/01/1991,29.13948,30.05457,36.90835,21.26787,14.71031,8.84878,13.51848,19.02709,27.15349,17.89888,24.56464,32.43455,20.22961,16.64686
01/02/1991,22.26084,15.55236,21.09619,9.80519,15.76909,11.05877,10.85366,22.08305,27.40855,11.15329,17.46799,37.05419,10.68339,25.12575
01/03/1991,31.18185,25.05512,42.9473,21.51396,7.29308,8.3045,8.7048,21.78179,23.48995,12.6266,18.52827,27.58614,13.91227,12.84493
01/04/1991,19.58016,27.69699,35.70849,17.43129,20.79129,18.91246,28.6593,8.49894,26.48976,25.58529,26.65807,35.86212,29.34226,14.54857
01/05/1991,7.95035,13.03365,8.61267,3.18537,5.45783,7.24075,6.69111,6.4033,5.2805,4.73797,4.41579,7.20675,4.78291,5.78872
01/06/1991,16.41708,17.85544,19.26728,14.22828,10.67704,13.2716,17.08795,10.96807,15.20453,23.49468,25.23947,20.40352,11.81992,10.76965
01/07/1991,15.56828,20.63226,18.26144,12.31686,17.13812,13.43121,24.74231,10.91894,17.17176,22.71733,22.95093,25.17999,28.74661,11.37976
01/08/1991,12.50013,17.37953,22.37776,7.76121,5.81311,10.92862,10.46048,12.41798,14.48247,7.9709,11.23554,19.02852,7.33498,6.95171
01/09/1991,22.3168,28.91553,31.89156,14.4659,33.23263,24.2127,16.7261,10.17661,16.56488,21.45419,35.54469,28.53355,26.69364,13.13346
01/10/1991,25.55293,35.8107,32.70528,28.87964,13.40548,7.87627,8.07751,16.88799,25.44519,15.1314,20.7381,31.35462,15.13386,16.07285
01/11/1991,30.47887,36.23866,38.9979,21.03675,13.83324,17.84076,14.5561,22.20031,29.06177,18.13672,15.40285,23.71749,15.50017,16.89638
01/12/1991,18.04117,23.97492,35.89342,29.59593,12.64898,7.5299,5.33639,19.08844,31.39514,6.48795,10.2231,19.47149,9.93251,17.1582
01/01/1992,35.2337,47.6232,49.40398,29.46032,23.81112,16.20854,2.91866,11.24717,20.82285,8.33335,20.23879,32.13525,33.63641,19.50358
01/02/1992,15.52455,32.93572,26.68733,13.27386,5.70533,4.82543,8.12941,12.2236,18.4495,11.35393,11.7688,15.89478,7.10134,10.24785
01/03/1992,44.65577,27.03368,33.94894,19.7653,10.93726,10.94457,7.3457,33.58467,19.76382,11.28844,11.92114,21.95137,9.04379,16.9288
01/04/1992,15.55482,22.01517,21.73457,15.7901,10.42446,16.16187,14.25425,35.02864,16.88725,17.56136,16.03186,16.64606,12.05457,16.31112
01/05/1992,17.3621,20.1398,19.65432,11.02489,14.2274,20.632,27.55072,11.58549,23.31108,16.55643,9.21158,21.05726,24.40306,9.42358
01/06/1992,11.84632,12.91757,10.99084,20.4972,15.55038,13.597,14.27239,6.49624,10.27476,12.13018,18.72954,26.07324,16.562,13.78124
01/07/1992,13.06568,13.33609,20.53764,16.6304,25.62945,31.43469,32.29506,21.21047,19.51845,28.61451,20.39964,21.99087,19.68907,23.84574
01/08/1992,23.96493,34.03733,30.30035,28.72152,27.45782,19.32069,22.70248,21.44887,23.97167,22.59638,26.63018,39.54093,25.94083,25.80729
01/09/1992,24.23493,30.98485,28.59308,18.71788,36.65232,32.41258,35.05759,27.12044,19.67341,28.12684,19.37856,24.58812,13.65615,25.67751
01/10/1992,21.43297,23.64723,25.79172,17.84718,23.27596,21.52916,27.09552,16.26351,23.63716,24.17312,15.90521,19.76032,14.69745,21.09081
01/11/1992,20.32871,28.62554,24.81151,17.08291,14.80481,15.21917,18.36456,13.00277,17.87108,20.49403,22.86885,29.79037,16.77861,14.39009
01/12/1992,26.39288,41.279,31.48807,19.57579,15.24375,12.74314,9.56767,20.33101,30.40651,17.75802,25.25306,38.6073,16.26306,19.94903
01/01/1993,30.04326,41.57057,32.99926,19.45415,19.91035,10.65798,13.08909,15.72387,19.29953,17.37534,21.32249,28.40922,19.42825,14.19325
01/02/1993,5.83955,18.13957,14.62506,7.45824,4.59169,6.48164,3.12086,4.36179,9.39177,4.47073,8.86326,11.00783,3.58096,5.44996
01/03/1993,27.12443,23.24325,40.67739,19.84341,6.53553,8.31658,8.20585,5.50925,8.15087,15.37771,16.9709,9.181,6.2655,5.03946
01/04/1993,28.35246,16.84021,29.03016,24.22242,17.51042,17.2409,19.56235,22.02336,22.44851,19.6988,17.18841,22.64528,13.90978,18.31799
01/05/1993,31.38403,24.24354,31.30047,25.8861,19.89243,17.0798,14.06856,46.62902,35.07737,17.40994,22.07026,27.82965,24.23227,19.99471
01/06/1993,14.77861,18.89534,19.91427,18.17958,18.75594,12.96137,16.00658,7.81455,12.2714,15.78765,28.91542,32.63963,23.63298,12.1833
01/07/1993,20.38026,18.9412,17.68521,20.02622,14.9469,12.65648,9.77125,10.72929,18.91887,11.44661,18.24439,23.14232,13.84702,16.16118
01/08/1993,13.98164,13.86046,16.67628,14.94342,16.48983,15.25254,14.9616,24.15915,21.58568,15.90598,14.23241,20.20575,11.48919,24.05651
01/09/1993,23.98738,13.63437,24.99931,30.7687,26.19069,23.43887,19.91408,29.1483,19.56871,22.32749,33.09862,26.12558,19.95461,35.87223
01/10/1993,33.37575,32.99945,17.70189,14.25838,25.0675,37.15174,36.86239,21.35639,11.84423,31.72392,29.62977,17.25837,16.03146,17.22787
01/11/1993,17.07543,15.25294,23.87028,15.85852,21.94604,20.05726,10.58872,22.08541,17.57143,18.13376,19.10057,30.37389,20.41666,25.40417
01/12/1993,25.44252,29.34059,32.64142,21.45381,20.595,15.77415,12.74356,27.0363,32.7871,21.00207,24.15341,34.91734,15.95694,22.15934
01/01/1994,24.72392,24.51963,27.69128,18.03866,11.98857,12.19353,16.05174,22.01411,21.43772,18.15522,19.22324,24.74589,12.47076,15.39523
01/02/1994,25.82576,16.01432,22.24748,24.28385,11.7261,10.9971,8.5243,16.50468,17.06537,12.27718,21.0097,23.72354,14.69979,19.44895
01/03/1994,19.66604,29.4514,25.98332,13.08533,10.92506,11.02562,10.04834,12.40721,19.88493,13.78629,19.13205,31.18761,13.21749,13.05326
01/04/1994,15.57884,31.33083,24.82859,11.81168,9.55773,11.0303,11.05477,9.41027,18.5919,14.3785,20.63933,23.63051,10.23335,10.72776
01/05/1994,6.82984,9.43557,11.5801,10.83077,15.93594,15.00941,15.18844,9.25359,11.67333,17.27663,16.90841,18.06781,15.24376,14.43731
01/06/1994,13.41761,20.58415,22.00088,16.61245,5.98253,10.89812,9.08494,7.45459,17.82869,14.92922,8.85456,17.29859,6.67959,7.72492
01/07/1994,12.23118,12.71768,22.38558,11.67096,17.70906,11.03374,6.03418,14.05506,18.75876,8.32397,11.7817,15.98035,11.94824,17.37236
01/08/1994,18.31394,20.77389,27.49871,19.19537,21.44097,25.34148,28.55076,31.65517,24.50675,19.13994,21.02474,20.08387,15.69133,19.09818
01/09/1994,14.18499,32.98627,15.90653,14.10749,50.83925,25.56117,14.44293,16.01118,21.71526,19.3777,24.08335,23.15303,49.78752,25.59258
01/10/1994,21.66737,23.9776,25.92107,16.30524,12.87221,14.18019,20.46929,16.56629,22.60419,25.16981,30.84062,25.94651,12.53288,16.37384
01/11/1994,20.18234,22.98959,27.66522,17.62585,17.1289,7.74381,12.32885,17.81229,28.17163,18.56859,24.9364,34.14146,14.62635,18.33348
01/12/1994,30.60751,31.21194,51.41437,17.47544,16.09489,10.362,16.25389,17.97931,26.12118,18.97305,24.7463,47.15916,18.20276,16.46765
01/01/1995,22.73703,34.88171,31.66036,22.04699,25.02482,15.37082,18.77287,19.29017,36.39881,22.40732,25.09636,30.66444,19.39789,27.77586
01/02/1995,22.38323,32.74201,24.70822,15.39738,9.24306,9.67996,9.49686,17.90034,24.81812,12.26527,15.22621,26.21572,10.58747,16.30275
01/03/1995,18.13564,22.14157,22.51428,21.14519,8.53291,16.68633,12.72509,9.6939,13.13255,19.72757,14.10829,14.8186,12.07578,9.51594
01/04/1995,13.90922,16.14238,16.51479,9.88393,7.17926,4.95954,4.75594,14.8677,10.49923,6.89079,15.87754,16.47593,10.42362,10.31815
01/05/1995,16.51142,13.29837,17.28771,11.25234,14.33677,10.5129,9.24096,10.9444,17.64829,10.70767,17.67478,22.89055,18.67031,11.88517
01/06/1995,10.94424,11.76238,16.48674,16.20996,5.87387,8.27988,8.04193,6.27032,14.17262,6.99322,6.52852,8.5458,5.1371,6.22446
01/07/1995,15.98386,26.46256,31.04604,13.99995,6.9398,10.97135,14.09221,8.81458,16.95397,12.61386,13.35472,28.44895,16.99124,8.64111
01/08/1995,7.15936,10.81046,10.61919,2.75335,2.81368,3.45912,0.90281,3.50671,6.7419,2.6837,7.51786,6.90628,3.90757,3.26869
01/09/1995,43.26897,45.31646,27.13615,16.16848,21.84143,19.06622,19.74115,31.12113,25.00421,27.52578,28.52298,23.72954,22.63077,28.02844
01/10/1995,25.33663,31.8674,37.9108,32.27964,9.35736,3.91773,4.04513,11.46491,21.16946,11.05677,25.73995,29.99214,17.94041,8.45709
01/11/1995,28.26995,33.17141,31.37475,26.98346,14.23271,10.79671,8.44327,38.04748,21.99436,16.30402,21.69439,20.45022,14.01158,17.03051
01/12/1995,14.3603,13.59024,13.79582,21.18005,18.17161,19.09279,29.88107,19.94448,14.64549,26.97059,26.12105,29.23368,22.49069,18.15477
01/01/1996,16.82824,10.86245,19.67238,20.31812,12.97358,12.36797,21.0266,8.00713,11.30553,22.00308,17.4417,20.28883,11.49324,10.1078
01/02/1996,32.60078,28.144,31.07036,20.07614,11.0376,11.80731,11.18685,21.08388,19.11695,15.775,20.96212,25.30932,11.44405,16.99914
01/03/1996,22.70539,18.79497,31.60241,18.74049,5.35864,4.39337,7.37089,8.77487,18.14748,9.58649,19.41684,18.39981,12.08771,8.51274
01/04/1996,17.08054,18.19237,21.96032,16.72318,10.86964,3.74074,10.05041,24.92689,16.89241,13.47353,17.52393,20.27306,16.55706,11.88869
01/05/1996,13.06279,16.83753,21.20792,13.5525,7.02855,5.7065,7.84916,10.37155,16.13728,11.24306,21.44147,30.68881,13.51287,11.4927
01/06/1996,9.7721,14.95712,18.75201,12.27443,10.27517,8.47836,4.58127,5.31542,10.53302,10.08283,14.23191,14.27766,10.40231,11.87503
01/07/1996,16.4048,19.02843,20.85364,16.69579,9.58413,12.68013,10.40928,14.38584,16.62275,9.99575,8.43415,13.27405,9.2698,11.93152
01/08/1996,14.7352,16.52636,14.28861,41.01231,14.6824,25.18015,20.06114,17.33613,19.65441,22.11713,21.55536,22.48222,17.88964,17.27247
01/09/1996,15.94737,22.57782,24.0139,12.41602,5.38883,6.86822,11.28424,12.63056,33.28899,11.03794,12.78074,29.79786,6.10359,12.16269
01/10/1996,22.8433,27.67341,42.4189,21.87551,10.49753,7.58428,7.63451,10.97578,20.82902,8.29664,17.17872,26.88141,12.68753,10.55397
01/11/1996,24.31242,33.99497,32.47592,19.75728,23.90953,17.35596,20.5437,21.35007,24.84153,24.96259,26.48722,26.92666,14.29794,22.92587
01/12/1996,33.87763,24.08329,25.61392,15.26889,22.5406,10.55986,7.13385,24.66732,18.88061,10.95724,15.60452,20.30922,14.8927,30.25167
01/01/1997,9.41405,25.86114,13.75642,9.51494,5.83186,3.61407,3.655,4.07566,4.5375,5.4856,5.23274,3.21239,3.19776,3.44412
01/02/1997,27.24801,33.57074,33.71724,16.68001,9.08152,9.48104,11.80452,21.14783,37.88444,16.04788,22.43535,34.08777,11.81386,16.93271
01/03/1997,22.406,37.37974,20.20639,9.76555,4.65973,3.17785,5.00767,9.90602,14.32095,8.04447,16.27115,13.89308,5.12958,7.71698
01/04/1997,14.10456,33.12154,35.19231,17.48493,11.40019,6.60818,6.37216,4.57103,12.18707,7.00057,10.30696,14.52858,13.1849,6.62944
01/05/1997,24.74519,27.04808,24.61473,20.98611,16.63538,12.89596,8.87576,15.77388,26.27876,10.38932,14.0621,20.54618,18.103,18.0801
01/06/1997,31.70229,23.41247,13.55395,23.64479,24.29875,24.21013,22.67136,30.94917,17.60643,19.17602,24.1879,28.81562,24.08415,30.2239
01/07/1997,13.17614,25.42404,18.01986,17.09564,12.47657,9.16045,14.71263,16.16357,17.62831,8.44222,8.85961,12.1959,8.99051,14.52354
01/08/1997,15.73123,25.51915,17.49554,25.61706,19.87583,11.63663,20.20938,12.89354,16.26542,24.13096,35.61738,25.66224,16.84052,22.07378
01/09/1997,16.39938,27.37855,31.12969,9.93466,6.56242,4.66643,3.31776,6.31283,19.03328,5.25378,10.49057,22.97124,10.34191,7.06414
01/10/1997,16.09216,14.81299,24.4303,19.79219,24.38422,14.5673,16.61425,10.29833,15.79946,20.18979,20.30938,26.00046,23.35442,16.93291
01/11/1997,26.06029,26.9012,31.04733,26.77237,13.65147,11.43265,10.52433,14.46019,17.28643,19.66542,27.20933,32.72264,15.7187,13.46263
01/12/1997,26.36653,33.28748,35.65381,23.50549,12.63619,19.44038,9.94049,18.83629,24.04498,15.65941,18.94995,26.19821,10.73185,18.22159
01/01/1998,22.93383,37.61221,31.97868,19.03074,16.98432,12.76972,12.33679,18.13554,23.74189,19.17483,24.94822,32.06825,15.94881,20.75716
01/02/1998,15.20902,44.83724,35.02359,9.93399,3.8452,3.07606,3.15086,5.07167,16.29244,3.98299,6.14702,11.91163,5.19989,4.84848
01/03/1998,20.85543,21.85383,23.6291,14.81424,13.80182,12.9151,10.47299,17.53193,28.23551,14.39486,24.16943,39.99066,17.29722,24.01342
01/04/1998,29.03541,18.6435,18.17586,18.91757,26.85394,28.91557,12.09656,28.7353,16.99411,14.96049,16.99262,22.86006,25.43167,22.02476
01/05/1998,13.84316,12.04107,13.29261,12.73545,8.09476,6.21507,10.89574,29.78627,13.60155,10.62692,14.38192,10.3929,5.53125,16.65014
01/06/1998,17.22368,23.11719,22.24718,19.23281,21.40592,14.44228,13.33343,25.24094,24.10443,16.44277,21.02266,29.84093,20.17345,33.8185
01/07/1998,30.36953,23.78753,34.03365,20.12932,10.88564,8.61606,7.97322,16.96831,19.36253,9.61365,19.57147,19.34614,6.9511,13.23904
01/08/1998,16.40535,24.3649,34.21183,17.43986,19.05135,17.86624,11.95139,12.21921,22.31945,9.11548,11.54177,21.26523,16.06912,11.89216
01/09/1998,27.4415,22.81873,21.59834,15.53661,20.60339,19.21341,21.40646,15.19669,20.70004,24.79169,21.86537,24.21851,21.07353,14.73336
01/10/1998,36.82001,40.96998,51.46246,29.57928,23.26919,19.96267,28.80228,24.96873,34.86877,29.87659,28.65828,47.35632,31.86574,28.32578
01/11/1998,33.05288,27.842,30.23888,20.14202,10.25965,13.57301,12.38739,40.28039,19.35294,13.20355,18.09223,21.12636,9.37957,14.57413
01/12/1998,23.95477,31.74879,26.91769,18.50742,12.80736,10.57035,10.91725,9.18983,14.40818,14.33918,19.55121,20.26444,12.63313,9.92805
01/01/1999,23.28901,29.40603,30.44352,23.8322,17.94644,11.144,14.82561,22.28687,37.34986,21.32871,31.48516,38.6799,21.1747,18.36942
01/02/1999,18.23368,20.25539,23.42364,15.48552,8.297,6.82838,7.57478,12.2503,18.06921,7.05647,12.47767,25.02997,8.5936,13.04645
01/03/1999,19.81117,27.30598,38.32496,13.03919,16.74987,9.69913,7.14298,18.78763,24.05336,7.46459,13.63288,22.96519,11.66396,21.31492
01/04/1999,26.81252,25.39369,26.72512,16.29863,12.5949,10.17381,9.26874,16.07555,17.19299,14.40119,19.75177,24.74086,14.23562,20.2409
01/05/1999,18.059,24.90309,20.22875,12.68905,15.20896,8.05552,9.76932,13.87658,24.46188,10.38142,18.91261,18.33179,15.97866,15.58974
01/06/1999,20.87953,24.21164,31.02059,12.44593,20.14393,20.28341,24.43208,19.03548,23.81294,24.61437,18.90771,18.65577,16.95676,25.93444
01/07/1999,15.56827,17.82153,20.91656,10.99338,11.01841,14.60681,5.41928,7.45346,13.21489,8.40921,7.3269,12.45631,10.38303,10.77793
01/08/1999,13.53895,16.33593,14.92853,18.66323,22.42913,23.64453,21.97274,30.15405,17.22398,24.335,25.30045,31.9849,29.19421,17.10408
01/09/1999,36.98378,32.63958,27.83443,31.86273,19.54741,18.9511,19.86272,20.72511,26.18469,24.36225,34.08972,45.13822,35.72037,24.3879
01/10/1999,21.50602,28.65985,19.64007,12.54112,25.90431,13.64994,14.589,18.37427,29.24925,18.29162,19.61574,35.46563,27.49308,22.22759
01/11/1999,28.54399,38.60326,42.33232,28.66755,14.18531,9.22123,7.07616,18.71792,21.29903,10.3381,18.18045,28.06216,15.43475,16.70221
01/12/1999,35.42668,39.92896,38.32811,30.69384,11.47219,11.71666,15.4818,21.02933,30.22482,23.54963,30.98315,29.92302,15.94378,19.75991
01/01/2000,20.9348,33.47564,37.05155,13.227,6.41706,6.29194,7.80873,17.2805,37.38968,10.44625,10.62941,26.10882,9.02836,17.04605
01/02/2000,16.19721,24.82291,29.02315,14.93539,18.04261,11.60938,18.43983,9.95071,22.11575,14.12886,20.72616,34.8584,20.9952,12.34719
01/03/2000,21.26806,29.78067,27.02343,13.25041,8.29276,4.79583,7.39895,12.08854,24.15895,6.36538,11.44919,21.99938,9.53509,13.94675
01/04/2000,27.31964,20.90034,17.97977,19.00188,23.46574,17.92145,15.26259,19.77007,15.08155,22.12973,23.36643,21.1839,18.74458,22.94146
01/05/2000,15.26488,13.80521,18.46243,11.87618,21.27233,22.31039,21.22851,22.44663,16.55556,25.14177,18.19972,19.17791,13.88365,22.05077
01/06/2000,14.30875,16.60685,16.89415,12.85648,8.29292,5.95353,6.03986,41.53673,31.26498,6.64019,7.9631,16.98552,11.04311,30.38564
01/07/2000,19.19137,14.44802,19.63694,11.8568,15.9072,17.75644,17.16324,15.50733,18.23787,26.69134,19.23432,20.52937,13.08386,15.92027
01/08/2000,20.27325,17.83742,21.9745,18.76972,11.1601,11.31034,10.87852,14.43317,19.3737,13.48821,21.0448,21.09493,11.63121,12.32968
01/09/2000,31.883,17.09566,31.90953,21.87753,24.731,23.34735,38.19479,27.52899,30.92805,27.5904,28.89331,32.34254,23.36688,30.21257
01/10/2000,36.50137,34.87512,47.33002,30.61023,26.55823,30.4661,41.40415,21.82342,39.79226,45.69049,49.21796,56.21188,36.54094,30.82843
01/11/2000,37.87889,28.22808,25.18971,23.74753,33.15587,21.29207,24.27004,42.6712,29.36007,34.14744,30.39944,41.61755,34.85529,37.21395
01/12/2000,25.51017,28.97594,30.26267,28.6804,14.87316,11.94062,14.22999,19.69207,22.00015,22.90269,34.18606,37.56479,21.95304,16.84971
01/01/2001,22.14535,18.66557,20.43734,14.24114,11.4183,15.06613,15.96532,12.66149,17.60554,19.29735,19.64477,20.51685,12.66217,12.56069
01/02/2001,25.62421,21.3141,21.49046,13.53247,13.22693,16.76124,18.46672,24.49245,25.18974,24.11211,14.9361,29.4513,15.35202,19.12762
01/03/2001,18.91679,16.50387,19.07025,13.69729,10.64996,13.37571,12.98887,10.37526,12.77611,18.60527,21.3416,18.88705,12.27115,12.39323
01/04/2001,12.26508,12.90146,16.96292,15.00463,12.22549,8.84913,11.5568,20.72089,21.2097,13.28405,18.45959,25.13983,14.40717,16.04272
01/05/2001,7.96076,13.66428,10.68806,13.12172,22.06207,18.2775,11.9784,5.42471,18.6852,11.07285,13.21968,21.19427,17.54318,10.26055
01/06/2001,14.42907,24.44405,20.67254,11.86711,13.95677,16.53662,13.59996,19.0455,15.67217,9.56544,14.51022,15.89081,16.6276,16.41862
01/07/2001,17.33708,22.56308,24.87338,13.77088,38.99068,27.38856,19.0196,16.10371,17.11905,21.62153,21.41003,41.61048,35.45967,14.11101
01/08/2001,25.55668,27.11546,25.66569,20.79924,13.92671,15.15989,17.68405,26.04122,21.75615,21.38964,16.94131,26.81819,14.79051,18.39438
01/09/2001,21.80628,25.63497,25.81474,9.45236,13.99116,18.38207,15.08534,17.8317,26.292,17.27745,12.66461,26.58333,10.28696,22.91082
01/10/2001,29.29776,55.4079,38.58531,17.31769,19.87219,22.7286,21.97527,23.45959,25.25062,25.39204,26.91334,34.92471,22.56327,20.12204
01/11/2001,15.63475,25.40098,21.98046,13.27061,8.13762,10.86872,17.20037,12.61544,19.68481,10.48041,17.34617,25.46522,8.31532,12.88921
01/12/2001,21.32686,30.47696,30.41825,23.2547,6.42564,5.87777,6.78158,17.38779,13.85538,7.57709,11.87379,18.06644,7.91306,9.19042
01/01/2002,26.57723,29.49685,30.73061,16.27569,11.57049,10.44905,13.71239,13.0412,22.91244,19.79674,24.32978,29.77209,12.98306,13.79025
01/02/2002,23.32092,36.00589,32.29646,20.7834,12.82205,11.72491,18.84948,26.88455,36.09467,19.03961,25.87105,42.94742,19.34144,23.06112
01/03/2002,19.91192,39.66875,32.58284,18.42422,8.8057,9.76513,9.82022,11.32661,12.56241,9.47763,14.89398,12.4179,9.55723,10.07635
01/04/2002,12.57095,27.1102,22.37891,28.27151,9.35776,8.82147,10.0426,8.72959,16.6947,13.03246,14.46773,22.80786,10.45653,11.11437
01/05/2002,16.38747,12.38044,21.18824,24.34609,9.7413,10.31901,13.18471,9.88288,21.93351,19.78279,21.61782,27.69541,12.8449,11.2651
01/06/2002,17.60477,17.30412,21.74836,21.09175,11.2301,9.0562,26.92869,21.9728,21.18974,24.15679,14.14427,15.50215,15.07147,15.91992
01/07/2002,34.73301,29.25628,22.83474,20.81275,36.94123,22.3313,17.30418,24.90786,23.08814,23.30723,22.52353,16.95176,17.70861,30.50916
01/08/2002,23.52213,18.48971,20.57724,16.6802,17.65458,16.16731,17.01003,34.62489,32.51834,14.93206,16.93166,23.27661,15.67812,48.33599
01/09/2002,15.17094,17.37311,23.78943,13.59659,21.93167,18.37958,21.21618,18.11229,28.1532,23.72351,19.75896,15.38772,20.43828,21.84442
01/10/2002,49.93362,31.14693,46.62865,38.43794,35.37425,30.11593,13.16936,34.48774,29.64621,22.38053,40.06401,49.82916,31.28683,29.17619
01/11/2002,29.85972,28.18736,23.28112,22.52762,14.7385,16.84555,15.9855,18.39878,20.18261,20.28408,30.91883,32.53054,15.94222,17.78302
01/12/2002,20.11189,11.18593,18.36862,18.09455,23.40063,22.77521,30.43129,21.02162,26.62642,26.12088,26.27934,27.17088,20.03546,30.02319
01/01/2003,20.09105,29.38403,24.74257,15.31885,16.73927,15.46119,15.25359,14.77579,16.82321,20.65405,22.07595,19.17603,12.98694,12.91766
01/02/2003,11.20182,16.98999,19.42398,25.42877,6.99764,4.63401,5.68338,8.21507,16.09924,8.90879,15.58162,18.75813,9.81826,9.37494
01/03/2003,14.42821,24.80893,20.01835,11.34962,11.60908,10.30503,6.78488,10.40984,18.47467,9.38612,11.89604,17.92129,9.0948,10.52917
01/04/2003,17.5276,14.79299,13.08795,11.25353,8.79174,7.08938,6.73674,7.64934,15.07247,10.02796,15.56813,24.31474,10.38027,14.3289
01/05/2003,15.51347,20.98409,20.9921,14.7818,8.37556,8.26646,7.20126,13.30969,22.46542,8.95445,15.58949,24.90321,10.64831,12.02524
01/06/2003,11.99596,15.59396,20.27298,20.18555,30.18997,17.52207,15.60483,20.58156,21.04217,18.57132,17.49522,14.46756,18.69222,42.32907
01/07/2003,12.46915,13.50185,17.63377,21.70525,14.21336,15.4429,9.32571,10.51548,23.08461,12.47701,22.56652,41.0986,18.17948,13.13702
01/08/2003,6.62325,15.61111,14.64914,7.2036,5.80049,3.3377,7.7011,8.40263,10.81431,10.71789,12.19324,14.437,13.02406,9.72806
01/09/2003,15.63446,17.98665,24.61472,15.26428,10.22017,10.19503,7.83427,15.94027,21.41925,7.40736,8.26977,13.78052,10.48973,18.28018
01/10/2003,15.93057,20.23671,15.30243,8.25852,14.72155,11.9751,11.45973,12.45679,12.44369,17.86461,21.98658,21.61103,21.97082,10.23876
01/11/2003,20.99929,26.24074,32.0243,21.63419,11.72871,18.32872,27.60339,9.54879,19.42438,28.03148,20.24367,23.03821,9.91319,11.91267
01/12/2003,29.05452,32.93493,37.68989,20.43587,18.14969,11.4986,9.72405,24.15064,25.21991,22.29066,23.51329,36.52037,16.97422,19.45291
01/01/2004,24.42784,41.96042,32.85407,25.77467,16.53795,12.01918,10.11482,26.87508,27.91761,16.31201,24.69841,33.82924,14.62027,20.16041
01/02/2004,15.25234,27.03108,24.59968,17.45061,7.86638,7.49129,7.66193,12.37802,27.8412,11.91669,17.9759,33.51755,8.08008,13.26426
01/03/2004,13.32932,19.06798,23.34622,18.21064,7.46705,7.91435,7.14942,10.86169,14.82855,8.00093,16.09919,20.20815,8.44622,9.90645
01/04/2004,19.58013,20.27712,23.17757,13.68846,21.75617,11.64688,13.82566,19.86679,16.40604,14.96048,16.32159,20.96197,20.09002,23.2008
01/05/2004,13.85864,14.09131,18.05455,15.60553,10.56613,13.81414,13.15443,8.14751,16.53993,15.27625,11.68569,19.06798,9.99082,8.98121
01/06/2004,31.45928,22.72205,22.72635,28.26598,17.52063,13.9514,14.6233,23.14379,19.66189,16.76751,28.77939,31.85765,21.64803,18.73617
01/07/2004,12.57734,14.47001,17.88042,13.43047,24.08916,25.54088,16.59022,14.03501,13.91394,19.0995,21.86982,16.56672,15.54944,14.93582
01/08/2004,48.43795,37.11725,47.55227,22.43964,45.00381,25.41492,21.21062,44.73372,37.85903,25.2378,26.72244,28.55546,29.15575,48.74547
01/09/2004,15.17891,33.39862,34.7639,19.5177,9.19416,9.94413,6.2061,8.01404,24.23465,9.41344,14.7836,29.14,12.36506,7.92184
01/10/2004,26.94758,30.40423,35.5111,23.27407,17.7602,18.45809,21.05755,21.35819,34.23463,22.7298,33.13471,47.99137,21.11578,20.10596
01/11/2004,12.78777,30.19445,20.4301,9.57252,19.2899,21.27795,12.37205,7.93844,18.47006,11.30071,13.17842,19.78209,20.527,10.08035
01/12/2004,15.31734,32.27057,27.19337,13.45906,8.07616,9.96758,13.95357,14.44159,21.7985,18.45218,29.76253,27.21182,9.02397,9.15854
01/01/2005,36.0883,46.79118,45.46496,34.46675,7.5895,6.40675,4.78465,32.20331,47.86843,6.90583,15.20688,28.10016,7.38748,19.36567
01/02/2005,18.22503,23.59378,24.0272,18.68085,10.07528,7.86974,5.02743,13.45611,23.07238,5.66798,12.39867,22.68464,11.92066,14.46389
01/03/2005,17.29125,35.45625,28.31931,16.05275,7.45381,8.37275,14.76511,22.21299,16.01329,19.21022,21.23722,19.64418,22.46005,11.33415
01/04/2005,27.73711,21.06338,32.83607,20.82432,9.58142,8.27247,7.63026,30.89493,23.08191,10.24479,19.01329,27.42994,11.97226,16.87224
01/05/2005,18.68239,18.51605,32.88364,19.22534,9.71827,10.81961,5.10215,10.63987,14.03359,10.34597,14.1841,13.7329,11.70513,8.01057
01/06/2005,19.43406,28.29874,23.75387,9.92984,14.13883,15.26698,8.27585,12.74381,15.50764,11.57105,19.68329,17.66218,19.30986,14.91795
01/07/2005,11.17405,17.37143,10.19659,12.50879,20.28892,16.10738,13.20281,29.26035,16.67817,18.67156,21.33303,29.83345,27.04776,28.84901
01/08/2005,17.04131,32.91312,33.30251,23.45716,19.9727,14.57156,12.37163,15.14224,27.52341,14.54723,11.15669,17.45388,12.22222,15.41495
01/09/2005,14.34199,40.42769,23.16898,14.00491,14.94409,18.99202,13.44049,24.12073,21.72841,11.89903,12.56017,19.79505,14.08583,16.33478
01/10/2005,50.41469,33.19321,41.72871,32.74852,18.76028,14.54724,16.16927,29.45989,40.63396,20.55362,26.16897,43.45861,23.86257,18.95737
01/11/2005,24.59164,37.28074,24.12746,11.45025,10.99543,11.00385,10.80136,17.64292,27.48467,15.78923,25.32825,36.68056,18.00463,18.11717
01/12/2005,15.00556,21.10024,20.13671,24.73395,10.84115,12.82306,13.18736,10.61049,13.55506,21.1662,30.41268,24.18815,18.66153,10.17144
01/01/2006,15.18961,22.78841,26.24645,11.33588,6.41373,3.96137,5.15792,10.93582,21.5408,6.9484,8.61564,20.74917,4.3535,8.48191
01/02/2006,13.47272,21.45154,20.52391,10.19933,10.43025,9.72767,11.33791,11.22828,16.0233,17.70338,20.09908,21.16864,9.4672,11.96899
01/03/2006,19.3654,19.87068,27.68579,29.62837,9.52419,8.03106,9.28795,13.67919,22.34738,12.82217,15.9554,23.92154,10.08993,18.29018
01/04/2006,8.32926,20.88174,17.18716,13.14484,9.29383,10.19187,12.35717,6.9826,14.12127,12.33687,8.70544,13.12631,7.70578,10.83609
01/05/2006,15.91388,19.57357,22.9449,16.25813,17.04938,18.35102,12.67539,18.90365,20.68167,17.69791,22.43935,27.50971,16.85911,19.82919
01/06/2006,12.94103,23.85897,25.14235,10.39037,5.15995,11.67073,9.36634,6.97763,12.93722,8.42967,18.68141,11.63259,5.57716,6.06581
01/07/2006,17.81756,18.17834,22.88161,15.18742,17.82484,10.93922,8.96692,8.75869,19.37279,13.64537,21.29262,15.85119,13.57279,14.99041
01/08/2006,26.47185,25.53366,22.26151,15.40954,15.87302,23.26824,17.43283,24.56166,22.77842,17.97954,14.13499,23.07973,16.78027,22.74745
01/09/2006,29.83906,32.24263,35.3208,29.39479,19.07193,16.1457,15.08689,21.67282,26.38674,19.34403,19.94035,18.14556,17.68105,23.21177
01/10/2006,29.92582,41.17584,31.70578,34.94405,17.43834,16.86803,15.00301,23.92723,26.51878,24.59867,28.89936,30.05508,17.08366,24.18413
01/11/2006,27.99439,36.01945,43.97598,24.21667,15.60426,15.86965,16.20188,11.48285,20.30649,15.90948,23.95949,27.59868,19.68089,18.88815
01/12/2006,32.7474,41.38238,43.33901,17.41528,12.59675,12.54607,12.47125,17.3777,32.45406,17.77391,22.47196,39.36977,15.00203,19.3146
01/01/2007,18.85934,34.80998,25.57405,18.39788,14.38666,14.52395,12.2761,15.02669,24.36064,14.94734,17.76733,28.9876,16.57007,20.01097
01/02/2007,25.49869,35.91426,29.51977,13.41534,12.93817,10.39197,15.98569,18.08801,13.84782,16.32242,18.68947,18.76227,18.17752,14.67847
01/03/2007,22.58555,24.41477,30.61458,14.61085,15.27061,13.15367,10.48918,9.85668,19.83325,16.15113,20.69909,28.36341,19.49111,12.45428
01/04/2007,11.15235,15.40568,17.65564,13.96323,3.83263,0.56788,1.66727,7.36334,19.33433,1.30471,7.02213,15.5313,6.16699,4.96551
01/05/2007,21.35338,30.6172,18.34821,13.01264,28.09564,41.33659,29.87629,14.07088,19.38519,31.71224,27.73151,29.11202,37.8388,27.25235
01/06/2007,27.13677,20.20806,26.32641,32.22143,36.26625,18.93894,12.1663,30.43425,29.82655,20.24564,27.79397,32.00668,38.72273,52.70903
01/07/2007,26.96268,24.8358,30.22438,19.75832,33.22329,15.87621,26.73976,17.74623,24.8481,32.75365,25.43663,36.34603,53.06114,20.20353
01/08/2007,34.12261,34.82199,31.90137,23.10433,11.95863,16.16737,9.00379,17.65191,19.33672,17.10236,20.21839,18.85381,9.43026,13.30558
01/09/2007,17.1651,27.17464,24.85755,13.5927,10.58097,8.76588,9.79013,10.56656,22.36708,13.07531,16.41404,25.53587,12.39208,12.87351
01/10/2007,18.90605,28.28597,26.01984,15.18239,18.78564,27.49506,18.26508,9.44233,17.94475,23.19195,24.56857,19.02307,15.27358,12.91974
01/11/2007,24.80605,28.31004,28.3068,15.00534,17.97976,10.92595,20.23186,17.42138,19.6798,24.13034,23.28859,20.22931,23.22979,16.0602
01/12/2007,18.08814,26.76382,24.90831,17.28589,12.33131,8.80479,8.47727,18.96211,35.73462,12.16896,19.80676,31.3648,16.43585,16.82587
01/01/2008,30.7315,37.8365,32.32955,24.96124,21.82064,15.77709,11.52235,22.62322,28.22072,18.97245,25.36366,40.36679,21.37832,26.92633
01/02/2008,20.26445,29.59015,24.3001,11.12965,7.92685,5.15735,4.65914,8.67543,17.13552,8.43804,13.86186,20.39784,10.11764,12.40955
01/03/2008,14.94041,24.8107,21.04302,16.78444,24.42501,22.03208,14.63597,11.89418,17.08687,20.77208,29.9358,31.77876,29.31102,15.57754
01/04/2008,16.28274,22.31104,14.77821,7.60216,11.39182,12.29494,13.63919,17.84795,13.05629,16.55355,14.84098,17.96187,13.85991,16.44427
01/05/2008,10.27157,8.59764,11.51336,4.36399,14.13619,20.53468,20.3963,7.73886,9.73994,27.70484,24.14178,14.04429,16.42569,8.96642
01/06/2008,24.96827,17.36137,28.64026,17.98442,15.09316,12.89876,11.37903,22.97387,31.36011,18.97213,13.82272,23.36585,11.83412,20.7509
01/07/2008,28.63932,16.38209,32.2221,22.86889,15.3643,15.13514,18.72813,34.17321,24.56627,21.48237,27.92483,28.90837,26.74193,27.3089
01/08/2008,33.6426,24.15417,30.70288,44.33383,18.42175,17.66313,14.90683,20.04947,24.05971,14.90847,20.01714,29.42864,18.30397,25.15964
01/09/2008,22.25774,19.10188,24.58432,25.02607,22.70907,12.05127,13.51747,52.5655,35.53091,18.19833,23.9892,38.0115,31.01704,40.9587
01/10/2008,25.07934,30.55311,44.07395,20.39026,21.14709,18.60478,9.88705,17.49607,47.74425,17.23861,23.68262,44.57186,25.31816,20.58698
01/11/2008,13.43391,28.53663,20.83953,13.98294,22.85038,18.91089,19.72755,12.70379,16.07244,23.67373,18.52678,24.3623,20.42697,14.15195
01/12/2008,25.39456,27.55287,37.08127,18.65016,12.3065,10.35296,18.00673,16.58114,23.97685,17.8878,31.49643,28.2795,18.35001,18.19322
01/01/2009,21.66019,30.60554,32.14461,27.66523,9.68266,8.52071,14.1521,13.89821,27.30924,17.66785,19.42598,29.7753,13.38224,12.27857
01/02/2009,14.38828,20.44341,12.21433,7.26154,14.72386,21.61291,26.17087,22.49951,7.77444,29.4221,27.36804,8.44408,13.33167,16.20044
01/03/2009,16.9253,24.46228,20.90127,9.32936,9.39727,9.92865,15.63868,9.85337,13.5847,16.55031,19.44908,17.68119,12.46791,9.65036
01/04/2009,13.98271,16.23154,22.72717,16.93858,8.29639,5.99749,7.64962,18.06864,12.94471,9.76264,13.22727,15.68873,11.15246,13.73171
01/05/2009,19.65221,19.15436,20.8863,13.38733,15.15432,11.68119,12.85579,12.14385,16.72427,12.65286,11.9528,16.1449,14.22801,12.86742
01/06/2009,16.20311,19.11235,19.78671,21.38227,20.75217,16.77147,17.46834,18.85569,16.59672,14.19185,22.60846,31.29784,23.92615,21.85671
01/07/2009,29.82688,23.91287,25.93508,18.35103,22.64821,15.83565,14.42456,48.93107,30.98098,14.66529,31.22364,38.19358,20.75758,28.02827
01/08/2009,23.86121,26.2524,48.76972,30.94207,23.91906,18.3315,22.02334,17.22472,22.08913,14.1294,19.50269,16.63927,8.34834,14.56379
01/09/2009,39.77979,41.7747,26.48697,10.90203,14.16458,10.07971,19.77864,16.51027,21.47309,15.61241,17.17801,24.29411,12.73158,14.50754
01/10/2009,31.53428,32.02908,31.21765,23.21726,15.67071,13.27399,11.24988,12.1427,18.63613,18.03857,17.49988,30.28562,17.19593,15.94828
01/11/2009,43.93786,38.65522,43.12676,25.7646,12.23466,14.61574,23.35255,31.95866,40.23223,22.04325,24.43462,36.44191,16.07943,25.59541
01/12/2009,16.04592,18.71344,19.11028,19.2473,12.56645,13.31299,13.06266,13.9494,16.95067,18.8854,19.78365,25.66442,13.0886,13.85062
01/01/2010,22.59988,18.6486,27.08191,15.94541,12.3683,8.99377,9.37829,12.45453,18.06572,14.75855,19.23474,22.70043,11.1232,12.75164
01/02/2010,27.66862,19.6703,20.97418,15.32059,10.73478,13.7863,17.41946,20.46807,11.64842,17.5657,13.33689,11.01838,7.81603,14.76889
01/03/2010,23.09149,20.63513,25.3166,39.01785,8.78579,8.25732,6.17384,27.9317,19.72495,12.07189,16.61202,20.52367,8.77272,13.06408
01/04/2010,14.19691,19.41118,25.78654,15.20056,7.34819,4.09609,7.09617,5.36588,12.84337,8.98576,9.71484,12.84706,7.92516,6.9374
01/05/2010,11.50405,15.04525,10.94319,9.79352,8.32007,9.90227,19.74879,7.63885,7.55239,13.09308,12.94431,13.808,17.78017,4.68332
01/06/2010,12.41239,11.24187,13.7986,14.8288,14.10485,9.04138,6.96583,10.93556,13.39982,16.49043,15.51522,17.37572,14.9726,12.49775
01/07/2010,31.4425,25.0225,29.32014,27.90697,9.41532,9.90662,5.41734,24.20334,28.47191,7.99337,16.80042,34.38714,10.4895,16.69514
01/08/2010,16.48089,23.61561,20.42102,13.12219,21.84983,31.39055,24.81271,14.98543,17.91965,33.61437,31.53409,30.80301,25.15522,12.83833
01/09/2010,26.50399,29.69983,30.32704,39.99495,18.6171,13.68622,12.10459,18.32843,26.76221,12.79215,21.19162,32.968,14.98931,23.85622
01/10/2010,24.80605,24.56414,31.86816,18.3624,14.35173,12.02354,22.52806,15.08541,20.57933,20.49034,21.12713,24.07228,18.11601,20.75686
01/11/2010,25.93852,23.04862,34.8989,23.13358,15.10075,11.75453,8.10099,20.2863,26.67081,19.29075,20.27242,23.68693,11.62857,19.82812
01/12/2010,10.58765,13.24038,15.14119,23.32139,6.5468,6.63815,6.75282,11.6328,12.20837,11.10625,10.86229,12.87615,7.5929,9.01807
01/01/2011,27.96538,22.70961,31.18715,13.41396,7.91056,14.30269,18.76623,20.62996,24.76398,17.85408,21.13823,28.2796,10.03664,15.69951
01/02/2011,24.62086,21.25797,27.66395,27.03941,13.87071,9.912,9.20549,19.26791,31.40859,12.07933,14.67965,28.72042,12.93073,19.55057
01/03/2011,20.3636,21.21558,20.61463,15.83542,4.27961,3.84814,5.24016,12.81156,13.84582,6.20267,7.36094,9.94158,5.14704,4.30551
01/04/2011,12.71136,27.74052,23.3385,9.92763,3.21478,2.17519,2.58,7.02084,18.86954,2.005,4.8707,12.12783,2.60886,5.65586
01/05/2011,23.04729,29.15242,30.3936,15.30483,14.57778,6.46772,10.99217,17.45848,17.10317,12.1762,13.933,16.66253,16.43632,13.7704
01/06/2011,22.37988,18.59444,26.00892,20.82119,13.40515,14.05503,27.87177,14.4143,15.89828,20.26766,20.31561,22.98516,14.50675,14.43725
01/07/2011,28.6982,24.46565,24.06804,14.22659,13.13513,13.77149,13.54801,23.98729,24.29851,11.51784,12.53701,23.97453,10.81927,13.04204
01/08/2011,40.64487,35.51339,41.18932,16.0116,15.68776,13.76673,13.58498,27.87715,30.37711,19.94207,21.85073,20.12025,11.38096,23.2638
01/09/2011,22.06818,30.66746,28.86479,19.96307,7.44606,8.10918,7.47459,14.73058,27.95503,9.9302,14.23635,22.17577,6.10516,11.83886
01/10/2011,23.85496,26.59561,37.99794,34.84378,9.7458,9.19632,4.39075,12.34105,21.62554,9.46588,18.79732,21.1033,8.72064,17.33662
01/11/2011,22.51243,33.6741,39.25788,25.28538,10.08287,19.69095,24.49461,8.82602,15.19952,20.25528,12.48713,15.98128,10.36279,8.49583
01/12/2011,20.41961,30.10285,29.56583,18.27362,11.68464,10.12431,14.13862,10.98784,20.25863,21.71862,23.70982,27.42507,13.76758,14.10173
01/01/2012,22.65063,32.96669,33.24811,19.99693,9.31176,8.70491,11.22614,11.09698,22.53158,11.60135,15.84067,27.5585,10.99403,14.50461
01/02/2012,11.12152,24.40469,24.19006,14.90883,9.4477,10.06979,11.17956,8.51893,18.77083,11.32103,11.23984,15.35937,9.31676,9.65056
01/03/2012,7.84114,16.40472,18.48656,5.75989,14.23868,16.95165,7.84002,5.6784,10.37433,12.37342,11.05677,10.05387,7.41687,11.0019
01/04/2012,20.84958,22.09898,23.33219,14.60106,24.25633,20.93285,25.56096,25.45726,19.98995,20.61599,25.24583,23.70402,17.19998,29.12218
01/05/2012,17.58377,32.96623,23.05542,13.46175,13.8722,15.91127,6.96086,21.69944,24.61294,13.348,13.71754,26.01539,11.96198,20.22669
01/06/2012,32.7216,18.88926,34.34834,36.73764,21.32392,16.14591,30.21788,28.69218,47.42665,31.92182,27.97543,38.45818,23.40706,26.65311
01/07/2012,26.2446,19.69133,25.92597,17.40249,17.3528,19.27022,21.47549,22.39104,22.75222,18.31589,32.42035,22.44884,23.09452,21.71002
01/08/2012,26.0568,21.37842,29.16184,18.56853,14.73839,13.16504,10.57508,21.2357,25.2437,10.92056,19.9546,23.53794,16.28075,20.35244
01/09/2012,22.74934,28.34765,31.61968,36.21656,20.34132,17.74183,24.39692,51.47525,45.11033,28.71583,42.69764,36.7655,42.24735,41.49868
01/10/2012,39.37198,33.59484,34.58894,23.64178,15.91916,14.17184,18.93477,28.49083,28.00366,20.64827,23.4259,22.89279,16.55441,21.74391
01/11/2012,22.65631,20.87712,40.99469,18.70495,27.47328,15.26171,12.69426,30.18875,26.7217,18.86737,38.08296,33.39458,28.8086,29.80877
01/12/2012,40.50814,34.15801,32.40826,18.23719,18.24408,15.59634,19.26058,24.88528,27.63514,24.17733,30.2913,32.66273,18.44867,22.52854
01/01/2013,17.5963,23.81629,33.41308,17.69569,11.15466,9.83436,9.5316,14.05929,23.70645,13.22171,19.45105,27.31244,11.41354,12.53217
01/02/2013,17.52473,23.36937,29.35325,13.57716,15.88562,10.97941,15.29065,10.3736,25.08292,18.34939,13.38825,28.19122,16.71414,14.86845
01/03/2013,12.71817,13.52351,14.16625,20.09308,13.15812,15.48065,12.38717,16.39054,11.9681,17.94377,27.42956,23.21488,16.12532,15.33442
01/04/2013,18.01782,23.58504,26.40837,13.58436,5.2513,7.01973,9.73207,8.37619,12.81205,11.55702,11.66291,14.66809,4.33333,5.4478
01/05/2013,19.97489,29.31191,22.92258,23.88976,19.35451,10.55324,9.89899,22.03368,21.74242,11.85329,21.57634,36.06671,29.6327,21.15242
01/06/2013,11.58243,19.70768,17.31451,21.07661,10.58938,5.57187,5.73583,10.56986,13.8359,6.01459,7.99667,12.56206,8.65589,12.20592
01/07/2013,22.20477,16.84851,24.68537,21.30855,27.67237,11.49079,8.46741,34.92095,40.62733,11.11353,16.52689,20.37394,30.236,26.71833
01/08/2013,11.69314,16.89494,15.76101,11.80246,14.7165,19.75254,28.40196,24.16223,25.26057,15.95616,16.55503,40.4887,20.43196,18.59141
01/09/2013,17.98869,23.322,27.64701,14.78313,8.53838,17.65974,25.61422,28.27578,22.05701,16.02403,17.28053,19.21296,10.84577,16.06732
01/10/2013,28.04039,25.01325,35.78304,23.73054,25.17164,20.75663,20.85214,19.60543,22.60334,32.65351,31.90951,31.0711,20.66125,16.14343
01/11/2013,21.6142,32.27561,23.4561,12.4931,10.14627,11.65951,16.92007,24.13802,18.66162,20.3466,19.40189,18.2573,11.67408,15.50258
01/12/2013,27.90157,34.61296,43.498,22.22171,14.51487,16.01214,34.456,19.36111,24.9775,41.99298,42.03957,32.93805,21.12844,14.45665
01/01/2014,25.45319,26.74535,29.80327,22.80738,14.21569,12.022,19.19368,13.95459,17.42777,23.71516,23.74645,25.12383,16.59179,18.38378
01/02/2014,24.7595,28.78949,30.97532,22.12082,12.98474,21.31323,16.38099,16.52827,23.37577,24.35971,24.0839,31.50948,15.88038,15.82057
01/03/2014,16.1998,25.19064,31.47481,14.3192,9.61165,6.69033,9.13151,12.8493,22.40347,12.38352,16.10145,15.12238,9.52972,12.83421
01/04/2014,18.10998,18.04139,17.63054,14.29312,8.10815,5.26306,13.14327,15.19486,13.43718,16.85816,18.32457,16.77457,13.86238,8.15049
01/05/2014,11.38946,21.91517,25.42313,13.55567,18.55849,20.66542,12.6066,13.13209,16.6653,13.08877,16.02898,24.17686,16.54152,16.46789
01/06/2014,21.81695,14.09379,17.23852,13.79517,11.53788,10.31152,7.24401,13.90703,11.31493,13.6576,15.61259,14.43711,15.97913,11.37092
01/07/2014,14.03137,17.23018,20.51236,12.15277,14.53746,16.86904,14.28516,15.67512,21.67932,11.69994,15.26423,16.23371,16.42451,18.24942
01/08/2014,40.68482,64.07833,23.60737,26.94894,25.54374,32.67692,26.85346,20.36616,22.67904,27.64207,23.98271,28.28843,20.69096,31.03648
01/09/2014,8.50476,13.03132,7.99215,3.47722,4.05061,7.98568,7.89878,7.71895,8.13722,5.53796,9.55375,6.97499,5.86583,7.79003
01/10/2014,44.44879,52.6161,47.65225,29.16423,21.05638,21.8258,23.81215,20.04005,33.98719,24.83813,21.27412,29.80573,18.94456,15.82441
01/11/2014,29.60103,28.33287,40.87667,38.00482,13.14497,15.68452,15.7169,16.39306,17.85179,17.89205,20.39626,24.34847,14.94068,15.67781
01/12/2014,21.27834,28.27054,44.22385,21.08003,22.46225,19.4667,11.71756,13.09728,24.76449,14.345,16.95928,28.18697,17.57193,15.14736
01/01/2015,23.25146,34.63456,35.24768,17.35943,9.83854,10.18637,12.31413,14.04603,23.30271,18.63308,21.16137,26.14311,11.82562,12.65169
01/02/2015,15.98651,26.10103,26.60174,15.06296,9.45008,8.48194,9.54056,8.03322,18.05336,13.85336,16.8729,18.46515,8.65698,8.26759
01/03/2015,19.24308,35.74034,31.61998,15.96696,10.45135,6.64746,5.27849,17.24299,23.70947,5.81979,10.57307,20.67208,11.81433,14.24072
01/04/2015,11.79659,20.10945,16.44218,11.41076,5.03937,6.27871,4.99192,8.83342,10.65958,5.99253,6.84693,10.39965,5.39096,6.26435
01/05/2015,19.90084,25.21466,23.91593,34.53544,13.6352,11.26735,14.08973,18.13425,23.64259,15.10058,15.2504,21.55504,13.69109,20.83835
01/06/2015,21.44658,21.47362,28.00207,11.48814,18.10397,6.91564,5.49364,9.1232,20.76779,9.25009,17.99628,33.68966,17.59439,16.44037
01/07/2015,31.9405,21.22733,30.62785,18.83115,16.81841,35.46515,31.0801,19.41853,18.30147,29.13659,25.88974,16.41023,12.57131,20.36462
01/08/2015,18.42908,24.92602,21.15969,26.39146,14.98603,17.98928,23.67904,19.10937,19.31836,22.39555,25.91594,23.04084,23.87094,19.50709
01/09/2015,13.96004,17.72995,14.70309,16.6422,10.54784,19.6033,21.75192,10.18873,14.66297,19.62075,21.93971,19.60319,10.4753,17.59795
01/10/2015,19.41276,21.70612,26.95037,17.23895,14.28698,12.05656,12.74556,16.0851,18.99578,16.3165,17.53673,17.57742,11.71868,17.84138
01/11/2015,25.88573,28.19182,43.20216,33.52372,10.68753,9.13673,8.93263,28.73413,39.88629,10.96562,16.80221,28.98299,10.02571,24.67101
01/12/2015,40.91435,46.70702,48.61518,36.24104,13.73506,7.62309,7.60965,39.77974,56.91495,13.74724,21.05404,38.12116,15.88712,38.65155
01/01/2016,39.27521,39.4555,34.16091,20.88726,12.1733,13.02948,13.9065,29.18474,26.6545,17.86182,24.12292,35.52228,14.19806,16.55551
01/02/2016,19.18763,30.58111,45.02726,21.01451,13.039,7.88624,12.5378,10.13005,28.31704,12.91947,26.94735,27.48853,19.6502,14.91373
01/03/2016,16.39762,21.38755,20.13224,12.66284,23.24338,12.99559,18.72646,9.94788,18.14474,22.20268,28.35917,24.69349,28.12007,21.83085
01/04/2016,18.83284,18.42656,20.14755,14.54688,13.34794,12.0091,11.51703,14.01682,18.14059,10.58693,9.91442,17.28846,10.42969,14.6642
01/05/2016,12.43976,20.9606,20.84887,14.9037,16.71245,22.4451,18.94011,13.32431,12.67301,18.96351,14.76328,18.41065,13.75652,11.41076
01/06/2016,22.31508,17.68543,17.76454,14.78172,16.37667,20.8199,34.98948,11.36293,20.03291,23.26737,21.91447,25.54221,20.74849,14.24272
01/07/2016,19.74355,20.16581,21.03679,13.74617,10.28771,10.51262,8.36603,13.47101,17.99701,6.37082,4.6049,16.30558,7.31947,11.0996
01/08/2016,17.29051,32.1761,29.39567,11.75765,18.11695,8.66198,10.43901,20.41713,28.94036,19.37761,30.16473,30.27301,14.36565,21.09839
01/09/2016,16.11581,31.30151,27.58418,15.89266,10.36111,20.54169,17.49829,15.51929,20.63067,19.05842,18.9122,23.41753,14.41584,14.89117
01/10/2016,17.01063,15.93269,20.35236,16.94442,11.08676,8.81177,9.39449,8.94806,12.09862,11.04381,15.39166,14.48329,8.81221,9.80413
01/11/2016,21.41374,20.72651,29.67607,21.52634,25.26494,15.17165,24.61524,36.00956,23.1936,29.01916,30.3082,31.60144,26.75053,31.87488
01/12/2016,20.14101,36.10648,24.27894,15.66242,9.66742,11.84107,4.99101,12.57246,17.6909,6.76014,9.96529,17.98046,9.42673,10.01416
01/01/2017,12.06943,22.34885,17.63692,15.8196,8.67268,9.98764,18.20126,7.76806,13.4225,18.81527,16.78686,15.56762,12.20211,11.79581
01/02/2017,20.24736,21.08386,27.84112,13.6935,10.42832,9.52531,8.72428,14.19649,18.01961,11.40493,13.99541,22.16207,8.38088,12.33724
01/03/2017,18.65257,19.78578,24.45444,22.89615,9.56399,7.62809,7.15719,22.73159,22.684,10.22072,14.33825,25.65612,12.47526,14.60338
01/04/2017,7.73459,23.19251,11.20105,3.97302,5.35213,4.20436,1.99555,6.17905,6.54591,3.59623,15.17335,8.67641,8.00209,6.67622
01/05/2017,10.77829,11.36322,19.07013,16.28819,22.45713,19.98312,17.84947,7.06564,19.99974,19.39893,13.59463,24.64916,12.4924,12.6471
01/06/2017,35.06678,32.03262,24.93901,19.65607,22.80944,34.38396,23.43487,35.61261,29.84786,24.1734,23.43887,34.32957,18.08164,30.46516
01/07/2017,14.00709,17.43312,21.03902,22.55488,13.4356,22.23257,33.43606,20.20667,19.93023,28.73576,25.61196,24.4024,16.40016,15.36527
01/08/2017,21.15808,23.60647,25.67802,31.93223,23.44728,19.99585,33.09227,12.70516,24.24294,22.57132,15.12594,22.38549,14.4446,27.63209
01/09/2017,19.33898,23.83709,26.93069,24.19404,14.45622,9.7607,13.51435,21.18038,24.54036,13.37143,17.09263,22.46259,12.15979,16.93965
01/10/2017,17.8116,26.75678,28.98679,23.94539,6.90696,5.86377,4.32921,16.794,28.56189,8.73079,15.91529,20.06342,16.99715,14.15789
01/11/2017,20.50885,27.88822,22.704,14.67877,11.59394,8.79779,9.79704,29.46579,36.39102,11.32772,14.98587,25.94245,11.17171,16.25321
01/12/2017,16.39589,26.3759,25.54683,16.41975,19.87856,20.74698,13.88416,16.11151,25.42092,20.88887,23.88945,24.60186,18.8456,12.16056
01/01/2018,21.27168,28.95415,30.79344,17.43391,9.94659,9.34073,12.12039,16.93854,20.90065,12.75076,16.34054,22.32679,11.87484,15.34268
01/02/2018,11.34111,17.39925,21.00776,19.90383,7.53848,8.58578,7.59775,14.11453,15.68991,9.55856,13.25108,17.68595,7.20801,8.01362
01/03/2018,21.65089,17.36636,21.97941,19.85078,16.24704,10.96502,11.76184,18.60704,13.29972,13.31266,24.94733,22.1553,16.7493,15.72854
01/04/2018,15.96649,14.74565,19.03641,12.96024,17.63626,14.26816,11.39567,17.33107,17.77887,16.0147,20.98792,25.31475,16.44866,20.75864
01/05/2018,12.657,13.80456,18.86368,16.1597,16.28711,13.28357,21.94798,9.41146,11.37555,19.7127,15.93132,22.81682,18.61332,10.75862
01/06/2018,20.86325,21.57951,28.02888,19.33313,7.25277,3.90553,0.27253,15.9614,13.58411,1.43722,3.58657,6.28434,7.18281,9.58099
01/07/2018,16.26225,18.58567,24.67501,28.81898,12.56441,13.48886,8.98414,14.24352,16.21496,12.62008,18.10745,27.40387,12.00222,16.6329
01/08/2018,13.94569,14.85229,19.91894,15.49927,14.12059,16.49966,13.12778,17.1539,18.6751,19.68406,24.33654,26.71443,13.12265,11.9244
01/09/2018,19.42967,31.21525,28.8409,9.81342,16.77596,8.70458,17.94592,30.36977,39.65974,18.83708,23.09359,45.84568,31.37601,40.1893
01/10/2018,22.77956,42.92359,37.67981,17.76046,15.39377,19.86304,25.33436,18.82018,36.94495,20.36277,21.36444,56.83714,16.92442,20.72887
01/11/2018,22.13985,24.54126,32.19054,23.8541,11.03003,12.21161,24.16312,20.40303,19.66119,20.72619,25.52097,25.41503,10.82212,18.76894
01/12/2018,28.77006,31.88538,32.41776,28.45463,11.90881,10.31743,10.04758,11.03706,21.71327,16.15198,23.29997,26.68907,13.97986,14.85294
01/01/2019,8.99472,30.36243,16.62434,10.25214,5.28156,6.19728,5.70094,5.55301,15.28541,7.68297,11.92542,17.51693,6.7696,8.04356
01/02/2019,14.68834,23.14866,21.63529,18.75685,8.01466,5.81437,8.59962,11.56025,17.86901,12.06806,14.34165,18.65837,10.049,12.65843
01/03/2019,23.61015,25.68701,29.67075,24.79272,13.96366,9.22184,10.14293,19.64352,26.05984,12.81728,20.94257,26.90749,13.4516,17.63405
01/04/2019,16.24043,21.34372,12.34828,17.25885,7.20272,3.92757,3.61173,12.0093,18.35154,8.01824,16.26283,24.03529,16.35824,7.45906
01/05/2019,19.61865,27.34988,20.71696,11.16502,10.54086,10.47605,9.58511,15.30173,13.955,10.89817,13.66971,11.774,9.74726,11.62447
01/06/2019,20.31283,15.76269,17.57438,30.34675,42.1977,25.8339,31.37451,34.46802,25.99056,28.57719,26.91066,33.93864,29.23691,19.63096
01/07/2019,19.67201,26.16063,33.43163,19.07772,25.26091,14.77049,19.71613,23.07882,37.48932,21.47324,16.79993,17.43919,20.77907,23.52364
01/08/2019,31.43259,39.8826,44.42674,30.73704,20.44548,10.158,11.42663,27.58618,31.79249,12.203,22.56528,29.4271,23.27751,16.60747
01/09/2019,21.60122,19.53671,24.18141,19.40112,23.7859,15.19405,17.68137,25.07153,29.40119,26.39291,32.23517,38.99305,22.79105,26.77864
01/10/2019,28.65464,27.56147,36.34089,22.43675,24.47184,22.63213,17.531,19.90207,30.1163,17.43393,29.48196,56.53401,40.66536,35.76469
01/11/2019,21.82648,16.944,23.77465,20.33548,26.34717,13.29995,13.0646,20.94897,20.27797,19.96218,22.60018,26.93272,18.91506,28.18268
01/12/2019,22.68145,34.99039,34.77756,18.2194,15.52719,16.13191,18.65863,10.2278,25.41468,21.20369,22.899,27.01875,14.3145,14.45182
01/01/2020,17.87665,34.63365,29.16445,12.66871,13.78339,12.34755,13.43306,15.10406,20.63644,18.82481,19.97794,25.0145,12.94368,14.93472
01/02/2020,36.57012,33.65912,41.67106,36.46771,23.91519,11.39168,14.90547,31.12504,50.10375,22.48224,30.76033,56.9097,34.24207,33.71865
01/03/2020,12.08959,25.1798,20.8135,14.65391,7.59961,6.99424,15.4248,13.96865,20.68279,17.80519,14.74411,25.65868,10.11116,10.40346
01/04/2020,7.7527,10.80057,8.47658,12.88523,9.38552,9.20737,10.76362,2.16303,7.75766,15.4076,13.69938,13.60168,8.19717,4.4191
01/05/2020,15.16792,29.62994,16.97268,10.09321,4.46843,1.69428,3.50572,6.78396,8.16957,2.98403,4.77885,7.18245,3.10554,5.42479
01/06/2020,17.64651,28.4429,28.25396,19.67691,16.96817,26.50299,22.58207,20.22277,29.99398,15.87078,35.28279,27.53235,21.27066,21.7068
01/07/2020,22.06839,20.90646,24.59406,16.528,16.11498,11.28281,8.92742,10.15775,27.2038,11.93491,13.97539,27.00672,11.04654,22.01058
01/08/2020,37.15728,18.35154,39.56035,26.18666,24.77797,21.82742,17.26576,28.57742,32.57283,19.74342,28.65573,38.71134,30.56447,22.92059
01/09/2020,21.01651,34.67571,38.04505,15.48557,10.65,19.2276,8.07747,13.7777,22.79066,13.56757,16.55074,22.30117,9.29657,15.72954
01/10/2020,61.85146,39.35973,40.21931,28.359,21.0833,19.42279,44.85171,43.74474,40.07935,41.33798,33.28135,33.3194,34.9345,24.41463
01/11/2020,16.31692,26.07766,28.58721,17.84747,6.79534,13.20515,18.3823,9.74774,29.89157,24.18336,16.83511,25.6951,7.57373,17.88546
01/12/2020,32.35837,37.59031,32.85701,20.01134,25.46258,32.64853,19.97059,21.58247,26.81637,25.6295,27.99056,34.0267,20.52417,20.60758
